Date,Country,Region,Product_ID,Brand,Molecule,Manufacturer,ATC_Code,Therapeutic_Area,Dosage_Form,Strength,Pack_Size,Units,Standard_Units,Sales_Value,Channel,Currency,Market_Share_%,Value_Growth_%
2023-01-01,Egypt,Cairo,P0001,CardioSafe,Molecule A,Alpha Pharma,C09AA05,Cardiology,Tablet,20 mg,28,6414,13554.0,861614.94,Independent Pharmacy,EGP,17.462788362390782,
2023-01-01,Egypt,Giza,P0001,CardioSafe,Molecule A,Alpha Pharma,C09AA05,Cardiology,Tablet,20 mg,28,2274,3886.0,483018.97,Independent Pharmacy,EGP,10.844792502160935,
2023-01-01,Egypt,Alexandria,P0001,CardioSafe,Molecule A,Alpha Pharma,C09AA05,Cardiology,Tablet,20 mg,28,1909,3494.0,296247.65,Independent Pharmacy,EGP,6.572029621145586,
2023-01-01,Egypt,Delta,P0001,CardioSafe,Molecule A,Alpha Pharma,C09AA05,Cardiology,Tablet,20 mg,28,8536,11238.0,1369468.1,Hospital,EGP,15.149817434694993,
2023-01-01,Egypt,Upper Egypt,P0001,CardioSafe,Molecule A,Alpha Pharma,C09AA05,Cardiology,Tablet,20 mg,28,5132,8374.0,589598.24,Hospital,EGP,10.574025625155128,
2023-01-01,Egypt,Canal,P0001,CardioSafe,Molecule A,Alpha Pharma,C09AA05,Cardiology,Tablet,20 mg,28,1733,2348.0,171932.44,Chain Pharmacy,EGP,2.4662779539953212,
2023-01-01,Egypt,Cairo,P0002,GlucoMax,Molecule B,Beta Pharma,A10BA02,Diabetes,Tablet,500 mg,30,4586,9605.0,675144.26,Chain Pharmacy,EGP,13.6834922180701,
2023-01-01,Egypt,Giza,P0002,GlucoMax,Molecule B,Beta Pharma,A10BA02,Diabetes,Tablet,500 mg,30,973,1375.0,61041.32,Independent Pharmacy,EGP,1.3705061096420426,
2023-01-01,Egypt,Alexandria,P0002,GlucoMax,Molecule B,Beta Pharma,A10BA02,Diabetes,Tablet,500 mg,30,1749,3421.0,117528.5,Hospital,EGP,2.6072807103408553,
2023-01-01,Egypt,Delta,P0002,GlucoMax,Molecule B,Beta Pharma,A10BA02,Diabetes,Tablet,500 mg,30,3505,5521.0,720671.42,Chain Pharmacy,EGP,7.972467882532201,
2023-01-01,Egypt,Upper Egypt,P0002,GlucoMax,Molecule B,Beta Pharma,A10BA02,Diabetes,Tablet,500 mg,30,5336,10022.0,932575.19,Independent Pharmacy,EGP,16.72507359663067,
2023-01-01,Egypt,Canal,P0002,GlucoMax,Molecule B,Beta Pharma,A10BA02,Diabetes,Tablet,500 mg,30,1213,1643.0,144785.4,Independent Pharmacy,EGP,2.0768683331685063,
2023-01-01,Egypt,Cairo,P0003,Respira,Molecule C,Gamma Pharma,R03AC02,Respiratory,Inhaler,100 mcg,1,1770,2955.0,85256.93,Independent Pharmacy,EGP,1.7279455774259969,
2023-01-01,Egypt,Giza,P0003,Respira,Molecule C,Gamma Pharma,R03AC02,Respiratory,Inhaler,100 mcg,1,6719,11712.0,1094381.82,Chain Pharmacy,EGP,24.571175239840457,
2023-01-01,Egypt,Alexandria,P0003,Respira,Molecule C,Gamma Pharma,R03AC02,Respiratory,Inhaler,100 mcg,1,1441,2648.0,277812.37,Independent Pharmacy,EGP,6.163056904453613,
2023-01-01,Egypt,Delta,P0003,Respira,Molecule C,Gamma Pharma,R03AC02,Respiratory,Inhaler,100 mcg,1,4637,9162.0,505054.01,Chain Pharmacy,EGP,5.587188227429773,
2023-01-01,Egypt,Upper Egypt,P0003,Respira,Molecule C,Gamma Pharma,R03AC02,Respiratory,Inhaler,100 mcg,1,5319,10004.0,1105323.02,Chain Pharmacy,EGP,19.82318321973596,
2023-01-01,Egypt,Canal,P0003,Respira,Molecule C,Gamma Pharma,R03AC02,Respiratory,Inhaler,100 mcg,1,6363,13092.0,989353.97,Independent Pharmacy,EGP,14.191748136121074,
2023-01-01,Egypt,Cairo,P0004,PainFree,Molecule D,Delta Pharma,N02BE01,Pain,Tablet,500 mg,20,3604,7117.0,558406.46,Chain Pharmacy,EGP,11.317507831481931,
2023-01-01,Egypt,Giza,P0004,PainFree,Molecule D,Delta Pharma,N02BE01,Pain,Tablet,500 mg,20,6207,8818.0,255450.86,Independent Pharmacy,EGP,5.735409462693697,
2023-01-01,Egypt,Alexandria,P0004,PainFree,Molecule D,Delta Pharma,N02BE01,Pain,Tablet,500 mg,20,5723,7899.0,372533.81,Chain Pharmacy,EGP,8.264380271702482,
2023-01-01,Egypt,Delta,P0004,PainFree,Molecule D,Delta Pharma,N02BE01,Pain,Tablet,500 mg,20,6606,13385.0,1421336.35,Chain Pharmacy,EGP,15.723612850708784,
2023-01-01,Egypt,Upper Egypt,P0004,PainFree,Molecule D,Delta Pharma,N02BE01,Pain,Tablet,500 mg,20,2092,4129.0,345478.75,Independent Pharmacy,EGP,6.195915977372256,
2023-01-01,Egypt,Canal,P0004,PainFree,Molecule D,Delta Pharma,N02BE01,Pain,Tablet,500 mg,20,5284,10433.0,949726.51,Independent Pharmacy,EGP,13.623313633761708,
2023-01-01,Egypt,Cairo,P0005,Infecto,Molecule E,Epsilon Pharma,J01CA04,Anti-infective,Capsule,500 mg,14,6274,10706.0,658198.4,Chain Pharmacy,EGP,13.340041851716538,
2023-01-01,Egypt,Giza,P0005,Infecto,Molecule E,Epsilon Pharma,J01CA04,Anti-infective,Capsule,500 mg,14,6266,10575.0,315034.11,Hospital,EGP,7.073178831988615,
2023-01-01,Egypt,Alexandria,P0005,Infecto,Molecule E,Epsilon Pharma,J01CA04,Anti-infective,Capsule,500 mg,14,4563,7433.0,999721.5,Independent Pharmacy,EGP,22.17806389652744,
2023-01-01,Egypt,Delta,P0005,Infecto,Molecule E,Epsilon Pharma,J01CA04,Anti-infective,Capsule,500 mg,14,7864,16171.0,1394456.26,Independent Pharmacy,EGP,15.426250351992552,
2023-01-01,Egypt,Upper Egypt,P0005,Infecto,Molecule E,Epsilon Pharma,J01CA04,Anti-infective,Capsule,500 mg,14,7149,14664.0,514851.78,Chain Pharmacy,EGP,9.233500959698812,
2023-01-01,Egypt,Canal,P0005,Infecto,Molecule E,Epsilon Pharma,J01CA04,Anti-infective,Capsule,500 mg,14,8772,13488.0,1033758.04,Chain Pharmacy,EGP,14.82870052805284,
2023-01-01,Egypt,Cairo,P0006,NeuroCalm,Molecule F,Zeta Pharma,N06AB10,CNS,Tablet,20 mg,28,3162,4600.0,341129.19,Independent Pharmacy,EGP,6.913838853820008,
2023-01-01,Egypt,Giza,P0006,NeuroCalm,Molecule F,Zeta Pharma,N06AB10,CNS,Tablet,20 mg,28,1728,3158.0,146053.95,Independent Pharmacy,EGP,3.279218581976166,
2023-01-01,Egypt,Alexandria,P0006,NeuroCalm,Molecule F,Zeta Pharma,N06AB10,CNS,Tablet,20 mg,28,6498,12276.0,371182.65,Independent Pharmacy,EGP,8.234405811000746,
2023-01-01,Egypt,Delta,P0006,NeuroCalm,Molecule F,Zeta Pharma,N06AB10,CNS,Tablet,20 mg,28,5003,8765.0,644453.9,Independent Pharmacy,EGP,7.129307305571545,
2023-01-01,Egypt,Upper Egypt,P0006,NeuroCalm,Molecule F,Zeta Pharma,N06AB10,CNS,Tablet,20 mg,28,3147,4465.0,122703.47,Independent Pharmacy,EGP,2.200599574509336,
2023-01-01,Egypt,Canal,P0006,NeuroCalm,Molecule F,Zeta Pharma,N06AB10,CNS,Tablet,20 mg,28,2194,4752.0,177698.29,Hospital,EGP,2.548985956865774,
2023-01-01,Egypt,Cairo,P0007,ArthroRelief,Molecule G,Eta Pharma,M01AE01,Musculoskeletal,Tablet,400 mg,30,6940,14907.0,396785.86,Independent Pharmacy,EGP,8.041860901772687,
2023-01-01,Egypt,Giza,P0007,ArthroRelief,Molecule G,Eta Pharma,M01AE01,Musculoskeletal,Tablet,400 mg,30,2388,3684.0,455226.72,Chain Pharmacy,EGP,10.220797994412758,
2023-01-01,Egypt,Alexandria,P0007,ArthroRelief,Molecule G,Eta Pharma,M01AE01,Musculoskeletal,Tablet,400 mg,30,4547,7505.0,902894.62,Chain Pharmacy,EGP,20.030032938364197,
2023-01-01,Egypt,Delta,P0007,ArthroRelief,Molecule G,Eta Pharma,M01AE01,Musculoskeletal,Tablet,400 mg,30,1329,1983.0,253705.11,Chain Pharmacy,EGP,2.8066269661551155,
2023-01-01,Egypt,Upper Egypt,P0007,ArthroRelief,Molecule G,Eta Pharma,M01AE01,Musculoskeletal,Tablet,400 mg,30,4310,7140.0,667275.82,Hospital,EGP,11.967117845749337,
2023-01-01,Egypt,Canal,P0007,ArthroRelief,Molecule G,Eta Pharma,M01AE01,Musculoskeletal,Tablet,400 mg,30,5202,8730.0,758872.14,Chain Pharmacy,EGP,10.885610817733122,
2023-01-01,Egypt,Cairo,P0008,Dermacare,Molecule H,Theta Pharma,D07AC01,Dermatology,Cream,0.05%,1,5054,10795.0,597906.3,Hospital,EGP,12.118071185534612,
2023-01-01,Egypt,Giza,P0008,Dermacare,Molecule H,Theta Pharma,D07AC01,Dermatology,Cream,0.05%,1,5479,7670.0,585051.9,Chain Pharmacy,EGP,13.1356465326714,
2023-01-01,Egypt,Alexandria,P0008,Dermacare,Molecule H,Theta Pharma,D07AC01,Dermatology,Cream,0.05%,1,3820,8229.0,620653.75,Hospital,EGP,13.768733117292534,
2023-01-01,Egypt,Delta,P0008,Dermacare,Molecule H,Theta Pharma,D07AC01,Dermatology,Cream,0.05%,1,4357,5859.0,747959.62,Chain Pharmacy,EGP,8.274345120944284,
2023-01-01,Egypt,Upper Egypt,P0008,Dermacare,Molecule H,Theta Pharma,D07AC01,Dermatology,Cream,0.05%,1,2881,5097.0,342036.82,Chain Pharmacy,EGP,6.134187407727968,
2023-01-01,Egypt,Canal,P0008,Dermacare,Molecule H,Theta Pharma,D07AC01,Dermatology,Cream,0.05%,1,2555,3997.0,400729.9,Hospital,EGP,5.748253894824908,
2023-01-01,Egypt,Cairo,P0009,LipiControl,Molecule I,Iota Pharma,C10AA01,Cardiovascular,Tablet,20 mg,30,3144,6242.0,287242.76,Independent Pharmacy,EGP,5.821695160612013,
2023-01-01,Egypt,Giza,P0009,LipiControl,Molecule I,Iota Pharma,C10AA01,Cardiovascular,Tablet,20 mg,30,987,1664.0,142693.82,Hospital,EGP,3.2037765913017915,
2023-01-01,Egypt,Alexandria,P0009,LipiControl,Molecule I,Iota Pharma,C10AA01,Cardiovascular,Tablet,20 mg,30,6212,11429.0,236098.42,Independent Pharmacy,EGP,5.237664534201947,
2023-01-01,Egypt,Delta,P0009,LipiControl,Molecule I,Iota Pharma,C10AA01,Cardiovascular,Tablet,20 mg,30,8273,13274.0,919848.08,Independent Pharmacy,EGP,10.175870821419435,
2023-01-01,Egypt,Upper Egypt,P0009,LipiControl,Molecule I,Iota Pharma,C10AA01,Cardiovascular,Tablet,20 mg,30,5989,8911.0,774578.63,Hospital,EGP,13.891517522707586,
2023-01-01,Egypt,Canal,P0009,LipiControl,Molecule I,Iota Pharma,C10AA01,Cardiovascular,Tablet,20 mg,30,7520,11833.0,1522243.41,Independent Pharmacy,EGP,21.835759224365457,
2023-01-01,Egypt,Cairo,P0010,GastroEase,Molecule J,Kappa Pharma,A02BC02,Gastrointestinal,Capsule,40 mg,14,7607,12469.0,472320.41,Chain Pharmacy,EGP,9.572758057175337,
2023-01-01,Egypt,Giza,P0010,GastroEase,Molecule J,Kappa Pharma,A02BC02,Gastrointestinal,Capsule,40 mg,14,5964,11295.0,915971.95,Hospital,EGP,20.565498153312138,
2023-01-01,Egypt,Alexandria,P0010,GastroEase,Molecule J,Kappa Pharma,A02BC02,Gastrointestinal,Capsule,40 mg,14,7483,11131.0,313030.85,Independent Pharmacy,EGP,6.944352194970596,
2023-01-01,Egypt,Delta,P0010,GastroEase,Molecule J,Kappa Pharma,A02BC02,Gastrointestinal,Capsule,40 mg,14,5408,9607.0,1062549.48,Independent Pharmacy,EGP,11.754513038551316,
2023-01-01,Egypt,Upper Egypt,P0010,GastroEase,Molecule J,Kappa Pharma,A02BC02,Gastrointestinal,Capsule,40 mg,14,1884,3696.0,181489.11,Hospital,EGP,3.2548782707129478,
2023-01-01,Egypt,Canal,P0010,GastroEase,Molecule J,Kappa Pharma,A02BC02,Gastrointestinal,Capsule,40 mg,14,4934,8373.0,822232.54,Hospital,EGP,11.794481521111292,
2023-02-01,Egypt,Cairo,P0001,CardioSafe,Molecule A,Alpha Pharma,C09AA05,Cardiology,Tablet,20 mg,28,923,1815.0,71641.69,Chain Pharmacy,EGP,1.221171158356305,-91.68518479960433
2023-02-01,Egypt,Giza,P0001,CardioSafe,Molecule A,Alpha Pharma,C09AA05,Cardiology,Tablet,20 mg,28,1298,2019.0,204923.48,Hospital,EGP,2.50998736186727,-57.57444474696304
2023-02-01,Egypt,Alexandria,P0001,CardioSafe,Molecule A,Alpha Pharma,C09AA05,Cardiology,Tablet,20 mg,28,7734,13298.0,970159.34,Independent Pharmacy,EGP,10.574179688318692,227.48254374338495
2023-02-01,Egypt,Delta,P0001,CardioSafe,Molecule A,Alpha Pharma,C09AA05,Cardiology,Tablet,20 mg,28,2512,3455.0,141514.11,Chain Pharmacy,EGP,2.737275914892089,-89.66649095367757
2023-02-01,Egypt,Upper Egypt,P0001,CardioSafe,Molecule A,Alpha Pharma,C09AA05,Cardiology,Tablet,20 mg,28,3150,6672.0,147047.68,Chain Pharmacy,EGP,4.280622537220461,-75.05968131790895
2023-02-01,Egypt,Canal,P0001,CardioSafe,Molecule A,Alpha Pharma,C09AA05,Cardiology,Tablet,20 mg,28,7062,13467.0,333669.13,Independent Pharmacy,EGP,4.43215416724536,94.06990908754625
2023-02-01,Egypt,Cairo,P0002,GlucoMax,Molecule B,Beta Pharma,A10BA02,Diabetes,Tablet,500 mg,30,4682,6767.0,912574.16,Hospital,EGP,15.555317637722279,35.167284100141806
2023-02-01,Egypt,Giza,P0002,GlucoMax,Molecule B,Beta Pharma,A10BA02,Diabetes,Tablet,500 mg,30,7692,10125.0,1530066.33,Independent Pharmacy,EGP,18.740883919786235,2406.6075405970905
2023-02-01,Egypt,Alexandria,P0002,GlucoMax,Molecule B,Beta Pharma,A10BA02,Diabetes,Tablet,500 mg,30,4632,9482.0,702900.85,Chain Pharmacy,EGP,7.661215621520423,498.06842595625744
2023-02-01,Egypt,Delta,P0002,GlucoMax,Molecule B,Beta Pharma,A10BA02,Diabetes,Tablet,500 mg,30,2981,6196.0,132599.74,Hospital,EGP,2.5648472411899643,-81.60052746368103
2023-02-01,Egypt,Upper Egypt,P0002,GlucoMax,Molecule B,Beta Pharma,A10BA02,Diabetes,Tablet,500 mg,30,820,1116.0,125124.54,Independent Pharmacy,EGP,3.6424303048055098,-86.58290062380922
2023-02-01,Egypt,Canal,P0002,GlucoMax,Molecule B,Beta Pharma,A10BA02,Diabetes,Tablet,500 mg,30,3622,7363.0,669992.68,Hospital,EGP,8.899567211044927,362.7487854438362
2023-02-01,Egypt,Cairo,P0003,Respira,Molecule C,Gamma Pharma,R03AC02,Respiratory,Inhaler,100 mcg,1,1857,2421.0,112418.94,Independent Pharmacy,EGP,1.9162413279333297,31.8590054790854
2023-02-01,Egypt,Giza,P0003,Respira,Molecule C,Gamma Pharma,R03AC02,Respiratory,Inhaler,100 mcg,1,8443,15727.0,1420326.55,Hospital,EGP,17.396745801040183,29.78345619813019
2023-02-01,Egypt,Alexandria,P0003,Respira,Molecule C,Gamma Pharma,R03AC02,Respiratory,Inhaler,100 mcg,1,7837,10476.0,1157609.68,Hospital,EGP,12.61728075024985,316.6875938605614
2023-02-01,Egypt,Delta,P0003,Respira,Molecule C,Gamma Pharma,R03AC02,Respiratory,Inhaler,100 mcg,1,6824,9016.0,819080.05,Independent Pharmacy,EGP,15.843283000074043,62.17672442596785
2023-02-01,Egypt,Upper Egypt,P0003,Respira,Molecule C,Gamma Pharma,R03AC02,Respiratory,Inhaler,100 mcg,1,5245,10803.0,192696.89,Hospital,EGP,5.609491086063325,-82.56646369312021
2023-02-01,Egypt,Canal,P0003,Respira,Molecule C,Gamma Pharma,R03AC02,Respiratory,Inhaler,100 mcg,1,1997,4046.0,363983.17,Independent Pharmacy,EGP,4.834818023838993,-63.21001572369494
2023-02-01,Egypt,Cairo,P0004,PainFree,Molecule D,Delta Pharma,N02BE01,Pain,Tablet,500 mg,20,1241,2142.0,150460.51,Hospital,EGP,2.5646803597679004,-73.05537797682355
2023-02-01,Egypt,Giza,P0004,PainFree,Molecule D,Delta Pharma,N02BE01,Pain,Tablet,500 mg,20,8589,11210.0,332593.91,Chain Pharmacy,EGP,4.073747482396942,30.19878265432341
2023-02-01,Egypt,Alexandria,P0004,PainFree,Molecule D,Delta Pharma,N02BE01,Pain,Tablet,500 mg,20,6636,12431.0,587448.87,Independent Pharmacy,EGP,6.402855338257907,57.69008187471629
2023-02-01,Egypt,Delta,P0004,PainFree,Molecule D,Delta Pharma,N02BE01,Pain,Tablet,500 mg,20,7707,10694.0,1560790.27,Hospital,EGP,30.190018608525477,9.811465104653095
2023-02-01,Egypt,Upper Egypt,P0004,PainFree,Molecule D,Delta Pharma,N02BE01,Pain,Tablet,500 mg,20,4636,7864.0,989046.32,Hospital,EGP,28.791572690891552,186.28282347322374
2023-02-01,Egypt,Canal,P0004,PainFree,Molecule D,Delta Pharma,N02BE01,Pain,Tablet,500 mg,20,8625,13434.0,1042379.87,Independent Pharmacy,EGP,13.846016515442038,9.755793802154678
2023-02-01,Egypt,Cairo,P0005,Infecto,Molecule E,Epsilon Pharma,J01CA04,Anti-infective,Capsule,500 mg,14,8611,18099.0,1677973.43,Independent Pharmacy,EGP,28.601960076656507,154.93429184877994
2023-02-01,Egypt,Giza,P0005,Infecto,Molecule E,Epsilon Pharma,J01CA04,Anti-infective,Capsule,500 mg,14,8598,13193.0,1308558.31,Hospital,EGP,16.027762267000316,315.37035783204556
2023-02-01,Egypt,Alexandria,P0005,Infecto,Molecule E,Epsilon Pharma,J01CA04,Anti-infective,Capsule,500 mg,14,7584,10553.0,1626037.62,Hospital,EGP,17.72287629972832,62.64905976314405
2023-02-01,Egypt,Delta,P0005,Infecto,Molecule E,Epsilon Pharma,J01CA04,Anti-infective,Capsule,500 mg,14,2631,5296.0,114772.28,Independent Pharmacy,EGP,2.2200146525406623,-91.76938830623487
2023-02-01,Egypt,Upper Egypt,P0005,Infecto,Molecule E,Epsilon Pharma,J01CA04,Anti-infective,Capsule,500 mg,14,8503,16145.0,364375.98,Independent Pharmacy,EGP,10.607144784669789,-29.2270136465295
2023-02-01,Egypt,Canal,P0005,Infecto,Molecule E,Epsilon Pharma,J01CA04,Anti-infective,Capsule,500 mg,14,5384,8571.0,475012.38,Chain Pharmacy,EGP,6.30962804233684,-54.049945768741004
2023-02-01,Egypt,Cairo,P0006,NeuroCalm,Molecule F,Zeta Pharma,N06AB10,CNS,Tablet,20 mg,28,4200,6537.0,273654.5,Independent Pharmacy,EGP,4.6645882132933405,-19.77980541624128
2023-02-01,Egypt,Giza,P0006,NeuroCalm,Molecule F,Zeta Pharma,N06AB10,CNS,Tablet,20 mg,28,8022,12517.0,1397007.09,Independent Pharmacy,EGP,17.11111943023304,856.5007245610269
2023-02-01,Egypt,Alexandria,P0006,NeuroCalm,Molecule F,Zeta Pharma,N06AB10,CNS,Tablet,20 mg,28,8875,12403.0,984857.52,Hospital,EGP,10.73438140983307,165.32962141414745
2023-02-01,Egypt,Delta,P0006,NeuroCalm,Molecule F,Zeta Pharma,N06AB10,CNS,Tablet,20 mg,28,6293,10927.0,694275.05,Chain Pharmacy,EGP,13.429207678835,7.730754674616769
2023-02-01,Egypt,Upper Egypt,P0006,NeuroCalm,Molecule F,Zeta Pharma,N06AB10,CNS,Tablet,20 mg,28,7042,15297.0,297772.64,Hospital,EGP,8.668292310029203,142.67662520057502
2023-02-01,Egypt,Canal,P0006,NeuroCalm,Molecule F,Zeta Pharma,N06AB10,CNS,Tablet,20 mg,28,8470,13444.0,1293514.71,Chain Pharmacy,EGP,17.18186100200421,627.9274944063895
2023-02-01,Egypt,Cairo,P0007,ArthroRelief,Molecule G,Eta Pharma,M01AE01,Musculoskeletal,Tablet,400 mg,30,5476,10418.0,264203.56,Chain Pharmacy,EGP,4.503491855190176,-33.41406873722767
2023-02-01,Egypt,Giza,P0007,ArthroRelief,Molecule G,Eta Pharma,M01AE01,Musculoskeletal,Tablet,400 mg,30,7186,11657.0,589717.12,Independent Pharmacy,EGP,7.223098681892208,29.543608512259567
2023-02-01,Egypt,Alexandria,P0007,ArthroRelief,Molecule G,Eta Pharma,M01AE01,Musculoskeletal,Tablet,400 mg,30,4801,7749.0,904564.78,Chain Pharmacy,EGP,9.859236652243606,0.18497839758975232
2023-02-01,Egypt,Delta,P0007,ArthroRelief,Molecule G,Eta Pharma,M01AE01,Musculoskeletal,Tablet,400 mg,30,3298,4854.0,347046.19,Hospital,EGP,6.712837166852576,36.79117066266424
2023-02-01,Egypt,Upper Egypt,P0007,ArthroRelief,Molecule G,Eta Pharma,M01AE01,Musculoskeletal,Tablet,400 mg,30,1571,2406.0,261068.05,Hospital,EGP,7.599805577199166,-60.875541691290415
2023-02-01,Egypt,Canal,P0007,ArthroRelief,Molecule G,Eta Pharma,M01AE01,Musculoskeletal,Tablet,400 mg,30,4737,6637.0,403291.61,Hospital,EGP,5.356955226504144,-46.85644804406708
2023-02-01,Egypt,Cairo,P0008,Dermacare,Molecule H,Theta Pharma,D07AC01,Dermatology,Cream,0.05%,1,8231,12209.0,710119.18,Chain Pharmacy,EGP,12.10436355719176,18.76763633365295
2023-02-01,Egypt,Giza,P0008,Dermacare,Molecule H,Theta Pharma,D07AC01,Dermatology,Cream,0.05%,1,6855,9190.0,846749.82,Chain Pharmacy,EGP,10.371341277550945,44.73071876187393
2023-02-01,Egypt,Alexandria,P0008,Dermacare,Molecule H,Theta Pharma,D07AC01,Dermatology,Cream,0.05%,1,7083,15061.0,1160923.38,Independent Pharmacy,EGP,12.653398177345053,87.04847590141844
2023-02-01,Egypt,Delta,P0008,Dermacare,Molecule H,Theta Pharma,D07AC01,Dermatology,Cream,0.05%,1,4825,9527.0,546278.66,Independent Pharmacy,EGP,10.566546465490436,-26.964150818730026
2023-02-01,Egypt,Upper Egypt,P0008,Dermacare,Molecule H,Theta Pharma,D07AC01,Dermatology,Cream,0.05%,1,3459,7450.0,652881.43,Chain Pharmacy,EGP,19.00566512433738,90.88045257817565
2023-02-01,Egypt,Canal,P0008,Dermacare,Molecule H,Theta Pharma,D07AC01,Dermatology,Cream,0.05%,1,7027,11959.0,1377332.57,Hospital,EGP,18.295220447298384,243.7059650402927
2023-02-01,Egypt,Cairo,P0009,LipiControl,Molecule I,Iota Pharma,C10AA01,Cardiovascular,Tablet,20 mg,30,7570,13262.0,1200575.1,Independent Pharmacy,EGP,20.464448641018052,317.9653126853398
2023-02-01,Egypt,Giza,P0009,LipiControl,Molecule I,Iota Pharma,C10AA01,Cardiovascular,Tablet,20 mg,30,6873,14900.0,272781.43,Independent Pharmacy,EGP,3.34113954073043,91.16555293004278
2023-02-01,Egypt,Alexandria,P0009,LipiControl,Molecule I,Iota Pharma,C10AA01,Cardiovascular,Tablet,20 mg,30,4534,6848.0,617196.68,Independent Pharmacy,EGP,6.727089384465167,161.41499803344726
2023-02-01,Egypt,Delta,P0009,LipiControl,Molecule I,Iota Pharma,C10AA01,Cardiovascular,Tablet,20 mg,30,2024,4046.0,160866.67,Hospital,EGP,3.111608173205441,-82.5116045249559
2023-02-01,Egypt,Upper Egypt,P0009,LipiControl,Molecule I,Iota Pharma,C10AA01,Cardiovascular,Tablet,20 mg,30,1647,3205.0,193781.59,Hospital,EGP,5.641067179383008,-74.98232167856219
2023-02-01,Egypt,Canal,P0009,LipiControl,Molecule I,Iota Pharma,C10AA01,Cardiovascular,Tablet,20 mg,30,7905,14552.0,1258852.74,Independent Pharmacy,EGP,16.721443237914276,-17.302795878091526
2023-02-01,Egypt,Cairo,P0010,GastroEase,Molecule J,Kappa Pharma,A02BC02,Gastrointestinal,Capsule,40 mg,14,3974,6235.0,493016.83,Independent Pharmacy,EGP,8.403737172870342,4.381860186816833
2023-02-01,Egypt,Giza,P0010,GastroEase,Molecule J,Kappa Pharma,A02BC02,Gastrointestinal,Capsule,40 mg,14,8344,16407.0,261599.14,Independent Pharmacy,EGP,3.2041742375024405,-71.44026735753208
2023-02-01,Egypt,Alexandria,P0010,GastroEase,Molecule J,Kappa Pharma,A02BC02,Gastrointestinal,Capsule,40 mg,14,6622,12887.0,463096.57,Chain Pharmacy,EGP,5.047486678037914,47.93959445211231
2023-02-01,Egypt,Delta,P0010,GastroEase,Molecule J,Kappa Pharma,A02BC02,Gastrointestinal,Capsule,40 mg,14,8450,11163.0,652665.38,Chain Pharmacy,EGP,12.62436109839431,-38.575530619054085
2023-02-01,Egypt,Upper Egypt,P0010,GastroEase,Molecule J,Kappa Pharma,A02BC02,Gastrointestinal,Capsule,40 mg,14,1132,2093.0,211398.68,Chain Pharmacy,EGP,6.153908405400591,16.480090733818685
2023-02-01,Egypt,Canal,P0010,GastroEase,Molecule J,Kappa Pharma,A02BC02,Gastrointestinal,Capsule,40 mg,14,4158,6561.0,310344.87,Hospital,EGP,4.122336126370814,-62.255827287010554
2023-03-01,Egypt,Cairo,P0001,CardioSafe,Molecule A,Alpha Pharma,C09AA05,Cardiology,Tablet,20 mg,28,5062,7353.0,166328.67,Chain Pharmacy,EGP,2.8352014741079157,132.16742932781182
2023-03-01,Egypt,Giza,P0001,CardioSafe,Molecule A,Alpha Pharma,C09AA05,Cardiology,Tablet,20 mg,28,5364,10072.0,978150.71,Hospital,EGP,12.230593597497025,377.32485803969365
2023-03-01,Egypt,Alexandria,P0001,CardioSafe,Molecule A,Alpha Pharma,C09AA05,Cardiology,Tablet,20 mg,28,8815,18520.0,765330.85,Chain Pharmacy,EGP,9.019457836163273,-21.1128710052928
2023-03-01,Egypt,Delta,P0001,CardioSafe,Molecule A,Alpha Pharma,C09AA05,Cardiology,Tablet,20 mg,28,8986,12404.0,843445.38,Chain Pharmacy,EGP,13.28579523901499,496.0150404790025
2023-03-01,Egypt,Upper Egypt,P0001,CardioSafe,Molecule A,Alpha Pharma,C09AA05,Cardiology,Tablet,20 mg,28,8840,19219.0,749158.45,Independent Pharmacy,EGP,12.66973036114333,409.4663513222378
2023-03-01,Egypt,Canal,P0001,CardioSafe,Molecule A,Alpha Pharma,C09AA05,Cardiology,Tablet,20 mg,28,8356,11860.0,1240676.12,Independent Pharmacy,EGP,17.90985751474878,271.82825992922994
2023-03-01,Egypt,Cairo,P0002,GlucoMax,Molecule B,Beta Pharma,A10BA02,Diabetes,Tablet,500 mg,30,5170,7294.0,743737.58,Chain Pharmacy,EGP,12.677585188202691,-18.501135294034633
2023-03-01,Egypt,Giza,P0002,GlucoMax,Molecule B,Beta Pharma,A10BA02,Diabetes,Tablet,500 mg,30,6080,12753.0,593779.26,Chain Pharmacy,EGP,7.424492710006336,-61.19258045499243
2023-03-01,Egypt,Alexandria,P0002,GlucoMax,Molecule B,Beta Pharma,A10BA02,Diabetes,Tablet,500 mg,30,5176,10254.0,626486.0,Independent Pharmacy,EGP,7.383165152622014,-10.871355469267108
2023-03-01,Egypt,Delta,P0002,GlucoMax,Molecule B,Beta Pharma,A10BA02,Diabetes,Tablet,500 mg,30,7656,15828.0,321051.81,Hospital,EGP,5.057148583557532,142.12099510904022
2023-03-01,Egypt,Upper Egypt,P0002,GlucoMax,Molecule B,Beta Pharma,A10BA02,Diabetes,Tablet,500 mg,30,6591,8707.0,206714.22,Hospital,EGP,3.495940584016722,65.20677718375629
2023-03-01,Egypt,Canal,P0002,GlucoMax,Molecule B,Beta Pharma,A10BA02,Diabetes,Tablet,500 mg,30,2523,4832.0,99141.13,Independent Pharmacy,EGP,1.4311579658284916,-85.20265475139222
2023-03-01,Egypt,Cairo,P0003,Respira,Molecule C,Gamma Pharma,R03AC02,Respiratory,Inhaler,100 mcg,1,3750,6244.0,443408.98,Independent Pharmacy,EGP,7.558250743715362,294.42551228467374
2023-03-01,Egypt,Giza,P0003,Respira,Molecule C,Gamma Pharma,R03AC02,Respiratory,Inhaler,100 mcg,1,7624,14507.0,583615.62,Independent Pharmacy,EGP,7.297408663508772,-58.90975775958
2023-03-01,Egypt,Alexandria,P0003,Respira,Molecule C,Gamma Pharma,R03AC02,Respiratory,Inhaler,100 mcg,1,5380,8518.0,969876.59,Hospital,EGP,11.430038407293805,-16.217304782731258
2023-03-01,Egypt,Delta,P0003,Respira,Molecule C,Gamma Pharma,R03AC02,Respiratory,Inhaler,100 mcg,1,4199,9172.0,430328.58,Hospital,EGP,6.778456003133339,-47.461962966867524
2023-03-01,Egypt,Upper Egypt,P0003,Respira,Molecule C,Gamma Pharma,R03AC02,Respiratory,Inhaler,100 mcg,1,5045,9631.0,962306.1,Chain Pharmacy,EGP,16.274472792616077,399.3884955797677
2023-03-01,Egypt,Canal,P0003,Respira,Molecule C,Gamma Pharma,R03AC02,Respiratory,Inhaler,100 mcg,1,3364,6725.0,597756.55,Chain Pharmacy,EGP,8.62895196129656,64.22642563391052
2023-03-01,Egypt,Cairo,P0004,PainFree,Molecule D,Delta Pharma,N02BE01,Pain,Tablet,500 mg,20,8850,17311.0,1172069.3,Independent Pharmacy,EGP,19.97883231505809,678.987988276791
2023-03-01,Egypt,Giza,P0004,PainFree,Molecule D,Delta Pharma,N02BE01,Pain,Tablet,500 mg,20,3654,6470.0,556028.83,Independent Pharmacy,EGP,6.952469163184231,67.17949826561767
2023-03-01,Egypt,Alexandria,P0004,PainFree,Molecule D,Delta Pharma,N02BE01,Pain,Tablet,500 mg,20,6690,10917.0,1055054.6,Chain Pharmacy,EGP,12.433865013477648,79.59939219901813
2023-03-01,Egypt,Delta,P0004,PainFree,Molecule D,Delta Pharma,N02BE01,Pain,Tablet,500 mg,20,3201,4837.0,281375.88,Chain Pharmacy,EGP,4.432180690678099,-81.97221718969328
2023-03-01,Egypt,Upper Egypt,P0004,PainFree,Molecule D,Delta Pharma,N02BE01,Pain,Tablet,500 mg,20,2873,4085.0,310775.03,Chain Pharmacy,EGP,5.255811815345912,-68.57831390545995
2023-03-01,Egypt,Canal,P0004,PainFree,Molecule D,Delta Pharma,N02BE01,Pain,Tablet,500 mg,20,6768,14805.0,1272934.81,Hospital,EGP,18.375529846309778,22.118130504573163
2023-03-01,Egypt,Cairo,P0005,Infecto,Molecule E,Epsilon Pharma,J01CA04,Anti-infective,Capsule,500 mg,14,2797,4684.0,168743.21,Hospital,EGP,2.8763591853268684,-89.94363039467198
2023-03-01,Egypt,Giza,P0005,Infecto,Molecule E,Epsilon Pharma,J01CA04,Anti-infective,Capsule,500 mg,14,7207,12905.0,1454392.02,Chain Pharmacy,EGP,18.18541615950242,11.144609215007018
2023-03-01,Egypt,Alexandria,P0005,Infecto,Molecule E,Epsilon Pharma,J01CA04,Anti-infective,Capsule,500 mg,14,4206,6632.0,777208.93,Chain Pharmacy,EGP,9.159441533063216,-52.20227869020644
2023-03-01,Egypt,Delta,P0005,Infecto,Molecule E,Epsilon Pharma,J01CA04,Anti-infective,Capsule,500 mg,14,1850,3752.0,269998.56,Chain Pharmacy,EGP,4.252967255554713,135.24718686428466
2023-03-01,Egypt,Upper Egypt,P0005,Infecto,Molecule E,Epsilon Pharma,J01CA04,Anti-infective,Capsule,500 mg,14,4491,7157.0,263329.32,Chain Pharmacy,EGP,4.453412332976059,-27.731427302096034
2023-03-01,Egypt,Canal,P0005,Infecto,Molecule E,Epsilon Pharma,J01CA04,Anti-infective,Capsule,500 mg,14,2883,4216.0,606442.54,Independent Pharmacy,EGP,8.754339111711392,27.668786232476727
2023-03-01,Egypt,Cairo,P0006,NeuroCalm,Molecule F,Zeta Pharma,N06AB10,CNS,Tablet,20 mg,28,7151,12611.0,1053317.69,Independent Pharmacy,EGP,17.95461881221045,284.9078637479011
2023-03-01,Egypt,Giza,P0006,NeuroCalm,Molecule F,Zeta Pharma,N06AB10,CNS,Tablet,20 mg,28,5824,11212.0,204142.36,Independent Pharmacy,EGP,2.5525537278339576,-85.38716363994975
2023-03-01,Egypt,Alexandria,P0006,NeuroCalm,Molecule F,Zeta Pharma,N06AB10,CNS,Tablet,20 mg,28,8409,14791.0,1728965.86,Independent Pharmacy,EGP,20.37593894775805,75.55492290905185
2023-03-01,Egypt,Delta,P0006,NeuroCalm,Molecule F,Zeta Pharma,N06AB10,CNS,Tablet,20 mg,28,6990,9856.0,495493.55,Independent Pharmacy,EGP,7.804922528062972,-28.631520029417747
2023-03-01,Egypt,Upper Egypt,P0006,NeuroCalm,Molecule F,Zeta Pharma,N06AB10,CNS,Tablet,20 mg,28,1349,2223.0,247862.07,Hospital,EGP,4.191830972012442,-16.76130150842603
2023-03-01,Egypt,Canal,P0006,NeuroCalm,Molecule F,Zeta Pharma,N06AB10,CNS,Tablet,20 mg,28,7491,16450.0,996645.36,Hospital,EGP,14.387136257878087,-22.95059713700511
2023-03-01,Egypt,Cairo,P0007,ArthroRelief,Molecule G,Eta Pharma,M01AE01,Musculoskeletal,Tablet,400 mg,30,7136,15330.0,625121.3,Hospital,EGP,10.655678490402504,136.60593369748693
2023-03-01,Egypt,Giza,P0007,ArthroRelief,Molecule G,Eta Pharma,M01AE01,Musculoskeletal,Tablet,400 mg,30,6830,13425.0,1077386.52,Independent Pharmacy,EGP,13.471417583024195,82.69547948684277
2023-03-01,Egypt,Alexandria,P0007,ArthroRelief,Molecule G,Eta Pharma,M01AE01,Musculoskeletal,Tablet,400 mg,30,1098,2391.0,181445.38,Independent Pharmacy,EGP,2.138341809266702,-79.94114031280326
2023-03-01,Egypt,Delta,P0007,ArthroRelief,Molecule G,Eta Pharma,M01AE01,Musculoskeletal,Tablet,400 mg,30,8804,15007.0,962123.2,Chain Pharmacy,EGP,15.155186255102688,177.23203069885307
2023-03-01,Egypt,Upper Egypt,P0007,ArthroRelief,Molecule G,Eta Pharma,M01AE01,Musculoskeletal,Tablet,400 mg,30,1846,2788.0,101126.92,Hospital,EGP,1.710253429902463,-61.26415315853472
2023-03-01,Egypt,Canal,P0007,ArthroRelief,Molecule G,Eta Pharma,M01AE01,Musculoskeletal,Tablet,400 mg,30,3675,6285.0,633292.66,Independent Pharmacy,EGP,9.141935693689538,57.030953359034676
2023-03-01,Egypt,Cairo,P0008,Dermacare,Molecule H,Theta Pharma,D07AC01,Dermatology,Cream,0.05%,1,6378,13543.0,440698.36,Independent Pharmacy,EGP,7.51204611874153,-37.94022575196463
2023-03-01,Egypt,Giza,P0008,Dermacare,Molecule H,Theta Pharma,D07AC01,Dermatology,Cream,0.05%,1,8628,18086.0,1778032.2,Chain Pharmacy,EGP,22.232145843316466,109.9831801558576
2023-03-01,Egypt,Alexandria,P0008,Dermacare,Molecule H,Theta Pharma,D07AC01,Dermatology,Cream,0.05%,1,5201,8056.0,829880.03,Independent Pharmacy,EGP,9.780172770585315,-28.515520981238218
2023-03-01,Egypt,Delta,P0008,Dermacare,Molecule H,Theta Pharma,D07AC01,Dermatology,Cream,0.05%,1,2089,3158.0,390859.04,Hospital,EGP,6.156739127266271,-28.450611634728705
2023-03-01,Egypt,Upper Egypt,P0008,Dermacare,Molecule H,Theta Pharma,D07AC01,Dermatology,Cream,0.05%,1,7871,14473.0,825981.6,Chain Pharmacy,EGP,13.968959644339254,26.51326290594602
2023-03-01,Egypt,Canal,P0008,Dermacare,Molecule H,Theta Pharma,D07AC01,Dermatology,Cream,0.05%,1,3871,7241.0,526542.37,Chain Pharmacy,EGP,7.600935224076154,-61.77086192044381
2023-03-01,Egypt,Cairo,P0009,LipiControl,Molecule I,Iota Pharma,C10AA01,Cardiovascular,Tablet,20 mg,30,3145,6816.0,517307.77,Hospital,EGP,8.817913063763923,-56.911669249179
2023-03-01,Egypt,Giza,P0009,LipiControl,Molecule I,Iota Pharma,C10AA01,Cardiovascular,Tablet,20 mg,30,7790,12683.0,414672.77,Independent Pharmacy,EGP,5.184982307908724,52.01649540439759
2023-03-01,Egypt,Alexandria,P0009,LipiControl,Molecule I,Iota Pharma,C10AA01,Cardiovascular,Tablet,20 mg,30,6834,13835.0,696815.7,Independent Pharmacy,EGP,8.2120037702996,12.90010503620984
2023-03-01,Egypt,Delta,P0009,LipiControl,Molecule I,Iota Pharma,C10AA01,Cardiovascular,Tablet,20 mg,30,8325,15787.0,772571.7,Chain Pharmacy,EGP,12.169406172641214,380.255916281477
2023-03-01,Egypt,Upper Egypt,P0009,LipiControl,Molecule I,Iota Pharma,C10AA01,Cardiovascular,Tablet,20 mg,30,7782,10967.0,1638244.76,Chain Pharmacy,EGP,27.70591371525739,745.4078429225398
2023-03-01,Egypt,Canal,P0009,LipiControl,Molecule I,Iota Pharma,C10AA01,Cardiovascular,Tablet,20 mg,30,8397,15966.0,333461.44,Hospital,EGP,4.813703416055875,-73.5106871992033
2023-03-01,Egypt,Cairo,P0010,GastroEase,Molecule J,Kappa Pharma,A02BC02,Gastrointestinal,Capsule,40 mg,14,8076,11141.0,535822.71,Independent Pharmacy,EGP,9.133514608470673,8.682437879453309
2023-03-01,Egypt,Giza,P0010,GastroEase,Molecule J,Kappa Pharma,A02BC02,Gastrointestinal,Capsule,40 mg,14,6301,8819.0,357373.19,Independent Pharmacy,EGP,4.468520244217875,36.610995739511985
2023-03-01,Egypt,Alexandria,P0010,GastroEase,Molecule J,Kappa Pharma,A02BC02,Gastrointestinal,Capsule,40 mg,14,5450,8882.0,854267.04,Independent Pharmacy,EGP,10.067574759470373,84.46844467019051
2023-03-01,Egypt,Delta,P0010,GastroEase,Molecule J,Kappa Pharma,A02BC02,Gastrointestinal,Capsule,40 mg,14,8201,17341.0,1581227.23,Independent Pharmacy,EGP,24.907198144988186,142.27226975023558
2023-03-01,Egypt,Upper Egypt,P0010,GastroEase,Molecule J,Kappa Pharma,A02BC02,Gastrointestinal,Capsule,40 mg,14,7629,11710.0,607480.17,Hospital,EGP,10.273674352390357,187.36232884708647
2023-03-01,Egypt,Canal,P0010,GastroEase,Molecule J,Kappa Pharma,A02BC02,Gastrointestinal,Capsule,40 mg,14,4316,8386.0,620443.65,Independent Pharmacy,EGP,8.956453008405338,99.92070434417042
2023-04-01,Egypt,Cairo,P0001,CardioSafe,Molecule A,Alpha Pharma,C09AA05,Cardiology,Tablet,20 mg,28,834,1255.0,139631.57,Hospital,EGP,2.1111049221878506,-16.050810723130294
2023-04-01,Egypt,Giza,P0001,CardioSafe,Molecule A,Alpha Pharma,C09AA05,Cardiology,Tablet,20 mg,28,4922,6702.0,371060.31,Chain Pharmacy,EGP,4.488999707301882,-62.065118779088756
2023-04-01,Egypt,Alexandria,P0001,CardioSafe,Molecule A,Alpha Pharma,C09AA05,Cardiology,Tablet,20 mg,28,1032,1852.0,198880.07,Independent Pharmacy,EGP,2.9793243323235097,-74.01384381669705
2023-04-01,Egypt,Delta,P0001,CardioSafe,Molecule A,Alpha Pharma,C09AA05,Cardiology,Tablet,20 mg,28,1816,3324.0,121672.13,Chain Pharmacy,EGP,2.9186292657618447,-85.574391313875
2023-04-01,Egypt,Upper Egypt,P0001,CardioSafe,Molecule A,Alpha Pharma,C09AA05,Cardiology,Tablet,20 mg,28,6713,9183.0,1379824.95,Hospital,EGP,22.36026096341343,84.18332597062745
2023-04-01,Egypt,Canal,P0001,CardioSafe,Molecule A,Alpha Pharma,C09AA05,Cardiology,Tablet,20 mg,28,8789,15774.0,1533615.46,Chain Pharmacy,EGP,25.304633756928514,23.611266089331995
2023-04-01,Egypt,Cairo,P0002,GlucoMax,Molecule B,Beta Pharma,A10BA02,Diabetes,Tablet,500 mg,30,3520,7379.0,600363.32,Hospital,EGP,9.07695845540546,-19.27753334717872
2023-04-01,Egypt,Giza,P0002,GlucoMax,Molecule B,Beta Pharma,A10BA02,Diabetes,Tablet,500 mg,30,7570,14352.0,1460689.67,Chain Pharmacy,EGP,17.67107751591347,145.99876897013883
2023-04-01,Egypt,Alexandria,P0002,GlucoMax,Molecule B,Beta Pharma,A10BA02,Diabetes,Tablet,500 mg,30,8470,12396.0,1722361.88,Hospital,EGP,25.80185464612148,174.92424092477722
2023-04-01,Egypt,Delta,P0002,GlucoMax,Molecule B,Beta Pharma,A10BA02,Diabetes,Tablet,500 mg,30,1535,2717.0,217805.62,Hospital,EGP,5.22464640653043,-32.15873163898375
2023-04-01,Egypt,Upper Egypt,P0002,GlucoMax,Molecule B,Beta Pharma,A10BA02,Diabetes,Tablet,500 mg,30,1513,3146.0,281912.96,Hospital,EGP,4.5684398985308485,36.37811660949113
2023-04-01,Egypt,Canal,P0002,GlucoMax,Molecule B,Beta Pharma,A10BA02,Diabetes,Tablet,500 mg,30,2546,3959.0,404668.15,Chain Pharmacy,EGP,6.677018845939263,308.1738325960174
2023-04-01,Egypt,Cairo,P0003,Respira,Molecule C,Gamma Pharma,R03AC02,Respiratory,Inhaler,100 mcg,1,6702,12393.0,1031307.6,Hospital,EGP,15.592451983815256,132.58608790466985
2023-04-01,Egypt,Giza,P0003,Respira,Molecule C,Gamma Pharma,R03AC02,Respiratory,Inhaler,100 mcg,1,6558,14308.0,1401791.16,Chain Pharmacy,EGP,16.95853729798901,140.190822857003
2023-04-01,Egypt,Alexandria,P0003,Respira,Molecule C,Gamma Pharma,R03AC02,Respiratory,Inhaler,100 mcg,1,4262,8464.0,470019.22,Independent Pharmacy,EGP,7.041126337122251,-51.53824467502612
2023-04-01,Egypt,Delta,P0003,Respira,Molecule C,Gamma Pharma,R03AC02,Respiratory,Inhaler,100 mcg,1,2295,4789.0,441345.89,Chain Pharmacy,EGP,10.586853627677167,2.5602087595483436
2023-04-01,Egypt,Upper Egypt,P0003,Respira,Molecule C,Gamma Pharma,R03AC02,Respiratory,Inhaler,100 mcg,1,5164,8824.0,1108275.06,Hospital,EGP,17.959756098657788,15.16866202968059
2023-04-01,Egypt,Canal,P0003,Respira,Molecule C,Gamma Pharma,R03AC02,Respiratory,Inhaler,100 mcg,1,965,2110.0,32490.29,Chain Pharmacy,EGP,0.5360893330498878,-94.5646283591539
2023-04-01,Egypt,Cairo,P0004,PainFree,Molecule D,Delta Pharma,N02BE01,Pain,Tablet,500 mg,20,5100,10832.0,1003618.99,Hospital,EGP,15.173824872055791,-14.372043530190581
2023-04-01,Egypt,Giza,P0004,PainFree,Molecule D,Delta Pharma,N02BE01,Pain,Tablet,500 mg,20,8415,16528.0,1654672.85,Hospital,EGP,20.017840063062447,197.587599909163
2023-04-01,Egypt,Alexandria,P0004,PainFree,Molecule D,Delta Pharma,N02BE01,Pain,Tablet,500 mg,20,1206,2435.0,142101.8,Independent Pharmacy,EGP,2.1287570464298855,-86.53133212252713
2023-04-01,Egypt,Delta,P0004,PainFree,Molecule D,Delta Pharma,N02BE01,Pain,Tablet,500 mg,20,3331,7102.0,242574.91,Chain Pharmacy,EGP,5.818803627959381,-13.789728529680655
2023-04-01,Egypt,Upper Egypt,P0004,PainFree,Molecule D,Delta Pharma,N02BE01,Pain,Tablet,500 mg,20,8861,17098.0,873922.82,Independent Pharmacy,EGP,14.16204448041194,181.20754103056473
2023-04-01,Egypt,Canal,P0004,PainFree,Molecule D,Delta Pharma,N02BE01,Pain,Tablet,500 mg,20,8195,14531.0,694525.58,Hospital,EGP,11.459662408931607,-45.439029984575576
2023-04-01,Egypt,Cairo,P0005,Infecto,Molecule E,Epsilon Pharma,J01CA04,Anti-infective,Capsule,500 mg,14,6723,10609.0,518612.52,Hospital,EGP,7.84095920199311,207.3383041605052
2023-04-01,Egypt,Giza,P0005,Infecto,Molecule E,Epsilon Pharma,J01CA04,Anti-infective,Capsule,500 mg,14,2030,3521.0,174802.97,Chain Pharmacy,EGP,2.1147249113371887,-87.98102797621236
2023-04-01,Egypt,Alexandria,P0005,Infecto,Molecule E,Epsilon Pharma,J01CA04,Anti-infective,Capsule,500 mg,14,2321,3223.0,496813.17,Independent Pharmacy,EGP,7.44251329959697,-36.077269467297555
2023-04-01,Egypt,Delta,P0005,Infecto,Molecule E,Epsilon Pharma,J01CA04,Anti-infective,Capsule,500 mg,14,7076,14967.0,854810.13,Chain Pharmacy,EGP,20.504891811195275,216.5980329672869
2023-04-01,Egypt,Upper Egypt,P0005,Infecto,Molecule E,Epsilon Pharma,J01CA04,Anti-infective,Capsule,500 mg,14,1404,2220.0,183382.46,Hospital,EGP,2.9717390323408233,-30.360029790833774
2023-04-01,Egypt,Canal,P0005,Infecto,Molecule E,Epsilon Pharma,J01CA04,Anti-infective,Capsule,500 mg,14,1084,2014.0,51059.63,Chain Pharmacy,EGP,0.8424831847445511,-91.58046696394354
2023-04-01,Egypt,Cairo,P0006,NeuroCalm,Molecule F,Zeta Pharma,N06AB10,CNS,Tablet,20 mg,28,7569,12634.0,438375.88,Chain Pharmacy,EGP,6.627852698615581,-58.38141862024552
2023-04-01,Egypt,Giza,P0006,NeuroCalm,Molecule F,Zeta Pharma,N06AB10,CNS,Tablet,20 mg,28,1357,2211.0,265396.84,Independent Pharmacy,EGP,3.210708084297252,30.00576656407814
2023-04-01,Egypt,Alexandria,P0006,NeuroCalm,Molecule F,Zeta Pharma,N06AB10,CNS,Tablet,20 mg,28,8105,14884.0,966016.97,Independent Pharmacy,EGP,14.471424231490012,-44.12746993165037
2023-04-01,Egypt,Delta,P0006,NeuroCalm,Molecule F,Zeta Pharma,N06AB10,CNS,Tablet,20 mg,28,7005,15290.0,1302113.79,Chain Pharmacy,EGP,31.23465837941748,162.7912694322661
2023-04-01,Egypt,Upper Egypt,P0006,NeuroCalm,Molecule F,Zeta Pharma,N06AB10,CNS,Tablet,20 mg,28,2425,3248.0,523424.12,Chain Pharmacy,EGP,8.482162840833562,111.17556227945649
2023-04-01,Egypt,Canal,P0006,NeuroCalm,Molecule F,Zeta Pharma,N06AB10,CNS,Tablet,20 mg,28,4308,9430.0,923159.62,Independent Pharmacy,EGP,15.232120888560486,-7.373308796621503
2023-04-01,Egypt,Cairo,P0007,ArthroRelief,Molecule G,Eta Pharma,M01AE01,Musculoskeletal,Tablet,400 mg,30,8276,16273.0,905649.47,Hospital,EGP,13.692613023643707,44.875797705181355
2023-04-01,Egypt,Giza,P0007,ArthroRelief,Molecule G,Eta Pharma,M01AE01,Musculoskeletal,Tablet,400 mg,30,2319,4062.0,252076.21,Hospital,EGP,3.049558258892652,-76.60299202555458
2023-04-01,Egypt,Alexandria,P0007,ArthroRelief,Molecule G,Eta Pharma,M01AE01,Musculoskeletal,Tablet,400 mg,30,8381,12585.0,1263818.74,Independent Pharmacy,EGP,18.93264580874514,596.5284759523774
2023-04-01,Egypt,Delta,P0007,ArthroRelief,Molecule G,Eta Pharma,M01AE01,Musculoskeletal,Tablet,400 mg,30,8651,14258.0,401728.52,Independent Pharmacy,EGP,9.636525762828287,-58.24562592399809
2023-04-01,Egypt,Upper Egypt,P0007,ArthroRelief,Molecule G,Eta Pharma,M01AE01,Musculoskeletal,Tablet,400 mg,30,3093,6260.0,392207.63,Chain Pharmacy,EGP,6.355780824692219,287.8370170870427
2023-04-01,Egypt,Canal,P0007,ArthroRelief,Molecule G,Eta Pharma,M01AE01,Musculoskeletal,Tablet,400 mg,30,8744,18717.0,794195.6,Independent Pharmacy,EGP,13.104216352490402,25.40735905576419
2023-04-01,Egypt,Cairo,P0008,Dermacare,Molecule H,Theta Pharma,D07AC01,Dermatology,Cream,0.05%,1,1426,2002.0,91284.09,Chain Pharmacy,EGP,1.3801341037448676,-79.28649201235966
2023-04-01,Egypt,Giza,P0008,Dermacare,Molecule H,Theta Pharma,D07AC01,Dermatology,Cream,0.05%,1,1768,2614.0,336300.41,Hospital,EGP,4.068482673491817,-81.08580879468887
2023-04-01,Egypt,Alexandria,P0008,Dermacare,Molecule H,Theta Pharma,D07AC01,Dermatology,Cream,0.05%,1,1711,3045.0,350029.74,Independent Pharmacy,EGP,5.243623060967707,-57.821645617861186
2023-04-01,Egypt,Delta,P0008,Dermacare,Molecule H,Theta Pharma,D07AC01,Dermatology,Cream,0.05%,1,4538,6923.0,175250.16,Chain Pharmacy,EGP,4.20384064785786,-55.162822893900575
2023-04-01,Egypt,Upper Egypt,P0008,Dermacare,Molecule H,Theta Pharma,D07AC01,Dermatology,Cream,0.05%,1,8320,13435.0,361751.52,Hospital,EGP,5.8622351995530115,-56.203440851466915
2023-04-01,Egypt,Canal,P0008,Dermacare,Molecule H,Theta Pharma,D07AC01,Dermatology,Cream,0.05%,1,6258,8535.0,699950.98,Independent Pharmacy,EGP,11.549181433462593,32.9334579475532
2023-04-01,Egypt,Cairo,P0009,LipiControl,Molecule I,Iota Pharma,C10AA01,Cardiovascular,Tablet,20 mg,30,4695,9660.0,965561.89,Independent Pharmacy,EGP,14.598435430153826,86.65134103823726
2023-04-01,Egypt,Giza,P0009,LipiControl,Molecule I,Iota Pharma,C10AA01,Cardiovascular,Tablet,20 mg,30,4247,8422.0,559737.58,Chain Pharmacy,EGP,6.77157261251106,34.98296017845588
2023-04-01,Egypt,Alexandria,P0009,LipiControl,Molecule I,Iota Pharma,C10AA01,Cardiovascular,Tablet,20 mg,30,2586,4109.0,528856.73,Independent Pharmacy,EGP,7.922542082784085,-24.103786697113737
2023-04-01,Egypt,Delta,P0009,LipiControl,Molecule I,Iota Pharma,C10AA01,Cardiovascular,Tablet,20 mg,30,6513,9259.0,196717.39,Chain Pharmacy,EGP,4.7187891881097705,-74.53732902719578
2023-04-01,Egypt,Upper Egypt,P0009,LipiControl,Molecule I,Iota Pharma,C10AA01,Cardiovascular,Tablet,20 mg,30,5018,7228.0,488554.54,Independent Pharmacy,EGP,7.917096302150794,-70.1781716670957
2023-04-01,Egypt,Canal,P0009,LipiControl,Molecule I,Iota Pharma,C10AA01,Cardiovascular,Tablet,20 mg,30,1496,1988.0,76943.18,Hospital,EGP,1.2695613996962618,-76.92591383279577
2023-04-01,Egypt,Cairo,P0010,GastroEase,Molecule J,Kappa Pharma,A02BC02,Gastrointestinal,Capsule,40 mg,14,5670,9044.0,919741.06,Hospital,EGP,13.905665308384568,71.65025722780585
2023-04-01,Egypt,Giza,P0010,GastroEase,Molecule J,Kappa Pharma,A02BC02,Gastrointestinal,Capsule,40 mg,14,8284,14353.0,1789462.96,Independent Pharmacy,EGP,21.64849887520322,400.72669413170024
2023-04-01,Egypt,Alexandria,P0010,GastroEase,Molecule J,Kappa Pharma,A02BC02,Gastrointestinal,Capsule,40 mg,14,7367,10605.0,536443.06,Chain Pharmacy,EGP,8.036189154418945,-37.20428918807402
2023-04-01,Egypt,Delta,P0010,GastroEase,Molecule J,Kappa Pharma,A02BC02,Gastrointestinal,Capsule,40 mg,14,1809,3163.0,214792.19,Independent Pharmacy,EGP,5.152361282662501,-86.41610858168688
2023-04-01,Egypt,Upper Egypt,P0010,GastroEase,Molecule J,Kappa Pharma,A02BC02,Gastrointestinal,Capsule,40 mg,14,6407,9157.0,577624.29,Independent Pharmacy,EGP,9.360484359415592,-4.914708573944071
2023-04-01,Egypt,Canal,P0010,GastroEase,Molecule J,Kappa Pharma,A02BC02,Gastrointestinal,Capsule,40 mg,14,3901,8354.0,850002.68,Chain Pharmacy,EGP,14.02503239619644,36.99917470345615
2023-05-01,Egypt,Cairo,P0001,CardioSafe,Molecule A,Alpha Pharma,C09AA05,Cardiology,Tablet,20 mg,28,5190,11082.0,452871.84,Hospital,EGP,6.256530642646591,224.33341543033572
2023-05-01,Egypt,Giza,P0001,CardioSafe,Molecule A,Alpha Pharma,C09AA05,Cardiology,Tablet,20 mg,28,6724,14760.0,665308.31,Chain Pharmacy,EGP,12.287290619532433,79.2992384445537
2023-05-01,Egypt,Alexandria,P0001,CardioSafe,Molecule A,Alpha Pharma,C09AA05,Cardiology,Tablet,20 mg,28,1263,2690.0,122922.92,Hospital,EGP,3.583606438355195,-38.192439292685286
2023-05-01,Egypt,Delta,P0001,CardioSafe,Molecule A,Alpha Pharma,C09AA05,Cardiology,Tablet,20 mg,28,4539,6186.0,339475.6,Chain Pharmacy,EGP,5.407442166311594,179.0085124670703
2023-05-01,Egypt,Upper Egypt,P0001,CardioSafe,Molecule A,Alpha Pharma,C09AA05,Cardiology,Tablet,20 mg,28,4244,6711.0,182277.07,Chain Pharmacy,EGP,3.2758950030810046,-86.78984098671356
2023-05-01,Egypt,Canal,P0001,CardioSafe,Molecule A,Alpha Pharma,C09AA05,Cardiology,Tablet,20 mg,28,1221,1871.0,156560.89,Hospital,EGP,2.0012242319941747,-89.79138551459307
2023-05-01,Egypt,Cairo,P0002,GlucoMax,Molecule B,Beta Pharma,A10BA02,Diabetes,Tablet,500 mg,30,8379,14498.0,538230.3,Hospital,EGP,7.435777779318024,-10.34923652564249
2023-05-01,Egypt,Giza,P0002,GlucoMax,Molecule B,Beta Pharma,A10BA02,Diabetes,Tablet,500 mg,30,2602,4071.0,412168.71,Independent Pharmacy,EGP,7.612165138968102,-71.78259568303787
2023-05-01,Egypt,Alexandria,P0002,GlucoMax,Molecule B,Beta Pharma,A10BA02,Diabetes,Tablet,500 mg,30,3220,4618.0,634422.66,Hospital,EGP,18.4955021326733,-63.16554219140056
2023-05-01,Egypt,Delta,P0002,GlucoMax,Molecule B,Beta Pharma,A10BA02,Diabetes,Tablet,500 mg,30,1035,1821.0,221162.74,Independent Pharmacy,EGP,3.52285915657269,1.5413376385788435
2023-05-01,Egypt,Upper Egypt,P0002,GlucoMax,Molecule B,Beta Pharma,A10BA02,Diabetes,Tablet,500 mg,30,4565,7567.0,868450.19,Chain Pharmacy,EGP,15.607841610827672,208.05614257677257
2023-05-01,Egypt,Canal,P0002,GlucoMax,Molecule B,Beta Pharma,A10BA02,Diabetes,Tablet,500 mg,30,8991,15549.0,1158808.14,Chain Pharmacy,EGP,14.81235147551919,186.3601051874233
2023-05-01,Egypt,Cairo,P0003,Respira,Molecule C,Gamma Pharma,R03AC02,Respiratory,Inhaler,100 mcg,1,3133,6178.0,163369.58,Chain Pharmacy,EGP,2.2569890487037205,-84.15898612596281
2023-05-01,Egypt,Giza,P0003,Respira,Molecule C,Gamma Pharma,R03AC02,Respiratory,Inhaler,100 mcg,1,4836,9495.0,528981.12,Independent Pharmacy,EGP,9.769522875320405,-62.26391383435461
2023-05-01,Egypt,Alexandria,P0003,Respira,Molecule C,Gamma Pharma,R03AC02,Respiratory,Inhaler,100 mcg,1,7208,10762.0,459088.56,Hospital,EGP,13.38393783186419,-2.325577239160559
2023-05-01,Egypt,Delta,P0003,Respira,Molecule C,Gamma Pharma,R03AC02,Respiratory,Inhaler,100 mcg,1,7366,12145.0,1543398.12,Independent Pharmacy,EGP,24.584494654384713,249.7026153341997
2023-05-01,Egypt,Upper Egypt,P0003,Respira,Molecule C,Gamma Pharma,R03AC02,Respiratory,Inhaler,100 mcg,1,8421,17393.0,367561.83,Chain Pharmacy,EGP,6.605844400616652,-66.83478287420814
2023-05-01,Egypt,Canal,P0003,Respira,Molecule C,Gamma Pharma,R03AC02,Respiratory,Inhaler,100 mcg,1,3291,4497.0,314966.87,Chain Pharmacy,EGP,4.02603314607728,869.4184631777679
2023-05-01,Egypt,Cairo,P0004,PainFree,Molecule D,Delta Pharma,N02BE01,Pain,Tablet,500 mg,20,6636,12512.0,840514.17,Chain Pharmacy,EGP,11.611900311981566,-16.251667378274693
2023-05-01,Egypt,Giza,P0004,PainFree,Molecule D,Delta Pharma,N02BE01,Pain,Tablet,500 mg,20,6133,8002.0,516672.4,Chain Pharmacy,EGP,9.542198464184686,-68.77495149569899
2023-05-01,Egypt,Alexandria,P0004,PainFree,Molecule D,Delta Pharma,N02BE01,Pain,Tablet,500 mg,20,975,1951.0,194858.57,Independent Pharmacy,EGP,5.680766662723977,37.126039219770625
2023-05-01,Egypt,Delta,P0004,PainFree,Molecule D,Delta Pharma,N02BE01,Pain,Tablet,500 mg,20,6217,9214.0,837979.19,Chain Pharmacy,EGP,13.348010892381176,245.45171633785205
2023-05-01,Egypt,Upper Egypt,P0004,PainFree,Molecule D,Delta Pharma,N02BE01,Pain,Tablet,500 mg,20,5950,12217.0,520908.59,Independent Pharmacy,EGP,9.36180204697701,-40.394211241674626
2023-05-01,Egypt,Canal,P0004,PainFree,Molecule D,Delta Pharma,N02BE01,Pain,Tablet,500 mg,20,3906,5782.0,345732.81,Hospital,EGP,4.419295758777545,-50.2202913822123
2023-05-01,Egypt,Cairo,P0005,Infecto,Molecule E,Epsilon Pharma,J01CA04,Anti-infective,Capsule,500 mg,14,1229,1843.0,146971.77,Independent Pharmacy,EGP,2.0304494591869675,-71.66058196975268
2023-05-01,Egypt,Giza,P0005,Infecto,Molecule E,Epsilon Pharma,J01CA04,Anti-infective,Capsule,500 mg,14,6214,8539.0,1331897.76,Independent Pharmacy,EGP,24.598242058068173,661.9422942298978
2023-05-01,Egypt,Alexandria,P0005,Infecto,Molecule E,Epsilon Pharma,J01CA04,Anti-infective,Capsule,500 mg,14,1195,2595.0,170047.89,Chain Pharmacy,EGP,4.957453934813101,-65.77226606130428
2023-05-01,Egypt,Delta,P0005,Infecto,Molecule E,Epsilon Pharma,J01CA04,Anti-infective,Capsule,500 mg,14,2607,3727.0,223575.06,Independent Pharmacy,EGP,3.561284542334249,-73.84506194375587
2023-05-01,Egypt,Upper Egypt,P0005,Infecto,Molecule E,Epsilon Pharma,J01CA04,Anti-infective,Capsule,500 mg,14,5905,9928.0,755037.02,Independent Pharmacy,EGP,13.569572963616173,311.7280464009481
2023-05-01,Egypt,Canal,P0005,Infecto,Molecule E,Epsilon Pharma,J01CA04,Anti-infective,Capsule,500 mg,14,3121,4932.0,334037.38,Chain Pharmacy,EGP,4.26980007106402,554.2103419080788
2023-05-01,Egypt,Cairo,P0006,NeuroCalm,Molecule F,Zeta Pharma,N06AB10,CNS,Tablet,20 mg,28,5377,11183.0,890224.61,Hospital,EGP,12.298661694891672,103.07335567823665
2023-05-01,Egypt,Giza,P0006,NeuroCalm,Molecule F,Zeta Pharma,N06AB10,CNS,Tablet,20 mg,28,2350,5044.0,213136.74,Independent Pharmacy,EGP,3.936330009285052,-19.691304538516754
2023-05-01,Egypt,Alexandria,P0006,NeuroCalm,Molecule F,Zeta Pharma,N06AB10,CNS,Tablet,20 mg,28,3567,6467.0,434880.85,Independent Pharmacy,EGP,12.678203657848183,-54.982069310852786
2023-05-01,Egypt,Delta,P0006,NeuroCalm,Molecule F,Zeta Pharma,N06AB10,CNS,Tablet,20 mg,28,7262,10344.0,284760.73,Chain Pharmacy,EGP,4.5358994246174715,-78.13088747028783
2023-05-01,Egypt,Upper Egypt,P0006,NeuroCalm,Molecule F,Zeta Pharma,N06AB10,CNS,Tablet,20 mg,28,4019,7460.0,203798.85,Independent Pharmacy,EGP,3.6626857911895065,-61.064299062106656
2023-05-01,Egypt,Canal,P0006,NeuroCalm,Molecule F,Zeta Pharma,N06AB10,CNS,Tablet,20 mg,28,6540,14225.0,1427719.1,Hospital,EGP,18.249679465931205,54.655713819025166
2023-05-01,Egypt,Cairo,P0007,ArthroRelief,Molecule G,Eta Pharma,M01AE01,Musculoskeletal,Tablet,400 mg,30,4755,7029.0,743368.58,Chain Pharmacy,EGP,10.269811210939244,-17.918730742480314
2023-05-01,Egypt,Giza,P0007,ArthroRelief,Molecule G,Eta Pharma,M01AE01,Musculoskeletal,Tablet,400 mg,30,1237,1939.0,129035.43,Independent Pharmacy,EGP,2.3830993913578706,-48.810944912254904
2023-05-01,Egypt,Alexandria,P0007,ArthroRelief,Molecule G,Eta Pharma,M01AE01,Musculoskeletal,Tablet,400 mg,30,2586,3901.0,295665.85,Chain Pharmacy,EGP,8.619629631819366,-76.6053595628753
2023-05-01,Egypt,Delta,P0007,ArthroRelief,Molecule G,Eta Pharma,M01AE01,Musculoskeletal,Tablet,400 mg,30,5134,9996.0,1047703.46,Chain Pharmacy,EGP,16.688668839217172,160.79887482223066
2023-05-01,Egypt,Upper Egypt,P0007,ArthroRelief,Molecule G,Eta Pharma,M01AE01,Musculoskeletal,Tablet,400 mg,30,5266,7075.0,791327.06,Chain Pharmacy,EGP,14.221779852269856,101.76228086128769
2023-05-01,Egypt,Canal,P0007,ArthroRelief,Molecule G,Eta Pharma,M01AE01,Musculoskeletal,Tablet,400 mg,30,8883,15867.0,1114267.78,Hospital,EGP,14.243018689190857,40.301429521896125
2023-05-01,Egypt,Cairo,P0008,Dermacare,Molecule H,Theta Pharma,D07AC01,Dermatology,Cream,0.05%,1,5350,10221.0,914942.07,Hospital,EGP,12.640139199649733,902.3017921304797
2023-05-01,Egypt,Giza,P0008,Dermacare,Molecule H,Theta Pharma,D07AC01,Dermatology,Cream,0.05%,1,988,1657.0,42226.01,Hospital,EGP,0.7798538644035314,-87.44396118934259
2023-05-01,Egypt,Alexandria,P0008,Dermacare,Molecule H,Theta Pharma,D07AC01,Dermatology,Cream,0.05%,1,8021,12808.0,408455.85,Chain Pharmacy,EGP,11.907828205218715,16.69175596336472
2023-05-01,Egypt,Delta,P0008,Dermacare,Molecule H,Theta Pharma,D07AC01,Dermatology,Cream,0.05%,1,2575,4103.0,408164.45,Independent Pharmacy,EGP,6.501573773547732,132.90389577961014
2023-05-01,Egypt,Upper Egypt,P0008,Dermacare,Molecule H,Theta Pharma,D07AC01,Dermatology,Cream,0.05%,1,6052,9611.0,694286.66,Independent Pharmacy,EGP,12.477763660562461,91.92363310595073
2023-05-01,Egypt,Canal,P0008,Dermacare,Molecule H,Theta Pharma,D07AC01,Dermatology,Cream,0.05%,1,7648,10694.0,1326503.56,Independent Pharmacy,EGP,16.95590174595033,89.51377995070456
2023-05-01,Egypt,Cairo,P0009,LipiControl,Molecule I,Iota Pharma,C10AA01,Cardiovascular,Tablet,20 mg,30,8902,19225.0,1173399.59,Independent Pharmacy,EGP,16.21079043224226,21.525052112402655
2023-05-01,Egypt,Giza,P0009,LipiControl,Molecule I,Iota Pharma,C10AA01,Cardiovascular,Tablet,20 mg,30,6533,9140.0,1296537.08,Independent Pharmacy,EGP,23.945180995800232,131.6330234607439
2023-05-01,Egypt,Alexandria,P0009,LipiControl,Molecule I,Iota Pharma,C10AA01,Cardiovascular,Tablet,20 mg,30,1447,2440.0,238114.32,Hospital,EGP,6.94181370094828,-54.97564718520269
2023-05-01,Egypt,Delta,P0009,LipiControl,Molecule I,Iota Pharma,C10AA01,Cardiovascular,Tablet,20 mg,30,6158,9119.0,853003.98,Independent Pharmacy,EGP,13.587337910246308,333.6190003334225
2023-05-01,Egypt,Upper Egypt,P0009,LipiControl,Molecule I,Iota Pharma,C10AA01,Cardiovascular,Tablet,20 mg,30,1855,2785.0,246150.36,Hospital,EGP,4.423829801140595,-49.616605752962606
2023-05-01,Egypt,Canal,P0009,LipiControl,Molecule I,Iota Pharma,C10AA01,Cardiovascular,Tablet,20 mg,30,3658,6507.0,378644.17,Independent Pharmacy,EGP,4.839981992356594,392.1088132827367
2023-05-01,Egypt,Cairo,P0010,GastroEase,Molecule J,Kappa Pharma,A02BC02,Gastrointestinal,Capsule,40 mg,14,6743,13312.0,1374493.52,Chain Pharmacy,EGP,18.988950220440234,49.44353142176776
2023-05-01,Egypt,Giza,P0010,GastroEase,Molecule J,Kappa Pharma,A02BC02,Gastrointestinal,Capsule,40 mg,14,6885,9351.0,278641.91,Chain Pharmacy,EGP,5.146116583079505,-84.42874112353797
2023-05-01,Egypt,Alexandria,P0010,GastroEase,Molecule J,Kappa Pharma,A02BC02,Gastrointestinal,Capsule,40 mg,14,2243,3275.0,471688.17,Chain Pharmacy,EGP,13.751257803735706,-12.07115812067735
2023-05-01,Egypt,Delta,P0010,GastroEase,Molecule J,Kappa Pharma,A02BC02,Gastrointestinal,Capsule,40 mg,14,4041,8780.0,518709.74,Hospital,EGP,8.26242864038689,141.49376194730357
2023-05-01,Egypt,Upper Egypt,P0010,GastroEase,Molecule J,Kappa Pharma,A02BC02,Gastrointestinal,Capsule,40 mg,14,4666,8754.0,934393.83,Independent Pharmacy,EGP,16.792984869719056,61.764982217073985
2023-05-01,Egypt,Canal,P0010,GastroEase,Molecule J,Kappa Pharma,A02BC02,Gastrointestinal,Capsule,40 mg,14,8683,17818.0,1266015.06,Hospital,EGP,16.182713423138807,48.94247862842032
2023-06-01,Egypt,Cairo,P0001,CardioSafe,Molecule A,Alpha Pharma,C09AA05,Cardiology,Tablet,20 mg,28,5363,10342.0,1179470.65,Independent Pharmacy,EGP,24.290738805831307,160.44247970904965
2023-06-01,Egypt,Giza,P0001,CardioSafe,Molecule A,Alpha Pharma,C09AA05,Cardiology,Tablet,20 mg,28,6722,12940.0,1321104.81,Hospital,EGP,27.436041365840374,98.57031546772652
2023-06-01,Egypt,Alexandria,P0001,CardioSafe,Molecule A,Alpha Pharma,C09AA05,Cardiology,Tablet,20 mg,28,1998,3199.0,121646.04,Independent Pharmacy,EGP,1.9845020435163503,-1.0387647804006028
2023-06-01,Egypt,Delta,P0001,CardioSafe,Molecule A,Alpha Pharma,C09AA05,Cardiology,Tablet,20 mg,28,1712,3170.0,200955.35,Independent Pharmacy,EGP,5.120043256805855,-40.80418445390478
2023-06-01,Egypt,Upper Egypt,P0001,CardioSafe,Molecule A,Alpha Pharma,C09AA05,Cardiology,Tablet,20 mg,28,1839,3155.0,98496.0,Independent Pharmacy,EGP,1.3180317610755268,-45.963581705586996
2023-06-01,Egypt,Canal,P0001,CardioSafe,Molecule A,Alpha Pharma,C09AA05,Cardiology,Tablet,20 mg,28,6847,12244.0,1044716.82,Chain Pharmacy,EGP,14.68365145883664,567.2910584501659
2023-06-01,Egypt,Cairo,P0002,GlucoMax,Molecule B,Beta Pharma,A10BA02,Diabetes,Tablet,500 mg,30,6452,13719.0,275679.78,Hospital,EGP,5.677517732237795,-48.780330650281115
2023-06-01,Egypt,Giza,P0002,GlucoMax,Molecule B,Beta Pharma,A10BA02,Diabetes,Tablet,500 mg,30,3112,5044.0,325623.38,Chain Pharmacy,EGP,6.762382859967604,-20.99754976548317
2023-06-01,Egypt,Alexandria,P0002,GlucoMax,Molecule B,Beta Pharma,A10BA02,Diabetes,Tablet,500 mg,30,4310,8592.0,947804.59,Independent Pharmacy,EGP,15.462239015007615,49.39639608711326
2023-06-01,Egypt,Delta,P0002,GlucoMax,Molecule B,Beta Pharma,A10BA02,Diabetes,Tablet,500 mg,30,5198,9727.0,332267.53,Hospital,EGP,8.465682184784018,50.23666735183334
2023-06-01,Egypt,Upper Egypt,P0002,GlucoMax,Molecule B,Beta Pharma,A10BA02,Diabetes,Tablet,500 mg,30,5718,7521.0,1111509.62,Hospital,EGP,14.873751034569827,27.987722588902898
2023-06-01,Egypt,Canal,P0002,GlucoMax,Molecule B,Beta Pharma,A10BA02,Diabetes,Tablet,500 mg,30,6828,13038.0,1066509.78,Hospital,EGP,14.989954777372633,-7.964938872452166
2023-06-01,Egypt,Cairo,P0003,Respira,Molecule C,Gamma Pharma,R03AC02,Respiratory,Inhaler,100 mcg,1,2813,5405.0,280779.52,Chain Pharmacy,EGP,5.782544891936639,71.86768797471355
2023-06-01,Egypt,Giza,P0003,Respira,Molecule C,Gamma Pharma,R03AC02,Respiratory,Inhaler,100 mcg,1,7240,13852.0,416193.73,Hospital,EGP,8.643302413291039,-21.32162864338145
2023-06-01,Egypt,Alexandria,P0003,Respira,Molecule C,Gamma Pharma,R03AC02,Respiratory,Inhaler,100 mcg,1,1963,3941.0,224826.83,Hospital,EGP,3.6677667729447103,-51.02756862423232
2023-06-01,Egypt,Delta,P0003,Respira,Molecule C,Gamma Pharma,R03AC02,Respiratory,Inhaler,100 mcg,1,2614,4824.0,131701.08,Independent Pharmacy,EGP,3.355547521218262,-91.46681090942369
2023-06-01,Egypt,Upper Egypt,P0003,Respira,Molecule C,Gamma Pharma,R03AC02,Respiratory,Inhaler,100 mcg,1,6095,13187.0,896477.34,Independent Pharmacy,EGP,11.996280125126948,143.89837758724835
2023-06-01,Egypt,Canal,P0003,Respira,Molecule C,Gamma Pharma,R03AC02,Respiratory,Inhaler,100 mcg,1,6987,10188.0,479170.6,Hospital,EGP,6.734814588054232,52.13365139006525
2023-06-01,Egypt,Cairo,P0004,PainFree,Molecule D,Delta Pharma,N02BE01,Pain,Tablet,500 mg,20,5590,8950.0,214765.15,Hospital,EGP,4.423004644706658,-74.44836057909649
2023-06-01,Egypt,Giza,P0004,PainFree,Molecule D,Delta Pharma,N02BE01,Pain,Tablet,500 mg,20,1130,1513.0,85516.28,Independent Pharmacy,EGP,1.7759591652177755,-83.44864560212622
2023-06-01,Egypt,Alexandria,P0004,PainFree,Molecule D,Delta Pharma,N02BE01,Pain,Tablet,500 mg,20,6992,13053.0,507628.38,Hospital,EGP,8.281318137909746,160.51119024428843
2023-06-01,Egypt,Delta,P0004,PainFree,Molecule D,Delta Pharma,N02BE01,Pain,Tablet,500 mg,20,3034,5191.0,234674.0,Chain Pharmacy,EGP,5.979144278804506,-71.99524728054404
2023-06-01,Egypt,Upper Egypt,P0004,PainFree,Molecule D,Delta Pharma,N02BE01,Pain,Tablet,500 mg,20,7975,15761.0,1619251.7,Hospital,EGP,21.66814053134686,210.8514106092971
2023-06-01,Egypt,Canal,P0004,PainFree,Molecule D,Delta Pharma,N02BE01,Pain,Tablet,500 mg,20,8431,11813.0,1793074.44,Independent Pharmacy,EGP,25.2019299514185,418.63010629508955
2023-06-01,Egypt,Cairo,P0005,Infecto,Molecule E,Epsilon Pharma,J01CA04,Anti-infective,Capsule,500 mg,14,7086,12334.0,1453155.8,Chain Pharmacy,EGP,29.92717790983509,888.731237298156
2023-06-01,Egypt,Giza,P0005,Infecto,Molecule E,Epsilon Pharma,J01CA04,Anti-infective,Capsule,500 mg,14,2795,5709.0,402868.95,Chain Pharmacy,EGP,8.366580072638353,-69.75226161503568
2023-06-01,Egypt,Alexandria,P0005,Infecto,Molecule E,Epsilon Pharma,J01CA04,Anti-infective,Capsule,500 mg,14,4302,9222.0,514188.06,Chain Pharmacy,EGP,8.388331061345752,202.37838293671268
2023-06-01,Egypt,Delta,P0005,Infecto,Molecule E,Epsilon Pharma,J01CA04,Anti-infective,Capsule,500 mg,14,8598,12233.0,1005769.72,Hospital,EGP,25.625515681894072,349.8577435247026
2023-06-01,Egypt,Upper Egypt,P0005,Infecto,Molecule E,Epsilon Pharma,J01CA04,Anti-infective,Capsule,500 mg,14,3803,5723.0,766330.16,Chain Pharmacy,EGP,10.254705676881196,1.4957067932907409
2023-06-01,Egypt,Canal,P0005,Infecto,Molecule E,Epsilon Pharma,J01CA04,Anti-infective,Capsule,500 mg,14,4186,6328.0,391034.42,Independent Pharmacy,EGP,5.49604737070122,17.063072402256285
2023-06-01,Egypt,Cairo,P0006,NeuroCalm,Molecule F,Zeta Pharma,N06AB10,CNS,Tablet,20 mg,28,7165,12353.0,461187.92,Independent Pharmacy,EGP,9.49798564731104,-48.1942068530323
2023-06-01,Egypt,Giza,P0006,NeuroCalm,Molecule F,Zeta Pharma,N06AB10,CNS,Tablet,20 mg,28,4276,8279.0,148252.84,Hospital,EGP,3.0788405431990773,-30.44238173108963
2023-06-01,Egypt,Alexandria,P0006,NeuroCalm,Molecule F,Zeta Pharma,N06AB10,CNS,Tablet,20 mg,28,7329,13669.0,900298.72,Independent Pharmacy,EGP,14.687240535040472,107.02192796026773
2023-06-01,Egypt,Delta,P0006,NeuroCalm,Molecule F,Zeta Pharma,N06AB10,CNS,Tablet,20 mg,28,8920,17085.0,316764.53,Independent Pharmacy,EGP,8.070688816305593,11.238839007049894
2023-06-01,Egypt,Upper Egypt,P0006,NeuroCalm,Molecule F,Zeta Pharma,N06AB10,CNS,Tablet,20 mg,28,2138,3736.0,275169.4,Hospital,EGP,3.682200382513971,35.02009456873776
2023-06-01,Egypt,Canal,P0006,NeuroCalm,Molecule F,Zeta Pharma,N06AB10,CNS,Tablet,20 mg,28,1849,3542.0,170843.91,Chain Pharmacy,EGP,2.401236756487615,-88.03378689827713
2023-06-01,Egypt,Cairo,P0007,ArthroRelief,Molecule G,Eta Pharma,M01AE01,Musculoskeletal,Tablet,400 mg,30,1325,2074.0,47472.36,Hospital,EGP,0.9776747706747887,-93.61388666709588
2023-06-01,Egypt,Giza,P0007,ArthroRelief,Molecule G,Eta Pharma,M01AE01,Musculoskeletal,Tablet,400 mg,30,1523,2021.0,82418.16,Chain Pharmacy,EGP,1.7116189646273792,-36.12749614582599
2023-06-01,Egypt,Alexandria,P0007,ArthroRelief,Molecule G,Eta Pharma,M01AE01,Musculoskeletal,Tablet,400 mg,30,1668,2422.0,312969.73,Hospital,EGP,5.105707253140015,5.852512219453154
2023-06-01,Egypt,Delta,P0007,ArthroRelief,Molecule G,Eta Pharma,M01AE01,Musculoskeletal,Tablet,400 mg,30,8348,17531.0,1424930.79,Hospital,EGP,36.30511595115303,36.005162185872706
2023-06-01,Egypt,Upper Egypt,P0007,ArthroRelief,Molecule G,Eta Pharma,M01AE01,Musculoskeletal,Tablet,400 mg,30,6017,8533.0,385527.18,Chain Pharmacy,EGP,5.158961460342365,-51.28093054217052
2023-06-01,Egypt,Canal,P0007,ArthroRelief,Molecule G,Eta Pharma,M01AE01,Musculoskeletal,Tablet,400 mg,30,8972,14066.0,600317.47,Chain Pharmacy,EGP,8.437552000101443,-46.12448813695394
2023-06-01,Egypt,Cairo,P0008,Dermacare,Molecule H,Theta Pharma,D07AC01,Dermatology,Cream,0.05%,1,5756,7779.0,184492.62,Hospital,EGP,3.7995536760694204,-79.83559549294745
2023-06-01,Egypt,Giza,P0008,Dermacare,Molecule H,Theta Pharma,D07AC01,Dermatology,Cream,0.05%,1,3421,6283.0,580112.92,Chain Pharmacy,EGP,12.047493847197822,1273.8284057622304
2023-06-01,Egypt,Alexandria,P0008,Dermacare,Molecule H,Theta Pharma,D07AC01,Dermatology,Cream,0.05%,1,8555,16328.0,1501820.27,Chain Pharmacy,EGP,24.5003075711242,267.6823994563917
2023-06-01,Egypt,Delta,P0008,Dermacare,Molecule H,Theta Pharma,D07AC01,Dermatology,Cream,0.05%,1,1004,1360.0,73671.68,Chain Pharmacy,EGP,1.8770447684102896,-81.95049078870049
2023-06-01,Egypt,Upper Egypt,P0008,Dermacare,Molecule H,Theta Pharma,D07AC01,Dermatology,Cream,0.05%,1,3062,5849.0,367419.54,Chain Pharmacy,EGP,4.916652690056042,-47.07956220849757
2023-06-01,Egypt,Canal,P0008,Dermacare,Molecule H,Theta Pharma,D07AC01,Dermatology,Cream,0.05%,1,4580,6620.0,689375.88,Chain Pharmacy,EGP,9.689281298303202,-48.03060460689604
2023-06-01,Egypt,Cairo,P0009,LipiControl,Molecule I,Iota Pharma,C10AA01,Cardiovascular,Tablet,20 mg,30,5313,11299.0,623011.96,Independent Pharmacy,EGP,12.830688744369368,-46.90538795910096
2023-06-01,Egypt,Giza,P0009,LipiControl,Molecule I,Iota Pharma,C10AA01,Cardiovascular,Tablet,20 mg,30,6633,12738.0,802171.26,Chain Pharmacy,EGP,16.65908995657074,-38.129709333110625
2023-06-01,Egypt,Alexandria,P0009,LipiControl,Molecule I,Iota Pharma,C10AA01,Cardiovascular,Tablet,20 mg,30,3232,4681.0,571050.4,Hospital,EGP,9.315968573665279,139.82194770982272
2023-06-01,Egypt,Delta,P0009,LipiControl,Molecule I,Iota Pharma,C10AA01,Cardiovascular,Tablet,20 mg,30,1173,2434.0,144628.41,Hospital,EGP,3.6849166512016347,-83.04481416370415
2023-06-01,Egypt,Upper Egypt,P0009,LipiControl,Molecule I,Iota Pharma,C10AA01,Cardiovascular,Tablet,20 mg,30,8696,15010.0,1029865.09,Hospital,EGP,13.781218508801432,318.38861824130583
2023-06-01,Egypt,Canal,P0009,LipiControl,Molecule I,Iota Pharma,C10AA01,Cardiovascular,Tablet,20 mg,30,4874,8004.0,719046.74,Independent Pharmacy,EGP,10.106309681864536,89.90038589528528
2023-06-01,Egypt,Cairo,P0010,GastroEase,Molecule J,Kappa Pharma,A02BC02,Gastrointestinal,Capsule,40 mg,14,2334,3240.0,135623.5,Hospital,EGP,2.7931131770279,-90.13283816718176
2023-06-01,Egypt,Giza,P0010,GastroEase,Molecule J,Kappa Pharma,A02BC02,Gastrointestinal,Capsule,40 mg,14,3716,7322.0,650954.24,Independent Pharmacy,EGP,13.518690811449835,133.61677358585436
2023-06-01,Egypt,Alexandria,P0010,GastroEase,Molecule J,Kappa Pharma,A02BC02,Gastrointestinal,Capsule,40 mg,14,6901,12551.0,527568.68,Hospital,EGP,8.606619036305856,11.846917848289484
2023-06-01,Egypt,Delta,P0010,GastroEase,Molecule J,Kappa Pharma,A02BC02,Gastrointestinal,Capsule,40 mg,14,1438,3077.0,59512.93,Chain Pharmacy,EGP,1.516300889422744,-88.5267375160528
2023-06-01,Egypt,Upper Egypt,P0010,GastroEase,Molecule J,Kappa Pharma,A02BC02,Gastrointestinal,Capsule,40 mg,14,6723,9258.0,922915.01,Independent Pharmacy,EGP,12.350057829285834,-1.2284777180089024
2023-06-01,Egypt,Canal,P0010,GastroEase,Molecule J,Kappa Pharma,A02BC02,Gastrointestinal,Capsule,40 mg,14,4108,7978.0,160739.81,Hospital,EGP,2.2592221168599775,-87.30348357783359
2023-07-01,Egypt,Cairo,P0001,CardioSafe,Molecule A,Alpha Pharma,C09AA05,Cardiology,Tablet,20 mg,28,815,1776.0,147983.6,Chain Pharmacy,EGP,2.535204044320607,-87.45338851797626
2023-07-01,Egypt,Giza,P0001,CardioSafe,Molecule A,Alpha Pharma,C09AA05,Cardiology,Tablet,20 mg,28,6864,13839.0,208798.32,Independent Pharmacy,EGP,4.6003215729969105,-84.19517373492872
2023-07-01,Egypt,Alexandria,P0001,CardioSafe,Molecule A,Alpha Pharma,C09AA05,Cardiology,Tablet,20 mg,28,5224,10454.0,688064.34,Chain Pharmacy,EGP,20.818877732200633,465.6282276019836
2023-07-01,Egypt,Delta,P0001,CardioSafe,Molecule A,Alpha Pharma,C09AA05,Cardiology,Tablet,20 mg,28,8843,13117.0,1878281.46,Chain Pharmacy,EGP,19.833690723431836,834.6760163389529
2023-07-01,Egypt,Upper Egypt,P0001,CardioSafe,Molecule A,Alpha Pharma,C09AA05,Cardiology,Tablet,20 mg,28,3936,7997.0,130037.03,Hospital,EGP,2.103830513290181,32.02265066601689
2023-07-01,Egypt,Canal,P0001,CardioSafe,Molecule A,Alpha Pharma,C09AA05,Cardiology,Tablet,20 mg,28,6069,10901.0,797849.12,Chain Pharmacy,EGP,13.666823236200045,-23.63010676902857
2023-07-01,Egypt,Cairo,P0002,GlucoMax,Molecule B,Beta Pharma,A10BA02,Diabetes,Tablet,500 mg,30,7874,14785.0,605367.17,Chain Pharmacy,EGP,10.370941764377406,119.5907041133013
2023-07-01,Egypt,Giza,P0002,GlucoMax,Molecule B,Beta Pharma,A10BA02,Diabetes,Tablet,500 mg,30,5161,8238.0,695794.35,Chain Pharmacy,EGP,15.3299976679619,113.68070990479859
2023-07-01,Egypt,Alexandria,P0002,GlucoMax,Molecule B,Beta Pharma,A10BA02,Diabetes,Tablet,500 mg,30,5401,11525.0,725461.79,Hospital,EGP,21.95041862712056,-23.458717371267422
2023-07-01,Egypt,Delta,P0002,GlucoMax,Molecule B,Beta Pharma,A10BA02,Diabetes,Tablet,500 mg,30,5067,8379.0,555558.31,Independent Pharmacy,EGP,5.866411362742445,67.2021066879451
2023-07-01,Egypt,Upper Egypt,P0002,GlucoMax,Molecule B,Beta Pharma,A10BA02,Diabetes,Tablet,500 mg,30,6008,11547.0,609143.81,Chain Pharmacy,EGP,9.855156907688805,-45.19671273740303
2023-07-01,Egypt,Canal,P0002,GlucoMax,Molecule B,Beta Pharma,A10BA02,Diabetes,Tablet,500 mg,30,6580,11645.0,1234165.96,Independent Pharmacy,EGP,21.14074904219376,15.72007900386998
2023-07-01,Egypt,Cairo,P0003,Respira,Molecule C,Gamma Pharma,R03AC02,Respiratory,Inhaler,100 mcg,1,7741,16800.0,1212270.92,Hospital,EGP,20.76820768785367,331.75190270287516
2023-07-01,Egypt,Giza,P0003,Respira,Molecule C,Gamma Pharma,R03AC02,Respiratory,Inhaler,100 mcg,1,1718,2383.0,287890.37,Chain Pharmacy,EGP,6.342906780902559,-30.827797429817117
2023-07-01,Egypt,Alexandria,P0003,Respira,Molecule C,Gamma Pharma,R03AC02,Respiratory,Inhaler,100 mcg,1,2000,4343.0,266655.89,Chain Pharmacy,EGP,8.068251830172077,18.605012577902748
2023-07-01,Egypt,Delta,P0003,Respira,Molecule C,Gamma Pharma,R03AC02,Respiratory,Inhaler,100 mcg,1,8591,13491.0,1245967.68,Hospital,EGP,13.156780888691669,846.057298846752
2023-07-01,Egypt,Upper Egypt,P0003,Respira,Molecule C,Gamma Pharma,R03AC02,Respiratory,Inhaler,100 mcg,1,1035,1423.0,73319.02,Chain Pharmacy,EGP,1.1862066634445052,-91.82143075696703
2023-07-01,Egypt,Canal,P0003,Respira,Molecule C,Gamma Pharma,R03AC02,Respiratory,Inhaler,100 mcg,1,2434,4073.0,508910.4,Hospital,EGP,8.71742326401746,6.206516009120766
2023-07-01,Egypt,Cairo,P0004,PainFree,Molecule D,Delta Pharma,N02BE01,Pain,Tablet,500 mg,20,6377,10645.0,387682.99,Independent Pharmacy,EGP,6.6416514003058795,80.51485075674523
2023-07-01,Egypt,Giza,P0004,PainFree,Molecule D,Delta Pharma,N02BE01,Pain,Tablet,500 mg,20,8540,14371.0,1246296.94,Hospital,EGP,27.458873708572156,1357.3797410270886
2023-07-01,Egypt,Alexandria,P0004,PainFree,Molecule D,Delta Pharma,N02BE01,Pain,Tablet,500 mg,20,8972,13238.0,313799.37,Chain Pharmacy,EGP,9.494679983664883,-38.18324932896778
2023-07-01,Egypt,Delta,P0004,PainFree,Molecule D,Delta Pharma,N02BE01,Pain,Tablet,500 mg,20,2439,4324.0,108553.03,Chain Pharmacy,EGP,1.1462644283947827,-53.743052063713925
2023-07-01,Egypt,Upper Egypt,P0004,PainFree,Molecule D,Delta Pharma,N02BE01,Pain,Tablet,500 mg,20,1743,3551.0,61481.74,Independent Pharmacy,EGP,0.9946948236373395,-96.2030770139071
2023-07-01,Egypt,Canal,P0004,PainFree,Molecule D,Delta Pharma,N02BE01,Pain,Tablet,500 mg,20,5742,12155.0,1203175.51,Independent Pharmacy,EGP,20.60989553675868,-32.89874178341419
2023-07-01,Egypt,Cairo,P0005,Infecto,Molecule E,Epsilon Pharma,J01CA04,Anti-infective,Capsule,500 mg,14,8577,17456.0,1460029.81,Chain Pharmacy,EGP,25.012727620767755,0.47304012412159313
2023-07-01,Egypt,Giza,P0005,Infecto,Molecule E,Epsilon Pharma,J01CA04,Anti-infective,Capsule,500 mg,14,1475,2155.0,264970.0,Chain Pharmacy,EGP,5.837916738012985,-34.22923260777482
2023-07-01,Egypt,Alexandria,P0005,Infecto,Molecule E,Epsilon Pharma,J01CA04,Anti-infective,Capsule,500 mg,14,1245,2277.0,72761.78,Hospital,EGP,2.2015653382026477,-85.84918910796956
2023-07-01,Egypt,Delta,P0005,Infecto,Molecule E,Epsilon Pharma,J01CA04,Anti-infective,Capsule,500 mg,14,8798,17180.0,1815078.61,Hospital,EGP,19.166300981034308,80.46661913822581
2023-07-01,Egypt,Upper Egypt,P0005,Infecto,Molecule E,Epsilon Pharma,J01CA04,Anti-infective,Capsule,500 mg,14,6042,9093.0,728817.35,Hospital,EGP,11.791319592159937,-4.895123793640077
2023-07-01,Egypt,Canal,P0005,Infecto,Molecule E,Epsilon Pharma,J01CA04,Anti-infective,Capsule,500 mg,14,1549,2050.0,182739.29,Chain Pharmacy,EGP,3.130247953069997,-53.26772257030468
2023-07-01,Egypt,Cairo,P0006,NeuroCalm,Molecule F,Zeta Pharma,N06AB10,CNS,Tablet,20 mg,28,3135,5815.0,398135.31,Independent Pharmacy,EGP,6.820716944977947,-13.671782643396213
2023-07-01,Egypt,Giza,P0006,NeuroCalm,Molecule F,Zeta Pharma,N06AB10,CNS,Tablet,20 mg,28,2273,3494.0,141954.23,Chain Pharmacy,EGP,3.127587935799317,-4.248559420514297
2023-07-01,Egypt,Alexandria,P0006,NeuroCalm,Molecule F,Zeta Pharma,N06AB10,CNS,Tablet,20 mg,28,3871,5334.0,351486.03,Independent Pharmacy,EGP,10.634971553890738,-60.95895482335018
2023-07-01,Egypt,Delta,P0006,NeuroCalm,Molecule F,Zeta Pharma,N06AB10,CNS,Tablet,20 mg,28,3672,6007.0,280549.04,Hospital,EGP,2.9624542490643053,-11.43293726731337
2023-07-01,Egypt,Upper Egypt,P0006,NeuroCalm,Molecule F,Zeta Pharma,N06AB10,CNS,Tablet,20 mg,28,5039,7842.0,1011303.31,Hospital,EGP,16.361576096972986,267.52026569814814
2023-07-01,Egypt,Canal,P0006,NeuroCalm,Molecule F,Zeta Pharma,N06AB10,CNS,Tablet,20 mg,28,7795,13866.0,1137834.1,Independent Pharmacy,EGP,19.49062438875757,566.007995251338
2023-07-01,Egypt,Cairo,P0007,ArthroRelief,Molecule G,Eta Pharma,M01AE01,Musculoskeletal,Tablet,400 mg,30,4597,9919.0,469258.31,Chain Pharmacy,EGP,8.039171674043969,888.4874272102757
2023-07-01,Egypt,Giza,P0007,ArthroRelief,Molecule G,Eta Pharma,M01AE01,Musculoskeletal,Tablet,400 mg,30,6886,13230.0,533683.07,Chain Pharmacy,EGP,11.758302174386365,547.5309203699767
2023-07-01,Egypt,Alexandria,P0007,ArthroRelief,Molecule G,Eta Pharma,M01AE01,Musculoskeletal,Tablet,400 mg,30,2416,4080.0,97512.87,Hospital,EGP,2.9504632050048913,-68.84271523639043
2023-07-01,Egypt,Delta,P0007,ArthroRelief,Molecule G,Eta Pharma,M01AE01,Musculoskeletal,Tablet,400 mg,30,2170,2828.0,243242.44,Chain Pharmacy,EGP,2.568515650350361,-82.92952600175059
2023-07-01,Egypt,Upper Egypt,P0007,ArthroRelief,Molecule G,Eta Pharma,M01AE01,Musculoskeletal,Tablet,400 mg,30,6975,10104.0,694962.54,Independent Pharmacy,EGP,11.243592669300797,80.26291687138635
2023-07-01,Egypt,Canal,P0007,ArthroRelief,Molecule G,Eta Pharma,M01AE01,Musculoskeletal,Tablet,400 mg,30,4652,7281.0,313420.28,Chain Pharmacy,EGP,5.368758901934146,-47.79091136561458
2023-07-01,Egypt,Cairo,P0008,Dermacare,Molecule H,Theta Pharma,D07AC01,Dermatology,Cream,0.05%,1,2897,5041.0,162739.1,Independent Pharmacy,EGP,2.787990186000987,-11.790997385152856
2023-07-01,Egypt,Giza,P0008,Dermacare,Molecule H,Theta Pharma,D07AC01,Dermatology,Cream,0.05%,1,5147,9013.0,454471.29,Hospital,EGP,10.01307903097465,-21.658133385479516
2023-07-01,Egypt,Alexandria,P0008,Dermacare,Molecule H,Theta Pharma,D07AC01,Dermatology,Cream,0.05%,1,5801,9006.0,242031.05,Chain Pharmacy,EGP,7.3231739307201105,-83.88415346131931
2023-07-01,Egypt,Delta,P0008,Dermacare,Molecule H,Theta Pharma,D07AC01,Dermatology,Cream,0.05%,1,8965,19557.0,1656097.39,Chain Pharmacy,EGP,17.487540680480695,2147.943022339113
2023-07-01,Egypt,Upper Egypt,P0008,Dermacare,Molecule H,Theta Pharma,D07AC01,Dermatology,Cream,0.05%,1,3872,7427.0,436620.48,Hospital,EGP,7.063953156661645,18.83431131615918
2023-07-01,Egypt,Canal,P0008,Dermacare,Molecule H,Theta Pharma,D07AC01,Dermatology,Cream,0.05%,1,2159,3951.0,98041.48,Chain Pharmacy,EGP,1.6794097322253634,-85.7782259512764
2023-07-01,Egypt,Cairo,P0009,LipiControl,Molecule I,Iota Pharma,C10AA01,Cardiovascular,Tablet,20 mg,30,5372,10659.0,797882.16,Independent Pharmacy,EGP,13.6690422379457,28.06851412611726
2023-07-01,Egypt,Giza,P0009,LipiControl,Molecule I,Iota Pharma,C10AA01,Cardiovascular,Tablet,20 mg,30,2249,3092.0,348441.92,Independent Pharmacy,EGP,7.67700085667578,-56.56265221967689
2023-07-01,Egypt,Alexandria,P0009,LipiControl,Molecule I,Iota Pharma,C10AA01,Cardiovascular,Tablet,20 mg,30,5691,10875.0,343612.72,Hospital,EGP,10.396747497347256,-39.82795213872542
2023-07-01,Egypt,Delta,P0009,LipiControl,Molecule I,Iota Pharma,C10AA01,Cardiovascular,Tablet,20 mg,30,6807,14184.0,1268165.19,Independent Pharmacy,EGP,13.391175231363977,776.8437611946366
2023-07-01,Egypt,Upper Egypt,P0009,LipiControl,Molecule I,Iota Pharma,C10AA01,Cardiovascular,Tablet,20 mg,30,8592,11942.0,1308837.29,Hospital,EGP,21.175290051103364,27.088227643486796
2023-07-01,Egypt,Canal,P0009,LipiControl,Molecule I,Iota Pharma,C10AA01,Cardiovascular,Tablet,20 mg,30,1415,2035.0,307784.44,Chain Pharmacy,EGP,5.272219309250875,-57.19548912773041
2023-07-01,Egypt,Cairo,P0010,GastroEase,Molecule J,Kappa Pharma,A02BC02,Gastrointestinal,Capsule,40 mg,14,2533,3915.0,195798.15,Hospital,EGP,3.3543464394060742,44.368896245857094
2023-07-01,Egypt,Giza,P0010,GastroEase,Molecule J,Kappa Pharma,A02BC02,Gastrointestinal,Capsule,40 mg,14,4106,7037.0,356476.13,Independent Pharmacy,EGP,7.854013533717374,-45.23791257585172
2023-07-01,Egypt,Alexandria,P0010,GastroEase,Molecule J,Kappa Pharma,A02BC02,Gastrointestinal,Capsule,40 mg,14,4401,6369.0,203616.23,Chain Pharmacy,EGP,6.160850301676211,-61.40479188415811
2023-07-01,Egypt,Delta,P0010,GastroEase,Molecule J,Kappa Pharma,A02BC02,Gastrointestinal,Capsule,40 mg,14,5860,11316.0,418662.89,Chain Pharmacy,EGP,4.420865804445604,603.4822348689604
2023-07-01,Egypt,Upper Egypt,P0010,GastroEase,Molecule J,Kappa Pharma,A02BC02,Gastrointestinal,Capsule,40 mg,14,5495,7795.0,1126442.54,Independent Pharmacy,EGP,18.22437952574044,22.052683919400117
2023-07-01,Egypt,Canal,P0010,GastroEase,Molecule J,Kappa Pharma,A02BC02,Gastrointestinal,Capsule,40 mg,14,1109,2014.0,53932.93,Independent Pharmacy,EGP,0.923848635592091,-66.44706124761501
2023-08-01,Egypt,Cairo,P0001,CardioSafe,Molecule A,Alpha Pharma,C09AA05,Cardiology,Tablet,20 mg,28,6263,13661.0,845947.73,Hospital,EGP,15.585122753229355,471.6496490151611
2023-08-01,Egypt,Giza,P0001,CardioSafe,Molecule A,Alpha Pharma,C09AA05,Cardiology,Tablet,20 mg,28,6331,10923.0,1118129.87,Hospital,EGP,16.7702866260891,435.5071199806589
2023-08-01,Egypt,Alexandria,P0001,CardioSafe,Molecule A,Alpha Pharma,C09AA05,Cardiology,Tablet,20 mg,28,3620,6735.0,215382.57,Hospital,EGP,4.326505575793361,-68.6973212417897
2023-08-01,Egypt,Delta,P0001,CardioSafe,Molecule A,Alpha Pharma,C09AA05,Cardiology,Tablet,20 mg,28,1128,1816.0,58736.03,Independent Pharmacy,EGP,1.618444060814272,-96.8728845356329
2023-08-01,Egypt,Upper Egypt,P0001,CardioSafe,Molecule A,Alpha Pharma,C09AA05,Cardiology,Tablet,20 mg,28,7567,10113.0,256144.54,Chain Pharmacy,EGP,3.8700273666248335,96.97815306916809
2023-08-01,Egypt,Canal,P0001,CardioSafe,Molecule A,Alpha Pharma,C09AA05,Cardiology,Tablet,20 mg,28,8291,14015.0,1732674.05,Hospital,EGP,21.738524642864267,117.16813449640706
2023-08-01,Egypt,Cairo,P0002,GlucoMax,Molecule B,Beta Pharma,A10BA02,Diabetes,Tablet,500 mg,30,8345,12992.0,675736.86,Hospital,EGP,12.449282075597932,11.624299018395723
2023-08-01,Egypt,Giza,P0002,GlucoMax,Molecule B,Beta Pharma,A10BA02,Diabetes,Tablet,500 mg,30,5412,9431.0,344286.7,Chain Pharmacy,EGP,5.1637889260129946,-50.51889972949621
2023-08-01,Egypt,Alexandria,P0002,GlucoMax,Molecule B,Beta Pharma,A10BA02,Diabetes,Tablet,500 mg,30,4225,6811.0,276301.98,Independent Pharmacy,EGP,5.550226543739103,-61.91364124084331
2023-08-01,Egypt,Delta,P0002,GlucoMax,Molecule B,Beta Pharma,A10BA02,Diabetes,Tablet,500 mg,30,5166,10829.0,170987.59,Hospital,EGP,4.711483726572017,-69.22238639540825
2023-08-01,Egypt,Upper Egypt,P0002,GlucoMax,Molecule B,Beta Pharma,A10BA02,Diabetes,Tablet,500 mg,30,7115,13317.0,744578.72,Hospital,EGP,11.249664049081387,22.23365119642271
2023-08-01,Egypt,Canal,P0002,GlucoMax,Molecule B,Beta Pharma,A10BA02,Diabetes,Tablet,500 mg,30,6827,9445.0,336146.89,Hospital,EGP,4.217375710040318,-72.76323437084588
2023-08-01,Egypt,Cairo,P0003,Respira,Molecule C,Gamma Pharma,R03AC02,Respiratory,Inhaler,100 mcg,1,4111,7022.0,473254.38,Independent Pharmacy,EGP,8.718892839636146,-60.96133527644134
2023-08-01,Egypt,Giza,P0003,Respira,Molecule C,Gamma Pharma,R03AC02,Respiratory,Inhaler,100 mcg,1,6711,11764.0,614366.01,Independent Pharmacy,EGP,9.214577266437503,113.40276508727958
2023-08-01,Egypt,Alexandria,P0003,Respira,Molecule C,Gamma Pharma,R03AC02,Respiratory,Inhaler,100 mcg,1,2859,4237.0,577132.08,Chain Pharmacy,EGP,11.593162631912227,116.43327660979095
2023-08-01,Egypt,Delta,P0003,Respira,Molecule C,Gamma Pharma,R03AC02,Respiratory,Inhaler,100 mcg,1,4013,7477.0,237975.84,Hospital,EGP,6.557313881535533,-80.90031998261784
2023-08-01,Egypt,Upper Egypt,P0003,Respira,Molecule C,Gamma Pharma,R03AC02,Respiratory,Inhaler,100 mcg,1,3782,5814.0,245415.72,Chain Pharmacy,EGP,3.7079281588431967,234.72313186946576
2023-08-01,Egypt,Canal,P0003,Respira,Molecule C,Gamma Pharma,R03AC02,Respiratory,Inhaler,100 mcg,1,4294,7429.0,632766.51,Independent Pharmacy,EGP,7.9388332564998105,24.337508135027306
2023-08-01,Egypt,Cairo,P0004,PainFree,Molecule D,Delta Pharma,N02BE01,Pain,Tablet,500 mg,20,5927,10490.0,1151614.39,Chain Pharmacy,EGP,21.216501913818416,197.05053347839686
2023-08-01,Egypt,Giza,P0004,PainFree,Molecule D,Delta Pharma,N02BE01,Pain,Tablet,500 mg,20,5893,12452.0,328908.99,Chain Pharmacy,EGP,4.933146125679902,-73.609099128495
2023-08-01,Egypt,Alexandria,P0004,PainFree,Molecule D,Delta Pharma,N02BE01,Pain,Tablet,500 mg,20,5677,9014.0,513872.47,Hospital,EGP,10.3224328073609,63.75828606666736
2023-08-01,Egypt,Delta,P0004,PainFree,Molecule D,Delta Pharma,N02BE01,Pain,Tablet,500 mg,20,1273,2375.0,248216.85,Independent Pharmacy,EGP,6.839500161596333,128.65953165931896
2023-08-01,Egypt,Upper Egypt,P0004,PainFree,Molecule D,Delta Pharma,N02BE01,Pain,Tablet,500 mg,20,7428,10257.0,1167422.14,Independent Pharmacy,EGP,17.638305427879615,1798.8111592157281
2023-08-01,Egypt,Canal,P0004,PainFree,Molecule D,Delta Pharma,N02BE01,Pain,Tablet,500 mg,20,3266,4656.0,690959.56,Hospital,EGP,8.668936562120642,-42.57200597442347
2023-08-01,Egypt,Cairo,P0005,Infecto,Molecule E,Epsilon Pharma,J01CA04,Anti-infective,Capsule,500 mg,14,3200,4301.0,405992.55,Chain Pharmacy,EGP,7.479710039113891,-72.19285885676541
2023-08-01,Egypt,Giza,P0005,Infecto,Molecule E,Epsilon Pharma,J01CA04,Anti-infective,Capsule,500 mg,14,8578,17085.0,1332910.63,Hospital,EGP,19.991678884368763,403.0420915575347
2023-08-01,Egypt,Alexandria,P0005,Infecto,Molecule E,Epsilon Pharma,J01CA04,Anti-infective,Capsule,500 mg,14,7938,15682.0,445070.61,Hospital,EGP,8.940372824907568,511.6818609990025
2023-08-01,Egypt,Delta,P0005,Infecto,Molecule E,Epsilon Pharma,J01CA04,Anti-infective,Capsule,500 mg,14,7229,9969.0,247644.78,Chain Pharmacy,EGP,6.82373703811199,-86.35625043259145
2023-08-01,Egypt,Upper Egypt,P0005,Infecto,Molecule E,Epsilon Pharma,J01CA04,Anti-infective,Capsule,500 mg,14,6745,13165.0,247401.57,Chain Pharmacy,EGP,3.7379318975370293,-66.05437974274349
2023-08-01,Egypt,Canal,P0005,Infecto,Molecule E,Epsilon Pharma,J01CA04,Anti-infective,Capsule,500 mg,14,6978,13752.0,743636.68,Hospital,EGP,9.329835749267307,306.93858447189984
2023-08-01,Egypt,Cairo,P0006,NeuroCalm,Molecule F,Zeta Pharma,N06AB10,CNS,Tablet,20 mg,28,1736,3006.0,125834.34,Independent Pharmacy,EGP,2.3182799195780084,-68.39407687803426
2023-08-01,Egypt,Giza,P0006,NeuroCalm,Molecule F,Zeta Pharma,N06AB10,CNS,Tablet,20 mg,28,5039,6867.0,686956.48,Chain Pharmacy,EGP,10.303326454599807,383.9281506440491
2023-08-01,Egypt,Alexandria,P0006,NeuroCalm,Molecule F,Zeta Pharma,N06AB10,CNS,Tablet,20 mg,28,7951,15684.0,300011.85,Chain Pharmacy,EGP,6.026499460142392,-14.64472997689269
2023-08-01,Egypt,Delta,P0006,NeuroCalm,Molecule F,Zeta Pharma,N06AB10,CNS,Tablet,20 mg,28,5413,8410.0,765238.44,Chain Pharmacy,EGP,21.085790243650766,172.7645904616177
2023-08-01,Egypt,Upper Egypt,P0006,NeuroCalm,Molecule F,Zeta Pharma,N06AB10,CNS,Tablet,20 mg,28,3395,5051.0,343962.08,Chain Pharmacy,EGP,5.196841840474915,-65.9882374952377
2023-08-01,Egypt,Canal,P0006,NeuroCalm,Molecule F,Zeta Pharma,N06AB10,CNS,Tablet,20 mg,28,6899,12508.0,791864.89,Independent Pharmacy,EGP,9.934917894732711,-30.40594494399491
2023-08-01,Egypt,Cairo,P0007,ArthroRelief,Molecule G,Eta Pharma,M01AE01,Musculoskeletal,Tablet,400 mg,30,1485,2499.0,164699.2,Hospital,EGP,3.0342976975169287,-64.90223050072356
2023-08-01,Egypt,Giza,P0007,ArthroRelief,Molecule G,Eta Pharma,M01AE01,Musculoskeletal,Tablet,400 mg,30,4168,5443.0,333312.39,Hospital,EGP,4.999190582688569,-37.54488220883603
2023-08-01,Egypt,Alexandria,P0007,ArthroRelief,Molecule G,Eta Pharma,M01AE01,Musculoskeletal,Tablet,400 mg,30,5275,9926.0,823361.64,Chain Pharmacy,EGP,16.53930829386224,744.362021136287
2023-08-01,Egypt,Delta,P0007,ArthroRelief,Molecule G,Eta Pharma,M01AE01,Musculoskeletal,Tablet,400 mg,30,7923,13825.0,826288.9,Independent Pharmacy,EGP,22.768007349522225,239.69766953497097
2023-08-01,Egypt,Upper Egypt,P0007,ArthroRelief,Molecule G,Eta Pharma,M01AE01,Musculoskeletal,Tablet,400 mg,30,7152,15300.0,1525227.7,Chain Pharmacy,EGP,23.044305138552833,119.46905224560736
2023-08-01,Egypt,Canal,P0007,ArthroRelief,Molecule G,Eta Pharma,M01AE01,Musculoskeletal,Tablet,400 mg,30,8661,11838.0,865422.65,Independent Pharmacy,EGP,10.857790363697024,176.12209714061896
2023-08-01,Egypt,Cairo,P0008,Dermacare,Molecule H,Theta Pharma,D07AC01,Dermatology,Cream,0.05%,1,4060,7563.0,655858.24,Hospital,EGP,12.083052908147126,303.01208498756597
2023-08-01,Egypt,Giza,P0008,Dermacare,Molecule H,Theta Pharma,D07AC01,Dermatology,Cream,0.05%,1,4442,7973.0,777093.6,Chain Pharmacy,EGP,11.655249320277465,70.98849082413984
2023-08-01,Egypt,Alexandria,P0008,Dermacare,Molecule H,Theta Pharma,D07AC01,Dermatology,Cream,0.05%,1,7634,10297.0,325629.91,Chain Pharmacy,EGP,6.541103215827028,34.540551718467526
2023-08-01,Egypt,Delta,P0008,Dermacare,Molecule H,Theta Pharma,D07AC01,Dermatology,Cream,0.05%,1,972,1610.0,82902.74,Hospital,EGP,2.28434654467164,-94.99409029320431
2023-08-01,Egypt,Upper Egypt,P0008,Dermacare,Molecule H,Theta Pharma,D07AC01,Dermatology,Cream,0.05%,1,5834,10822.0,551405.76,Hospital,EGP,8.331059414011186,26.289486008535377
2023-08-01,Egypt,Canal,P0008,Dermacare,Molecule H,Theta Pharma,D07AC01,Dermatology,Cream,0.05%,1,2382,4897.0,463970.65,Independent Pharmacy,EGP,5.821081817777989,373.23913306898265
2023-08-01,Egypt,Cairo,P0009,LipiControl,Molecule I,Iota Pharma,C10AA01,Cardiovascular,Tablet,20 mg,30,5055,8047.0,771419.99,Hospital,EGP,14.212078136842996,-3.3165511558749583
2023-08-01,Egypt,Giza,P0009,LipiControl,Molecule I,Iota Pharma,C10AA01,Cardiovascular,Tablet,20 mg,30,3072,5406.0,230364.1,Hospital,EGP,3.455119203068112,-33.887374974859505
2023-08-01,Egypt,Alexandria,P0009,LipiControl,Molecule I,Iota Pharma,C10AA01,Cardiovascular,Tablet,20 mg,30,6223,8178.0,990519.32,Chain Pharmacy,EGP,19.897094555567087,188.26619689748392
2023-08-01,Egypt,Delta,P0009,LipiControl,Molecule I,Iota Pharma,C10AA01,Cardiovascular,Tablet,20 mg,30,5170,8502.0,846882.2,Independent Pharmacy,EGP,23.33544617842446,-33.21988281353158
2023-08-01,Egypt,Upper Egypt,P0009,LipiControl,Molecule I,Iota Pharma,C10AA01,Cardiovascular,Tablet,20 mg,30,3414,6627.0,703703.99,Chain Pharmacy,EGP,10.63209740603133,-46.23441772506345
2023-08-01,Egypt,Canal,P0009,LipiControl,Molecule I,Iota Pharma,C10AA01,Cardiovascular,Tablet,20 mg,30,7300,14733.0,1420807.52,Hospital,EGP,17.825775878785084,361.62421985984736
2023-08-01,Egypt,Cairo,P0010,GastroEase,Molecule J,Kappa Pharma,A02BC02,Gastrointestinal,Capsule,40 mg,14,2279,3334.0,157560.62,Chain Pharmacy,EGP,2.902781716519204,-19.529055815900197
2023-08-01,Egypt,Giza,P0010,GastroEase,Molecule J,Kappa Pharma,A02BC02,Gastrointestinal,Capsule,40 mg,14,8740,14124.0,900998.36,Hospital,EGP,13.513636610777787,152.75138618678338
2023-08-01,Egypt,Alexandria,P0010,GastroEase,Molecule J,Kappa Pharma,A02BC02,Gastrointestinal,Capsule,40 mg,14,2909,4900.0,510928.42,Independent Pharmacy,EGP,10.263294090888095,150.92715840972008
2023-08-01,Egypt,Delta,P0010,GastroEase,Molecule J,Kappa Pharma,A02BC02,Gastrointestinal,Capsule,40 mg,14,1222,2273.0,144293.15,Chain Pharmacy,EGP,3.975930815100763,-65.53476473637299
2023-08-01,Egypt,Upper Egypt,P0010,GastroEase,Molecule J,Kappa Pharma,A02BC02,Gastrointestinal,Capsule,40 mg,14,5442,11801.0,833412.94,Independent Pharmacy,EGP,12.591839300963667,-26.013719261703315
2023-08-01,Egypt,Canal,P0010,GastroEase,Molecule J,Kappa Pharma,A02BC02,Gastrointestinal,Capsule,40 mg,14,3825,7192.0,292273.34,Hospital,EGP,3.6669281242148495,441.9200106502651
2023-09-01,Egypt,Cairo,P0001,CardioSafe,Molecule A,Alpha Pharma,C09AA05,Cardiology,Tablet,20 mg,28,5714,9219.0,500974.75,Independent Pharmacy,EGP,5.8138492721046635,-40.77946754464369
2023-09-01,Egypt,Giza,P0001,CardioSafe,Molecule A,Alpha Pharma,C09AA05,Cardiology,Tablet,20 mg,28,1808,2724.0,264636.22,Hospital,EGP,4.274011736548311,-76.33224662891799
2023-09-01,Egypt,Alexandria,P0001,CardioSafe,Molecule A,Alpha Pharma,C09AA05,Cardiology,Tablet,20 mg,28,5719,11998.0,622227.74,Hospital,EGP,12.284044206247007,188.89419417736542
2023-09-01,Egypt,Delta,P0001,CardioSafe,Molecule A,Alpha Pharma,C09AA05,Cardiology,Tablet,20 mg,28,5533,7633.0,167033.19,Independent Pharmacy,EGP,2.9134221023751006,184.3794345651213
2023-09-01,Egypt,Upper Egypt,P0001,CardioSafe,Molecule A,Alpha Pharma,C09AA05,Cardiology,Tablet,20 mg,28,8266,11900.0,656608.59,Independent Pharmacy,EGP,12.419981330662983,156.34299680953575
2023-09-01,Egypt,Canal,P0001,CardioSafe,Molecule A,Alpha Pharma,C09AA05,Cardiology,Tablet,20 mg,28,8311,18283.0,830903.88,Chain Pharmacy,EGP,12.65307942734108,-52.04499773053103
2023-09-01,Egypt,Cairo,P0002,GlucoMax,Molecule B,Beta Pharma,A10BA02,Diabetes,Tablet,500 mg,30,8574,16511.0,1722382.5,Independent Pharmacy,EGP,19.988377146574372,154.8895290394548
2023-09-01,Egypt,Giza,P0002,GlucoMax,Molecule B,Beta Pharma,A10BA02,Diabetes,Tablet,500 mg,30,1497,3279.0,69285.82,Hospital,EGP,1.1190018050302175,-79.87554558453753
2023-09-01,Egypt,Alexandria,P0002,GlucoMax,Molecule B,Beta Pharma,A10BA02,Diabetes,Tablet,500 mg,30,3997,7116.0,504517.36,Independent Pharmacy,EGP,9.960201313202518,82.59636069202256
2023-09-01,Egypt,Delta,P0002,GlucoMax,Molecule B,Beta Pharma,A10BA02,Diabetes,Tablet,500 mg,30,6163,8775.0,191771.85,Chain Pharmacy,EGP,3.3449181351524353,12.155420168212206
2023-09-01,Egypt,Upper Egypt,P0002,GlucoMax,Molecule B,Beta Pharma,A10BA02,Diabetes,Tablet,500 mg,30,3599,6014.0,294492.19,Hospital,EGP,5.570422863072895,-60.448481525230804
2023-09-01,Egypt,Canal,P0002,GlucoMax,Molecule B,Beta Pharma,A10BA02,Diabetes,Tablet,500 mg,30,8946,12204.0,564478.82,Hospital,EGP,8.595934519540055,67.92623605709989
2023-09-01,Egypt,Cairo,P0003,Respira,Molecule C,Gamma Pharma,R03AC02,Respiratory,Inhaler,100 mcg,1,1789,3687.0,211635.73,Chain Pharmacy,EGP,2.4560484032615197,-55.2807667622643
2023-09-01,Egypt,Giza,P0003,Respira,Molecule C,Gamma Pharma,R03AC02,Respiratory,Inhaler,100 mcg,1,8179,13713.0,535260.17,Chain Pharmacy,EGP,8.644728407497828,-12.876011809312171
2023-09-01,Egypt,Alexandria,P0003,Respira,Molecule C,Gamma Pharma,R03AC02,Respiratory,Inhaler,100 mcg,1,8945,17970.0,442641.37,Hospital,EGP,8.73864311577259,-23.30328094047379
2023-09-01,Egypt,Delta,P0003,Respira,Molecule C,Gamma Pharma,R03AC02,Respiratory,Inhaler,100 mcg,1,8541,11216.0,552058.66,Chain Pharmacy,EGP,9.629103664077665,131.9809691605669
2023-09-01,Egypt,Upper Egypt,P0003,Respira,Molecule C,Gamma Pharma,R03AC02,Respiratory,Inhaler,100 mcg,1,5398,9385.0,1108958.06,Independent Pharmacy,EGP,20.97632990407305,351.8692038146538
2023-09-01,Egypt,Canal,P0003,Respira,Molecule C,Gamma Pharma,R03AC02,Respiratory,Inhaler,100 mcg,1,5263,8254.0,801126.69,Hospital,EGP,12.199629685124172,26.60699915992708
2023-09-01,Egypt,Cairo,P0004,PainFree,Molecule D,Delta Pharma,N02BE01,Pain,Tablet,500 mg,20,7025,9688.0,308470.96,Chain Pharmacy,EGP,3.5798284569460375,-73.21404085615846
2023-09-01,Egypt,Giza,P0004,PainFree,Molecule D,Delta Pharma,N02BE01,Pain,Tablet,500 mg,20,8807,17269.0,1109072.22,Independent Pharmacy,EGP,17.91208960345523,237.19729582338266
2023-09-01,Egypt,Alexandria,P0004,PainFree,Molecule D,Delta Pharma,N02BE01,Pain,Tablet,500 mg,20,4570,9878.0,838716.76,Independent Pharmacy,EGP,16.557978846073723,63.214962654060855
2023-09-01,Egypt,Delta,P0004,PainFree,Molecule D,Delta Pharma,N02BE01,Pain,Tablet,500 mg,20,4020,7654.0,739954.23,Independent Pharmacy,EGP,12.906411045780475,198.10797695643947
2023-09-01,Egypt,Upper Egypt,P0004,PainFree,Molecule D,Delta Pharma,N02BE01,Pain,Tablet,500 mg,20,3501,6671.0,430186.48,Chain Pharmacy,EGP,8.137127859237458,-63.150734831874956
2023-09-01,Egypt,Canal,P0004,PainFree,Molecule D,Delta Pharma,N02BE01,Pain,Tablet,500 mg,20,7493,12957.0,1392613.36,Chain Pharmacy,EGP,21.206842186916177,101.54773746816672
2023-09-01,Egypt,Cairo,P0005,Infecto,Molecule E,Epsilon Pharma,J01CA04,Anti-infective,Capsule,500 mg,14,3338,4361.0,198095.84,Independent Pharmacy,EGP,2.2989169717455056,-51.2070258432082
2023-09-01,Egypt,Giza,P0005,Infecto,Molecule E,Epsilon Pharma,J01CA04,Anti-infective,Capsule,500 mg,14,3542,7223.0,332409.11,Hospital,EGP,5.368578940084538,-75.06141053132723
2023-09-01,Egypt,Alexandria,P0005,Infecto,Molecule E,Epsilon Pharma,J01CA04,Anti-infective,Capsule,500 mg,14,1429,3120.0,101671.4,Hospital,EGP,2.007200727037695,-77.15611911557134
2023-09-01,Egypt,Delta,P0005,Infecto,Molecule E,Epsilon Pharma,J01CA04,Anti-infective,Capsule,500 mg,14,7164,11407.0,1306815.01,Independent Pharmacy,EGP,22.793695874751226,427.69737767135655
2023-09-01,Egypt,Upper Egypt,P0005,Infecto,Molecule E,Epsilon Pharma,J01CA04,Anti-infective,Capsule,500 mg,14,4099,8582.0,132113.59,Independent Pharmacy,EGP,2.4989748022133917,-46.59953451386748
2023-09-01,Egypt,Canal,P0005,Infecto,Molecule E,Epsilon Pharma,J01CA04,Anti-infective,Capsule,500 mg,14,4902,7132.0,742858.79,Independent Pharmacy,EGP,11.31232083447304,-0.10460619021643858
2023-09-01,Egypt,Cairo,P0006,NeuroCalm,Molecule F,Zeta Pharma,N06AB10,CNS,Tablet,20 mg,28,4647,9538.0,228497.32,Hospital,EGP,2.6517284105833006,81.58582148561355
2023-09-01,Egypt,Giza,P0006,NeuroCalm,Molecule F,Zeta Pharma,N06AB10,CNS,Tablet,20 mg,28,8935,15289.0,1852349.75,Independent Pharmacy,EGP,29.916405893691838,169.64586606709062
2023-09-01,Egypt,Alexandria,P0006,NeuroCalm,Molecule F,Zeta Pharma,N06AB10,CNS,Tablet,20 mg,28,7004,12045.0,926197.39,Chain Pharmacy,EGP,18.28502484069675,208.7202688827125
2023-09-01,Egypt,Delta,P0006,NeuroCalm,Molecule F,Zeta Pharma,N06AB10,CNS,Tablet,20 mg,28,4419,6435.0,920515.61,Independent Pharmacy,EGP,16.055794203267617,20.291344747396643
2023-09-01,Egypt,Upper Egypt,P0006,NeuroCalm,Molecule F,Zeta Pharma,N06AB10,CNS,Tablet,20 mg,28,1789,3012.0,150524.09,Independent Pharmacy,EGP,2.847215854448439,-56.23817311489685
2023-09-01,Egypt,Canal,P0006,NeuroCalm,Molecule F,Zeta Pharma,N06AB10,CNS,Tablet,20 mg,28,4045,7937.0,809393.54,Hospital,EGP,12.325518024535844,2.2135910079306598
2023-09-01,Egypt,Cairo,P0007,ArthroRelief,Molecule G,Eta Pharma,M01AE01,Musculoskeletal,Tablet,400 mg,30,8976,15623.0,1248942.04,Hospital,EGP,14.49406535989072,658.3170045756142
2023-09-01,Egypt,Giza,P0007,ArthroRelief,Molecule G,Eta Pharma,M01AE01,Musculoskeletal,Tablet,400 mg,30,2762,5763.0,111074.68,Chain Pharmacy,EGP,1.793913493600188,-66.6755022218046
2023-09-01,Egypt,Alexandria,P0007,ArthroRelief,Molecule G,Eta Pharma,M01AE01,Musculoskeletal,Tablet,400 mg,30,1508,2425.0,170865.79,Independent Pharmacy,EGP,3.373239061465369,-79.24778351345103
2023-09-01,Egypt,Delta,P0007,ArthroRelief,Molecule G,Eta Pharma,M01AE01,Musculoskeletal,Tablet,400 mg,30,1861,3422.0,263087.74,Hospital,EGP,4.588822356682009,-68.1603201979356
2023-09-01,Egypt,Upper Egypt,P0007,ArthroRelief,Molecule G,Eta Pharma,M01AE01,Musculoskeletal,Tablet,400 mg,30,1504,2578.0,297380.04,Independent Pharmacy,EGP,5.625047556736672,-80.5025806966396
2023-09-01,Egypt,Canal,P0007,ArthroRelief,Molecule G,Eta Pharma,M01AE01,Musculoskeletal,Tablet,400 mg,30,1901,2818.0,131602.03,Chain Pharmacy,EGP,2.0040476142551213,-84.79332266147644
2023-09-01,Egypt,Cairo,P0008,Dermacare,Molecule H,Theta Pharma,D07AC01,Dermatology,Cream,0.05%,1,7627,12160.0,1447703.03,Chain Pharmacy,EGP,16.800701446907684,120.7341376087613
2023-09-01,Egypt,Giza,P0008,Dermacare,Molecule H,Theta Pharma,D07AC01,Dermatology,Cream,0.05%,1,6138,11977.0,1280505.47,Independent Pharmacy,EGP,20.68082520032334,64.78136867939719
2023-09-01,Egypt,Alexandria,P0008,Dermacare,Molecule H,Theta Pharma,D07AC01,Dermatology,Cream,0.05%,1,7168,12108.0,439624.55,Hospital,EGP,8.679084938179464,35.00742299747588
2023-09-01,Egypt,Delta,P0008,Dermacare,Molecule H,Theta Pharma,D07AC01,Dermatology,Cream,0.05%,1,1711,3451.0,259648.09,Chain Pharmacy,EGP,4.52882738002836,213.19602946778355
2023-09-01,Egypt,Upper Egypt,P0008,Dermacare,Molecule H,Theta Pharma,D07AC01,Dermatology,Cream,0.05%,1,7895,12378.0,1085052.98,Chain Pharmacy,EGP,20.524156947718637,96.7794061491124
2023-09-01,Egypt,Canal,P0008,Dermacare,Molecule H,Theta Pharma,D07AC01,Dermatology,Cream,0.05%,1,4532,6453.0,211436.96,Chain Pharmacy,EGP,3.219781148158243,-54.428807080792716
2023-09-01,Egypt,Cairo,P0009,LipiControl,Molecule I,Iota Pharma,C10AA01,Cardiovascular,Tablet,20 mg,30,6870,12854.0,1015581.43,Chain Pharmacy,EGP,11.785898106777863,31.65090912409465
2023-09-01,Egypt,Giza,P0009,LipiControl,Molecule I,Iota Pharma,C10AA01,Cardiovascular,Tablet,20 mg,30,2796,4616.0,561368.33,Hospital,EGP,9.066388686123636,143.68741917685958
2023-09-01,Egypt,Alexandria,P0009,LipiControl,Molecule I,Iota Pharma,C10AA01,Cardiovascular,Tablet,20 mg,30,7398,11604.0,776911.56,Hospital,EGP,15.337818187572807,-21.565229035613353
2023-09-01,Egypt,Delta,P0009,LipiControl,Molecule I,Iota Pharma,C10AA01,Cardiovascular,Tablet,20 mg,30,1157,1889.0,46419.98,Chain Pharmacy,EGP,0.809665406760238,-94.51872054932787
2023-09-01,Egypt,Upper Egypt,P0009,LipiControl,Molecule I,Iota Pharma,C10AA01,Cardiovascular,Tablet,20 mg,30,4796,6890.0,922447.89,Hospital,EGP,17.448424749224593,31.08464682714105
2023-09-01,Egypt,Canal,P0009,LipiControl,Molecule I,Iota Pharma,C10AA01,Cardiovascular,Tablet,20 mg,30,1745,2300.0,237865.86,Hospital,EGP,3.6222428274529097,-83.25840364358432
2023-09-01,Egypt,Cairo,P0010,GastroEase,Molecule J,Kappa Pharma,A02BC02,Gastrointestinal,Capsule,40 mg,14,8905,16439.0,1734636.56,Chain Pharmacy,EGP,20.130586425208328,1000.9328092260616
2023-09-01,Egypt,Giza,P0010,GastroEase,Molecule J,Kappa Pharma,A02BC02,Gastrointestinal,Capsule,40 mg,14,1829,3348.0,75790.53,Hospital,EGP,1.2240562336448764,-91.58816115936105
2023-09-01,Egypt,Alexandria,P0010,GastroEase,Molecule J,Kappa Pharma,A02BC02,Gastrointestinal,Capsule,40 mg,14,5064,8648.0,241959.04,Independent Pharmacy,EGP,4.776764763752076,-52.64326067436217
2023-09-01,Egypt,Delta,P0010,GastroEase,Molecule J,Kappa Pharma,A02BC02,Gastrointestinal,Capsule,40 mg,14,8158,12489.0,1285925.64,Independent Pharmacy,EGP,22.42933983112486,791.189664928654
2023-09-01,Egypt,Upper Egypt,P0010,GastroEase,Molecule J,Kappa Pharma,A02BC02,Gastrointestinal,Capsule,40 mg,14,1268,2685.0,208947.66,Hospital,EGP,3.952318132611876,-74.92867581345689
2023-09-01,Egypt,Canal,P0010,GastroEase,Molecule J,Kappa Pharma,A02BC02,Gastrointestinal,Capsule,40 mg,14,3956,6760.0,844531.61,Chain Pharmacy,EGP,12.860603732203343,188.95266670576248
2023-10-01,Egypt,Cairo,P0001,CardioSafe,Molecule A,Alpha Pharma,C09AA05,Cardiology,Tablet,20 mg,28,6804,14483.0,1058077.94,Independent Pharmacy,EGP,18.31444781755299,111.20384610202407
2023-10-01,Egypt,Giza,P0001,CardioSafe,Molecule A,Alpha Pharma,C09AA05,Cardiology,Tablet,20 mg,28,8065,11466.0,841517.99,Hospital,EGP,10.825449813906134,217.9904814238958
2023-10-01,Egypt,Alexandria,P0001,CardioSafe,Molecule A,Alpha Pharma,C09AA05,Cardiology,Tablet,20 mg,28,1132,1771.0,214173.41,Hospital,EGP,3.235668082152602,-65.57957862823667
2023-10-01,Egypt,Delta,P0001,CardioSafe,Molecule A,Alpha Pharma,C09AA05,Cardiology,Tablet,20 mg,28,5470,10048.0,855260.27,Independent Pharmacy,EGP,13.42341459880552,412.0301360466145
2023-10-01,Egypt,Upper Egypt,P0001,CardioSafe,Molecule A,Alpha Pharma,C09AA05,Cardiology,Tablet,20 mg,28,6772,13442.0,867120.95,Hospital,EGP,15.58157063324949,32.06055528454175
2023-10-01,Egypt,Canal,P0001,CardioSafe,Molecule A,Alpha Pharma,C09AA05,Cardiology,Tablet,20 mg,28,7959,12671.0,1179494.25,Independent Pharmacy,EGP,21.239247432262406,41.95315227075363
2023-10-01,Egypt,Cairo,P0002,GlucoMax,Molecule B,Beta Pharma,A10BA02,Diabetes,Tablet,500 mg,30,6132,9720.0,362071.49,Independent Pharmacy,EGP,6.267155905196037,-78.97845048936574
2023-10-01,Egypt,Giza,P0002,GlucoMax,Molecule B,Beta Pharma,A10BA02,Diabetes,Tablet,500 mg,30,4405,6406.0,781679.7,Chain Pharmacy,EGP,10.055678504150817,1028.1957837837524
2023-10-01,Egypt,Alexandria,P0002,GlucoMax,Molecule B,Beta Pharma,A10BA02,Diabetes,Tablet,500 mg,30,5807,9531.0,228710.04,Chain Pharmacy,EGP,3.455283158146685,-54.66755792109909
2023-10-01,Egypt,Delta,P0002,GlucoMax,Molecule B,Beta Pharma,A10BA02,Diabetes,Tablet,500 mg,30,1468,2949.0,304465.74,Independent Pharmacy,EGP,4.778627047825015,58.76456320361929
2023-10-01,Egypt,Upper Egypt,P0002,GlucoMax,Molecule B,Beta Pharma,A10BA02,Diabetes,Tablet,500 mg,30,6851,10040.0,489326.98,Chain Pharmacy,EGP,8.792871284709083,66.15957795009774
2023-10-01,Egypt,Canal,P0002,GlucoMax,Molecule B,Beta Pharma,A10BA02,Diabetes,Tablet,500 mg,30,911,1357.0,42395.04,Independent Pharmacy,EGP,0.763410880943813,-92.48952511628336
2023-10-01,Egypt,Cairo,P0003,Respira,Molecule C,Gamma Pharma,R03AC02,Respiratory,Inhaler,100 mcg,1,2705,4035.0,160850.99,Independent Pharmacy,EGP,2.78419665639824,-23.996297789602927
2023-10-01,Egypt,Giza,P0003,Respira,Molecule C,Gamma Pharma,R03AC02,Respiratory,Inhaler,100 mcg,1,4097,5580.0,288097.09,Chain Pharmacy,EGP,3.706136560820761,-46.17625107431401
2023-10-01,Egypt,Alexandria,P0003,Respira,Molecule C,Gamma Pharma,R03AC02,Respiratory,Inhaler,100 mcg,1,7825,15468.0,1003993.55,Independent Pharmacy,EGP,15.16803549246418,126.8187336398313
2023-10-01,Egypt,Delta,P0003,Respira,Molecule C,Gamma Pharma,R03AC02,Respiratory,Inhaler,100 mcg,1,3687,7063.0,565249.03,Chain Pharmacy,EGP,8.871652697327633,2.3893058755748875
2023-10-01,Egypt,Upper Egypt,P0003,Respira,Molecule C,Gamma Pharma,R03AC02,Respiratory,Inhaler,100 mcg,1,2142,3071.0,106958.9,Hospital,EGP,1.9219783067225729,-90.35500945815751
2023-10-01,Egypt,Canal,P0003,Respira,Molecule C,Gamma Pharma,R03AC02,Respiratory,Inhaler,100 mcg,1,5805,11429.0,614963.46,Hospital,EGP,11.073696280198233,-23.237676677580165
2023-10-01,Egypt,Cairo,P0004,PainFree,Molecule D,Delta Pharma,N02BE01,Pain,Tablet,500 mg,20,1754,3620.0,179107.59,Hospital,EGP,3.100203195600766,-41.9369687182223
2023-10-01,Egypt,Giza,P0004,PainFree,Molecule D,Delta Pharma,N02BE01,Pain,Tablet,500 mg,20,1367,1917.0,44802.54,Chain Pharmacy,EGP,0.57634852025626,-95.96035865004355
2023-10-01,Egypt,Alexandria,P0004,PainFree,Molecule D,Delta Pharma,N02BE01,Pain,Tablet,500 mg,20,7529,13246.0,1395862.57,Hospital,EGP,21.0882759200617,66.42836253802776
2023-10-01,Egypt,Delta,P0004,PainFree,Molecule D,Delta Pharma,N02BE01,Pain,Tablet,500 mg,20,6791,11920.0,474887.92,Independent Pharmacy,EGP,7.4534240180762605,-35.82198725994174
2023-10-01,Egypt,Upper Egypt,P0004,PainFree,Molecule D,Delta Pharma,N02BE01,Pain,Tablet,500 mg,20,2626,5285.0,80686.81,Chain Pharmacy,EGP,1.4498868112765368,-81.24375968301003
2023-10-01,Egypt,Canal,P0004,PainFree,Molecule D,Delta Pharma,N02BE01,Pain,Tablet,500 mg,20,6419,11391.0,1021344.6,Chain Pharmacy,EGP,18.391434017592772,-26.65985912988801
2023-10-01,Egypt,Cairo,P0005,Infecto,Molecule E,Epsilon Pharma,J01CA04,Anti-infective,Capsule,500 mg,14,7378,13626.0,836810.16,Hospital,EGP,14.484486850295895,322.4269222412747
2023-10-01,Egypt,Giza,P0005,Infecto,Molecule E,Epsilon Pharma,J01CA04,Anti-infective,Capsule,500 mg,14,7561,12400.0,1558401.78,Independent Pharmacy,EGP,20.047581227933094,368.8204183092335
2023-10-01,Egypt,Alexandria,P0005,Infecto,Molecule E,Epsilon Pharma,J01CA04,Anti-infective,Capsule,500 mg,14,5719,9551.0,1148272.58,Hospital,EGP,17.34776010111162,1029.3958576354808
2023-10-01,Egypt,Delta,P0005,Infecto,Molecule E,Epsilon Pharma,J01CA04,Anti-infective,Capsule,500 mg,14,4384,6193.0,608399.54,Independent Pharmacy,EGP,9.548905232254695,-53.44409611579224
2023-10-01,Egypt,Upper Egypt,P0005,Infecto,Molecule E,Epsilon Pharma,J01CA04,Anti-infective,Capsule,500 mg,14,3505,5742.0,709546.72,Hospital,EGP,12.750069451407557,437.0732261533427
2023-10-01,Egypt,Canal,P0005,Infecto,Molecule E,Epsilon Pharma,J01CA04,Anti-infective,Capsule,500 mg,14,8871,18495.0,569664.0,Independent Pharmacy,EGP,10.257985275682634,-23.31463157351884
2023-10-01,Egypt,Cairo,P0006,NeuroCalm,Molecule F,Zeta Pharma,N06AB10,CNS,Tablet,20 mg,28,3280,6176.0,577732.08,Chain Pharmacy,EGP,10.000061084050527,152.83976197182528
2023-10-01,Egypt,Giza,P0006,NeuroCalm,Molecule F,Zeta Pharma,N06AB10,CNS,Tablet,20 mg,28,6181,10061.0,1238791.78,Hospital,EGP,15.936056511720503,-33.1232247041899
2023-10-01,Egypt,Alexandria,P0006,NeuroCalm,Molecule F,Zeta Pharma,N06AB10,CNS,Tablet,20 mg,28,3076,5852.0,643998.39,Chain Pharmacy,EGP,9.729335847436259,-30.46855919125404
2023-10-01,Egypt,Delta,P0006,NeuroCalm,Molecule F,Zeta Pharma,N06AB10,CNS,Tablet,20 mg,28,4489,6680.0,490708.52,Chain Pharmacy,EGP,7.701730271097768,-46.69199363169951
2023-10-01,Egypt,Upper Egypt,P0006,NeuroCalm,Molecule F,Zeta Pharma,N06AB10,CNS,Tablet,20 mg,28,1039,1651.0,183206.75,Independent Pharmacy,EGP,3.2921000416528754,21.71257770101782
2023-10-01,Egypt,Canal,P0006,NeuroCalm,Molecule F,Zeta Pharma,N06AB10,CNS,Tablet,20 mg,28,8691,17773.0,432450.84,Independent Pharmacy,EGP,7.787176913367505,-46.57100426079507
2023-10-01,Egypt,Cairo,P0007,ArthroRelief,Molecule G,Eta Pharma,M01AE01,Musculoskeletal,Tablet,400 mg,30,2265,4062.0,104452.03,Hospital,EGP,1.807977636196138,-91.63675922062804
2023-10-01,Egypt,Giza,P0007,ArthroRelief,Molecule G,Eta Pharma,M01AE01,Musculoskeletal,Tablet,400 mg,30,2484,4259.0,366872.21,Independent Pharmacy,EGP,4.719514905999612,230.29328556247023
2023-10-01,Egypt,Alexandria,P0007,ArthroRelief,Molecule G,Eta Pharma,M01AE01,Musculoskeletal,Tablet,400 mg,30,3307,7117.0,322668.32,Chain Pharmacy,EGP,4.874776864904947,88.84313823147394
2023-10-01,Egypt,Delta,P0007,ArthroRelief,Molecule G,Eta Pharma,M01AE01,Musculoskeletal,Tablet,400 mg,30,7193,9958.0,592024.69,Hospital,EGP,9.291899957657698,125.02937233031078
2023-10-01,Egypt,Upper Egypt,P0007,ArthroRelief,Molecule G,Eta Pharma,M01AE01,Musculoskeletal,Tablet,400 mg,30,5899,8916.0,436313.95,Independent Pharmacy,EGP,7.8402633798630825,46.719312432670336
2023-10-01,Egypt,Canal,P0007,ArthroRelief,Molecule G,Eta Pharma,M01AE01,Musculoskeletal,Tablet,400 mg,30,5027,9111.0,244764.38,Independent Pharmacy,EGP,4.407491795254026,85.98830124428932
2023-10-01,Egypt,Cairo,P0008,Dermacare,Molecule H,Theta Pharma,D07AC01,Dermatology,Cream,0.05%,1,7802,12871.0,1143448.67,Hospital,EGP,19.79214404447877,-21.016351675384705
2023-10-01,Egypt,Giza,P0008,Dermacare,Molecule H,Theta Pharma,D07AC01,Dermatology,Cream,0.05%,1,5775,10707.0,260870.69,Chain Pharmacy,EGP,3.355890897251127,-79.62752240332094
2023-10-01,Egypt,Alexandria,P0008,Dermacare,Molecule H,Theta Pharma,D07AC01,Dermatology,Cream,0.05%,1,7827,14388.0,1032689.75,Chain Pharmacy,EGP,15.601569134287724,134.9026572788076
2023-10-01,Egypt,Delta,P0008,Dermacare,Molecule H,Theta Pharma,D07AC01,Dermatology,Cream,0.05%,1,1221,1887.0,82353.82,Hospital,EGP,1.2925532828216164,-68.28252424271636
2023-10-01,Egypt,Upper Egypt,P0008,Dermacare,Molecule H,Theta Pharma,D07AC01,Dermatology,Cream,0.05%,1,8128,12112.0,861656.38,Independent Pharmacy,EGP,15.483376046398215,-20.588543058975795
2023-10-01,Egypt,Canal,P0008,Dermacare,Molecule H,Theta Pharma,D07AC01,Dermatology,Cream,0.05%,1,5216,10771.0,612127.05,Hospital,EGP,11.022620818143762,189.5080642476131
2023-10-01,Egypt,Cairo,P0009,LipiControl,Molecule I,Iota Pharma,C10AA01,Cardiovascular,Tablet,20 mg,30,1795,3203.0,224551.94,Chain Pharmacy,EGP,3.8868070413227684,-77.88932198179323
2023-10-01,Egypt,Giza,P0009,LipiControl,Molecule I,Iota Pharma,C10AA01,Cardiovascular,Tablet,20 mg,30,7669,15098.0,1146201.95,Independent Pharmacy,EGP,14.744963071230774,104.18001671024086
2023-10-01,Egypt,Alexandria,P0009,LipiControl,Molecule I,Iota Pharma,C10AA01,Cardiovascular,Tablet,20 mg,30,2374,4838.0,158693.74,Chain Pharmacy,EGP,2.397497753598001,-79.57377027573126
2023-10-01,Egypt,Delta,P0009,LipiControl,Molecule I,Iota Pharma,C10AA01,Cardiovascular,Tablet,20 mg,30,4913,6471.0,842631.1,Chain Pharmacy,EGP,13.225198230180332,1715.2336558525012
2023-10-01,Egypt,Upper Egypt,P0009,LipiControl,Molecule I,Iota Pharma,C10AA01,Cardiovascular,Tablet,20 mg,30,6270,9410.0,520993.17,Independent Pharmacy,EGP,9.361891069285731,-43.52058521159391
2023-10-01,Egypt,Canal,P0009,LipiControl,Molecule I,Iota Pharma,C10AA01,Cardiovascular,Tablet,20 mg,30,5792,10600.0,599035.07,Chain Pharmacy,EGP,10.786872485671404,151.8373464775483
2023-10-01,Egypt,Cairo,P0010,GastroEase,Molecule J,Kappa Pharma,A02BC02,Gastrointestinal,Capsule,40 mg,14,5831,11773.0,1130182.62,Independent Pharmacy,EGP,19.562519768907872,-34.84614321745876
2023-10-01,Egypt,Giza,P0010,GastroEase,Molecule J,Kappa Pharma,A02BC02,Gastrointestinal,Capsule,40 mg,14,7096,15031.0,1246279.5,Independent Pharmacy,EGP,16.03237998673092,1544.373644042336
2023-10-01,Egypt,Alexandria,P0010,GastroEase,Molecule J,Kappa Pharma,A02BC02,Gastrointestinal,Capsule,40 mg,14,5996,11940.0,470077.95,Hospital,EGP,7.101797645836272,94.279969865974
2023-10-01,Egypt,Delta,P0010,GastroEase,Molecule J,Kappa Pharma,A02BC02,Gastrointestinal,Capsule,40 mg,14,7417,12374.0,1555425.57,Chain Pharmacy,EGP,24.412594663953463,20.95766050671486
2023-10-01,Egypt,Upper Egypt,P0010,GastroEase,Molecule J,Kappa Pharma,A02BC02,Gastrointestinal,Capsule,40 mg,14,8790,13425.0,1309231.39,Chain Pharmacy,EGP,23.525992975434868,526.5834180674719
2023-10-01,Egypt,Canal,P0010,GastroEase,Molecule J,Kappa Pharma,A02BC02,Gastrointestinal,Capsule,40 mg,14,6724,13644.0,237132.51,Independent Pharmacy,EGP,4.270064100883442,-71.92141689048205
2023-11-01,Egypt,Cairo,P0001,CardioSafe,Molecule A,Alpha Pharma,C09AA05,Cardiology,Tablet,20 mg,28,4877,6740.0,638027.88,Independent Pharmacy,EGP,12.503251805732138,-39.69934955831326
2023-11-01,Egypt,Giza,P0001,CardioSafe,Molecule A,Alpha Pharma,C09AA05,Cardiology,Tablet,20 mg,28,5720,11549.0,282414.02,Hospital,EGP,3.921198546364453,-66.43993077319713
2023-11-01,Egypt,Alexandria,P0001,CardioSafe,Molecule A,Alpha Pharma,C09AA05,Cardiology,Tablet,20 mg,28,6614,8920.0,726245.33,Independent Pharmacy,EGP,14.435972406138632,239.09220103466623
2023-11-01,Egypt,Delta,P0001,CardioSafe,Molecule A,Alpha Pharma,C09AA05,Cardiology,Tablet,20 mg,28,8202,12915.0,371670.95,Hospital,EGP,4.838880664398242,-56.542942185306934
2023-11-01,Egypt,Upper Egypt,P0001,CardioSafe,Molecule A,Alpha Pharma,C09AA05,Cardiology,Tablet,20 mg,28,7175,12704.0,693839.09,Independent Pharmacy,EGP,10.991879890165398,-19.98358591151558
2023-11-01,Egypt,Canal,P0001,CardioSafe,Molecule A,Alpha Pharma,C09AA05,Cardiology,Tablet,20 mg,28,3740,5379.0,787152.06,Independent Pharmacy,EGP,12.063542381911928,-33.26359496877581
2023-11-01,Egypt,Cairo,P0002,GlucoMax,Molecule B,Beta Pharma,A10BA02,Diabetes,Tablet,500 mg,30,8737,19117.0,984976.49,Independent Pharmacy,EGP,19.302305531219424,172.0392290483849
2023-11-01,Egypt,Giza,P0002,GlucoMax,Molecule B,Beta Pharma,A10BA02,Diabetes,Tablet,500 mg,30,7144,14503.0,818717.07,Chain Pharmacy,EGP,11.367538285697586,4.738177286681489
2023-11-01,Egypt,Alexandria,P0002,GlucoMax,Molecule B,Beta Pharma,A10BA02,Diabetes,Tablet,500 mg,30,4212,6365.0,852159.49,Independent Pharmacy,EGP,16.93883647178725,272.5938266636655
2023-11-01,Egypt,Delta,P0002,GlucoMax,Molecule B,Beta Pharma,A10BA02,Diabetes,Tablet,500 mg,30,8330,17371.0,1714417.54,Chain Pharmacy,EGP,22.320447387699254,463.09046134386097
2023-11-01,Egypt,Upper Egypt,P0002,GlucoMax,Molecule B,Beta Pharma,A10BA02,Diabetes,Tablet,500 mg,30,8990,16156.0,302490.47,Independent Pharmacy,EGP,4.792089350514512,-38.18234383887845
2023-11-01,Egypt,Canal,P0002,GlucoMax,Molecule B,Beta Pharma,A10BA02,Diabetes,Tablet,500 mg,30,828,1560.0,147464.53,Independent Pharmacy,EGP,2.259975801224128,247.83439289124388
2023-11-01,Egypt,Cairo,P0003,Respira,Molecule C,Gamma Pharma,R03AC02,Respiratory,Inhaler,100 mcg,1,1000,2056.0,51688.26,Independent Pharmacy,EGP,1.0129202037066973,-67.86574953626334
2023-11-01,Egypt,Giza,P0003,Respira,Molecule C,Gamma Pharma,R03AC02,Respiratory,Inhaler,100 mcg,1,4954,7541.0,997712.9,Independent Pharmacy,EGP,13.852819251569247,246.31134247138698
2023-11-01,Egypt,Alexandria,P0003,Respira,Molecule C,Gamma Pharma,R03AC02,Respiratory,Inhaler,100 mcg,1,1837,3109.0,252051.55,Chain Pharmacy,EGP,5.010165395107561,-74.89510266276113
2023-11-01,Egypt,Delta,P0003,Respira,Molecule C,Gamma Pharma,R03AC02,Respiratory,Inhaler,100 mcg,1,3215,5538.0,153743.61,Chain Pharmacy,EGP,2.0016280037591963,-72.80072997206204
2023-11-01,Egypt,Upper Egypt,P0003,Respira,Molecule C,Gamma Pharma,R03AC02,Respiratory,Inhaler,100 mcg,1,6429,10958.0,1083038.5,Hospital,EGP,17.157622394011987,912.5744561696129
2023-11-01,Egypt,Canal,P0003,Respira,Molecule C,Gamma Pharma,R03AC02,Respiratory,Inhaler,100 mcg,1,6575,12607.0,1028303.03,Independent Pharmacy,EGP,15.759314895083234,67.21367965504814
2023-11-01,Egypt,Cairo,P0004,PainFree,Molecule D,Delta Pharma,N02BE01,Pain,Tablet,500 mg,20,3290,5395.0,348267.13,Chain Pharmacy,EGP,6.824892388792867,94.44576860198946
2023-11-01,Egypt,Giza,P0004,PainFree,Molecule D,Delta Pharma,N02BE01,Pain,Tablet,500 mg,20,5867,9299.0,792987.77,Independent Pharmacy,EGP,11.010297898839404,1669.9616361036674
2023-11-01,Egypt,Alexandria,P0004,PainFree,Molecule D,Delta Pharma,N02BE01,Pain,Tablet,500 mg,20,4399,5823.0,802460.42,Independent Pharmacy,EGP,15.95094109608721,-42.51150240385054
2023-11-01,Egypt,Delta,P0004,PainFree,Molecule D,Delta Pharma,N02BE01,Pain,Tablet,500 mg,20,1135,1757.0,126154.6,Hospital,EGP,1.6424395144815445,-73.43486858962427
2023-11-01,Egypt,Upper Egypt,P0004,PainFree,Molecule D,Delta Pharma,N02BE01,Pain,Tablet,500 mg,20,5755,11141.0,435919.25,Hospital,EGP,6.905883665059839,440.2608555227304
2023-11-01,Egypt,Canal,P0004,PainFree,Molecule D,Delta Pharma,N02BE01,Pain,Tablet,500 mg,20,6752,9583.0,1156225.87,Hospital,EGP,17.719803446627573,13.206244983328851
2023-11-01,Egypt,Cairo,P0005,Infecto,Molecule E,Epsilon Pharma,J01CA04,Anti-infective,Capsule,500 mg,14,3347,5464.0,637669.52,Independent Pharmacy,EGP,12.496229126226185,-23.797588690844773
2023-11-01,Egypt,Giza,P0005,Infecto,Molecule E,Epsilon Pharma,J01CA04,Anti-infective,Capsule,500 mg,14,4613,6773.0,763374.59,Chain Pharmacy,EGP,10.599131490141884,-51.01554683799194
2023-11-01,Egypt,Alexandria,P0005,Infecto,Molecule E,Epsilon Pharma,J01CA04,Anti-infective,Capsule,500 mg,14,1445,2446.0,149641.04,Hospital,EGP,2.974496131033142,-86.96816046935476
2023-11-01,Egypt,Delta,P0005,Infecto,Molecule E,Epsilon Pharma,J01CA04,Anti-infective,Capsule,500 mg,14,4068,6411.0,130634.53,Chain Pharmacy,EGP,1.7007648871125172,-78.5281675262279
2023-11-01,Egypt,Upper Egypt,P0005,Infecto,Molecule E,Epsilon Pharma,J01CA04,Anti-infective,Capsule,500 mg,14,6418,10542.0,1035986.33,Hospital,EGP,16.41221642212931,46.00678162531708
2023-11-01,Egypt,Canal,P0005,Infecto,Molecule E,Epsilon Pharma,J01CA04,Anti-infective,Capsule,500 mg,14,6919,12693.0,266729.3,Chain Pharmacy,EGP,4.087774622666554,-53.17778550162904
2023-11-01,Egypt,Cairo,P0006,NeuroCalm,Molecule F,Zeta Pharma,N06AB10,CNS,Tablet,20 mg,28,7397,15721.0,359997.64,Hospital,EGP,7.054771873588515,-37.68778773718087
2023-11-01,Egypt,Giza,P0006,NeuroCalm,Molecule F,Zeta Pharma,N06AB10,CNS,Tablet,20 mg,28,8861,17178.0,1140263.35,Hospital,EGP,15.83207161773577,-7.95359087707217
2023-11-01,Egypt,Alexandria,P0006,NeuroCalm,Molecule F,Zeta Pharma,N06AB10,CNS,Tablet,20 mg,28,4424,7602.0,517270.12,Chain Pharmacy,EGP,10.282058789748111,-19.678351990911036
2023-11-01,Egypt,Delta,P0006,NeuroCalm,Molecule F,Zeta Pharma,N06AB10,CNS,Tablet,20 mg,28,8089,10975.0,1466061.28,Hospital,EGP,19.087032711636294,198.76417878377168
2023-11-01,Egypt,Upper Egypt,P0006,NeuroCalm,Molecule F,Zeta Pharma,N06AB10,CNS,Tablet,20 mg,28,5009,10373.0,412431.31,Independent Pharmacy,EGP,6.533784976663064,125.11796645047193
2023-11-01,Egypt,Canal,P0006,NeuroCalm,Molecule F,Zeta Pharma,N06AB10,CNS,Tablet,20 mg,28,2010,3187.0,209962.13,Hospital,EGP,3.21778622271725,-51.44832416096128
2023-11-01,Egypt,Cairo,P0007,ArthroRelief,Molecule G,Eta Pharma,M01AE01,Musculoskeletal,Tablet,400 mg,30,7116,10488.0,1040851.71,Hospital,EGP,20.39727640515785,896.487775297426
2023-11-01,Egypt,Giza,P0007,ArthroRelief,Molecule G,Eta Pharma,M01AE01,Musculoskeletal,Tablet,400 mg,30,3983,8158.0,418346.76,Independent Pharmacy,EGP,5.80856682394266,14.030648437503611
2023-11-01,Egypt,Alexandria,P0007,ArthroRelief,Molecule G,Eta Pharma,M01AE01,Musculoskeletal,Tablet,400 mg,30,3375,5545.0,425797.03,Hospital,EGP,8.463798556468216,31.961213297915346
2023-11-01,Egypt,Delta,P0007,ArthroRelief,Molecule G,Eta Pharma,M01AE01,Musculoskeletal,Tablet,400 mg,30,3364,6619.0,607680.72,Independent Pharmacy,EGP,7.911553179325964,2.644489370874048
2023-11-01,Egypt,Upper Egypt,P0007,ArthroRelief,Molecule G,Eta Pharma,M01AE01,Musculoskeletal,Tablet,400 mg,30,7658,12124.0,1483000.11,Chain Pharmacy,EGP,23.493860927066066,239.89289363771204
2023-11-01,Egypt,Canal,P0007,ArthroRelief,Molecule G,Eta Pharma,M01AE01,Musculoskeletal,Tablet,400 mg,30,2287,3578.0,123680.81,Chain Pharmacy,EGP,1.8954770864274897,-49.46944077402112
2023-11-01,Egypt,Cairo,P0008,Dermacare,Molecule H,Theta Pharma,D07AC01,Dermatology,Cream,0.05%,1,2460,5207.0,190237.67,Independent Pharmacy,EGP,3.728033782702058,-83.36281505316718
2023-11-01,Egypt,Giza,P0008,Dermacare,Molecule H,Theta Pharma,D07AC01,Dermatology,Cream,0.05%,1,5801,12473.0,285250.89,Hospital,EGP,3.9605872796866337,9.345703037777064
2023-11-01,Egypt,Alexandria,P0008,Dermacare,Molecule H,Theta Pharma,D07AC01,Dermatology,Cream,0.05%,1,3420,5328.0,481439.3,Hospital,EGP,9.56983014270219,-53.38006405118285
2023-11-01,Egypt,Delta,P0008,Dermacare,Molecule H,Theta Pharma,D07AC01,Dermatology,Cream,0.05%,1,6480,9102.0,1280280.08,Independent Pharmacy,EGP,16.668298999763724,1454.6092215273075
2023-11-01,Egypt,Upper Egypt,P0008,Dermacare,Molecule H,Theta Pharma,D07AC01,Dermatology,Cream,0.05%,1,1289,2793.0,140447.92,Independent Pharmacy,EGP,2.2249923501190443,-83.70024022801293
2023-11-01,Egypt,Canal,P0008,Dermacare,Molecule H,Theta Pharma,D07AC01,Dermatology,Cream,0.05%,1,8211,13358.0,1737338.39,Chain Pharmacy,EGP,26.62567547557156,183.8199014403954
2023-11-01,Egypt,Cairo,P0009,LipiControl,Molecule I,Iota Pharma,C10AA01,Cardiovascular,Tablet,20 mg,30,5088,7665.0,611453.28,Independent Pharmacy,EGP,11.982476890008066,172.29926403664115
2023-11-01,Egypt,Giza,P0009,LipiControl,Molecule I,Iota Pharma,C10AA01,Cardiovascular,Tablet,20 mg,30,2608,5405.0,174875.67,Independent Pharmacy,EGP,2.428074296731125,-84.74303153994809
2023-11-01,Egypt,Alexandria,P0009,LipiControl,Molecule I,Iota Pharma,C10AA01,Cardiovascular,Tablet,20 mg,30,8776,12308.0,613551.49,Independent Pharmacy,EGP,12.195895813037781,286.6261454295551
2023-11-01,Egypt,Delta,P0009,LipiControl,Molecule I,Iota Pharma,C10AA01,Cardiovascular,Tablet,20 mg,30,6153,9255.0,652711.75,Independent Pharmacy,EGP,8.497823858713033,-22.538848850938443
2023-11-01,Egypt,Upper Egypt,P0009,LipiControl,Molecule I,Iota Pharma,C10AA01,Cardiovascular,Tablet,20 mg,30,5591,11258.0,247553.39,Hospital,EGP,3.921769713613674,-52.484331032593005
2023-11-01,Egypt,Canal,P0009,LipiControl,Molecule I,Iota Pharma,C10AA01,Cardiovascular,Tablet,20 mg,30,2983,5935.0,599746.89,Chain Pharmacy,EGP,9.1914540958387,0.11882776746277024
2023-11-01,Egypt,Cairo,P0010,GastroEase,Molecule J,Kappa Pharma,A02BC02,Gastrointestinal,Capsule,40 mg,14,1119,2050.0,239725.97,Hospital,EGP,4.697841992866187,-78.78874035419162
2023-11-01,Egypt,Giza,P0010,GastroEase,Molecule J,Kappa Pharma,A02BC02,Gastrointestinal,Capsule,40 mg,14,7760,11169.0,1528294.17,Chain Pharmacy,EGP,21.219714509291247,22.628525142233347
2023-11-01,Egypt,Alexandria,P0010,GastroEase,Molecule J,Kappa Pharma,A02BC02,Gastrointestinal,Capsule,40 mg,14,3596,5412.0,210187.21,Hospital,EGP,4.1780051978899,-55.28673276421496
2023-11-01,Egypt,Delta,P0010,GastroEase,Molecule J,Kappa Pharma,A02BC02,Gastrointestinal,Capsule,40 mg,14,7021,12866.0,1177573.15,Independent Pharmacy,EGP,15.331130793110223,-24.292542651205107
2023-11-01,Egypt,Upper Egypt,P0010,GastroEase,Molecule J,Kappa Pharma,A02BC02,Gastrointestinal,Capsule,40 mg,14,2398,4238.0,477581.4,Chain Pharmacy,EGP,7.5659003106570974,-63.522002019826296
2023-11-01,Egypt,Canal,P0010,GastroEase,Molecule J,Kappa Pharma,A02BC02,Gastrointestinal,Capsule,40 mg,14,5178,7668.0,468446.06,Independent Pharmacy,EGP,7.179195971931596,97.54611461751912
2023-12-01,Egypt,Cairo,P0001,CardioSafe,Molecule A,Alpha Pharma,C09AA05,Cardiology,Tablet,20 mg,28,5124,6667.0,1076461.27,Chain Pharmacy,EGP,19.38022294420746,68.71696421792728
2023-12-01,Egypt,Giza,P0001,CardioSafe,Molecule A,Alpha Pharma,C09AA05,Cardiology,Tablet,20 mg,28,4106,8814.0,138991.21,Independent Pharmacy,EGP,2.9565944088076535,-50.78459277623683
2023-12-01,Egypt,Alexandria,P0001,CardioSafe,Molecule A,Alpha Pharma,C09AA05,Cardiology,Tablet,20 mg,28,817,1370.0,42366.54,Hospital,EGP,0.6570003441927059,-94.16635973411354
2023-12-01,Egypt,Delta,P0001,CardioSafe,Molecule A,Alpha Pharma,C09AA05,Cardiology,Tablet,20 mg,28,3760,6220.0,260997.29,Independent Pharmacy,EGP,4.623635485233129,-29.777323194077987
2023-12-01,Egypt,Upper Egypt,P0001,CardioSafe,Molecule A,Alpha Pharma,C09AA05,Cardiology,Tablet,20 mg,28,4942,6740.0,582651.18,Chain Pharmacy,EGP,9.82311931872303,-16.025028223762938
2023-12-01,Egypt,Canal,P0001,CardioSafe,Molecule A,Alpha Pharma,C09AA05,Cardiology,Tablet,20 mg,28,6204,9560.0,1264947.8,Independent Pharmacy,EGP,15.864706222272265,60.699293602814166
2023-12-01,Egypt,Cairo,P0002,GlucoMax,Molecule B,Beta Pharma,A10BA02,Diabetes,Tablet,500 mg,30,4694,8968.0,166824.59,Chain Pharmacy,EGP,3.0034501350671,-83.06308915048317
2023-12-01,Egypt,Giza,P0002,GlucoMax,Molecule B,Beta Pharma,A10BA02,Diabetes,Tablet,500 mg,30,7688,11820.0,686864.36,Independent Pharmacy,EGP,14.610847163538235,-16.10479551867655
2023-12-01,Egypt,Alexandria,P0002,GlucoMax,Molecule B,Beta Pharma,A10BA02,Diabetes,Tablet,500 mg,30,3718,5111.0,508302.32,Hospital,EGP,7.882512926331745,-40.351269220741756
2023-12-01,Egypt,Delta,P0002,GlucoMax,Molecule B,Beta Pharma,A10BA02,Diabetes,Tablet,500 mg,30,3516,6784.0,677496.25,Chain Pharmacy,EGP,12.002023862440778,-60.48242425237904
2023-12-01,Egypt,Upper Egypt,P0002,GlucoMax,Molecule B,Beta Pharma,A10BA02,Diabetes,Tablet,500 mg,30,6005,11264.0,673227.58,Independent Pharmacy,EGP,11.350178415488928,122.561583510383
2023-12-01,Egypt,Canal,P0002,GlucoMax,Molecule B,Beta Pharma,A10BA02,Diabetes,Tablet,500 mg,30,2243,4377.0,400215.45,Independent Pharmacy,EGP,5.019417038287663,171.39777273897664
2023-12-01,Egypt,Cairo,P0003,Respira,Molecule C,Gamma Pharma,R03AC02,Respiratory,Inhaler,100 mcg,1,8831,11705.0,673295.32,Chain Pharmacy,EGP,12.121767659036633,1202.6078262259166
2023-12-01,Egypt,Giza,P0003,Respira,Molecule C,Gamma Pharma,R03AC02,Respiratory,Inhaler,100 mcg,1,4980,6960.0,522442.7,Independent Pharmacy,EGP,11.113301091071689,-47.63596822292264
2023-12-01,Egypt,Alexandria,P0003,Respira,Molecule C,Gamma Pharma,R03AC02,Respiratory,Inhaler,100 mcg,1,4026,5361.0,488713.76,Hospital,EGP,7.578742765675731,93.89436803701466
2023-12-01,Egypt,Delta,P0003,Respira,Molecule C,Gamma Pharma,R03AC02,Respiratory,Inhaler,100 mcg,1,5376,9373.0,419754.53,Hospital,EGP,7.436061654108954,173.02242350104834
2023-12-01,Egypt,Upper Egypt,P0003,Respira,Molecule C,Gamma Pharma,R03AC02,Respiratory,Inhaler,100 mcg,1,3611,6527.0,355273.49,Hospital,EGP,5.989679593627792,-67.19659642755083
2023-12-01,Egypt,Canal,P0003,Respira,Molecule C,Gamma Pharma,R03AC02,Respiratory,Inhaler,100 mcg,1,2693,5286.0,420386.99,Independent Pharmacy,EGP,5.272404201987866,-59.11837486270949
2023-12-01,Egypt,Cairo,P0004,PainFree,Molecule D,Delta Pharma,N02BE01,Pain,Tablet,500 mg,20,2817,5738.0,153230.46,Independent Pharmacy,EGP,2.758706290142202,-56.00203211827657
2023-12-01,Egypt,Giza,P0004,PainFree,Molecule D,Delta Pharma,N02BE01,Pain,Tablet,500 mg,20,3181,4371.0,664700.69,Hospital,EGP,14.139385818603847,-16.177687078326574
2023-12-01,Egypt,Alexandria,P0004,PainFree,Molecule D,Delta Pharma,N02BE01,Pain,Tablet,500 mg,20,7797,14367.0,1415345.96,Independent Pharmacy,EGP,21.94851840324359,76.37579682746221
2023-12-01,Egypt,Delta,P0004,PainFree,Molecule D,Delta Pharma,N02BE01,Pain,Tablet,500 mg,20,8491,18449.0,1117081.78,Independent Pharmacy,EGP,19.789396885750758,785.4863635570957
2023-12-01,Egypt,Upper Egypt,P0004,PainFree,Molecule D,Delta Pharma,N02BE01,Pain,Tablet,500 mg,20,3648,5908.0,694825.87,Independent Pharmacy,EGP,11.714311514387624,59.39325230532948
2023-12-01,Egypt,Canal,P0004,PainFree,Molecule D,Delta Pharma,N02BE01,Pain,Tablet,500 mg,20,1076,1807.0,104445.74,Chain Pharmacy,EGP,1.3099362529171805,-90.96666640057103
2023-12-01,Egypt,Cairo,P0005,Infecto,Molecule E,Epsilon Pharma,J01CA04,Anti-infective,Capsule,500 mg,14,4692,8943.0,812705.89,Independent Pharmacy,EGP,14.631665602117335,27.449386321616885
2023-12-01,Egypt,Giza,P0005,Infecto,Molecule E,Epsilon Pharma,J01CA04,Anti-infective,Capsule,500 mg,14,2799,4930.0,207990.91,Hospital,EGP,4.424342816994081,-72.75375513874518
2023-12-01,Egypt,Alexandria,P0005,Infecto,Molecule E,Epsilon Pharma,J01CA04,Anti-infective,Capsule,500 mg,14,1096,2335.0,151321.01,Chain Pharmacy,EGP,2.3466149384299,1.1226666160566667
2023-12-01,Egypt,Delta,P0005,Infecto,Molecule E,Epsilon Pharma,J01CA04,Anti-infective,Capsule,500 mg,14,2071,3060.0,114603.39,Hospital,EGP,2.0302291289385095,-12.271747753063455
2023-12-01,Egypt,Upper Egypt,P0005,Infecto,Molecule E,Epsilon Pharma,J01CA04,Anti-infective,Capsule,500 mg,14,2485,4294.0,152875.11,Chain Pharmacy,EGP,2.577374762019547,-85.24352053950365
2023-12-01,Egypt,Canal,P0005,Infecto,Molecule E,Epsilon Pharma,J01CA04,Anti-infective,Capsule,500 mg,14,5148,10923.0,668940.32,Chain Pharmacy,EGP,8.389707193476916,150.79371482623017
2023-12-01,Egypt,Cairo,P0006,NeuroCalm,Molecule F,Zeta Pharma,N06AB10,CNS,Tablet,20 mg,28,1558,3167.0,114883.86,Hospital,EGP,2.0683278456373237,-68.08760746320448
2023-12-01,Egypt,Giza,P0006,NeuroCalm,Molecule F,Zeta Pharma,N06AB10,CNS,Tablet,20 mg,28,3705,7527.0,149625.47,Independent Pharmacy,EGP,3.1828043515645144,-86.8779900713287
2023-12-01,Egypt,Alexandria,P0006,NeuroCalm,Molecule F,Zeta Pharma,N06AB10,CNS,Tablet,20 mg,28,1272,2721.0,149639.09,Chain Pharmacy,EGP,2.320532515392649,-71.07138336155971
2023-12-01,Egypt,Delta,P0006,NeuroCalm,Molecule F,Zeta Pharma,N06AB10,CNS,Tablet,20 mg,28,8200,12093.0,1258372.43,Independent Pharmacy,EGP,22.292397829061912,-14.166450804839492
2023-12-01,Egypt,Upper Egypt,P0006,NeuroCalm,Molecule F,Zeta Pharma,N06AB10,CNS,Tablet,20 mg,28,5845,11234.0,1142862.74,Hospital,EGP,19.267921262843295,177.10377759632263
2023-12-01,Egypt,Canal,P0006,NeuroCalm,Molecule F,Zeta Pharma,N06AB10,CNS,Tablet,20 mg,28,7388,13036.0,315612.52,Independent Pharmacy,EGP,3.958345087339596,50.31878367779943
2023-12-01,Egypt,Cairo,P0007,ArthroRelief,Molecule G,Eta Pharma,M01AE01,Musculoskeletal,Tablet,400 mg,30,6689,9820.0,498000.19,Chain Pharmacy,EGP,8.965816957313915,-52.15454946987597
2023-12-01,Egypt,Giza,P0007,ArthroRelief,Molecule G,Eta Pharma,M01AE01,Musculoskeletal,Tablet,400 mg,30,5488,7694.0,588614.4,Hospital,EGP,12.520892824687774,40.70012159291014
2023-12-01,Egypt,Alexandria,P0007,ArthroRelief,Molecule G,Eta Pharma,M01AE01,Musculoskeletal,Tablet,400 mg,30,6023,12026.0,641921.98,Chain Pharmacy,EGP,9.954623667754394,50.75774013736074
2023-12-01,Egypt,Delta,P0007,ArthroRelief,Molecule G,Eta Pharma,M01AE01,Musculoskeletal,Tablet,400 mg,30,1671,2704.0,63051.37,Hospital,EGP,1.1169715659674613,-89.62426025298285
2023-12-01,Egypt,Upper Egypt,P0007,ArthroRelief,Molecule G,Eta Pharma,M01AE01,Musculoskeletal,Tablet,400 mg,30,4218,7554.0,721063.7,Independent Pharmacy,EGP,12.156664235194558,-51.37804136777846
2023-12-01,Egypt,Canal,P0007,ArthroRelief,Molecule G,Eta Pharma,M01AE01,Musculoskeletal,Tablet,400 mg,30,8845,17152.0,1162043.22,Chain Pharmacy,EGP,14.574098870232666,839.5501371635584
2023-12-01,Egypt,Cairo,P0008,Dermacare,Molecule H,Theta Pharma,D07AC01,Dermatology,Cream,0.05%,1,1899,3551.0,112140.43,Independent Pharmacy,EGP,2.0189361150534384,-41.052458222390975
2023-12-01,Egypt,Giza,P0008,Dermacare,Molecule H,Theta Pharma,D07AC01,Dermatology,Cream,0.05%,1,3949,7973.0,181039.03,Hospital,EGP,3.851027585657834,-36.53340397991397
2023-12-01,Egypt,Alexandria,P0008,Dermacare,Molecule H,Theta Pharma,D07AC01,Dermatology,Cream,0.05%,1,8481,17188.0,847503.02,Hospital,EGP,13.142677590484322,76.03528004464945
2023-12-01,Egypt,Delta,P0008,Dermacare,Molecule H,Theta Pharma,D07AC01,Dermatology,Cream,0.05%,1,4684,9581.0,307209.65,Hospital,EGP,5.44229957003021,-76.00449660983556
2023-12-01,Egypt,Upper Egypt,P0008,Dermacare,Molecule H,Theta Pharma,D07AC01,Dermatology,Cream,0.05%,1,3065,4826.0,647203.32,Independent Pharmacy,EGP,10.911426345748897,360.81374505225847
2023-12-01,Egypt,Canal,P0008,Dermacare,Molecule H,Theta Pharma,D07AC01,Dermatology,Cream,0.05%,1,6444,11594.0,1319393.79,Chain Pharmacy,EGP,16.54755624685887,-24.05660304323327
2023-12-01,Egypt,Cairo,P0009,LipiControl,Molecule I,Iota Pharma,C10AA01,Cardiovascular,Tablet,20 mg,30,7572,13581.0,994742.81,Hospital,EGP,17.908993075010866,62.68500677598785
2023-12-01,Egypt,Giza,P0009,LipiControl,Molecule I,Iota Pharma,C10AA01,Cardiovascular,Tablet,20 mg,30,5046,7114.0,630633.71,Chain Pharmacy,EGP,13.414719542276284,260.6183238640343
2023-12-01,Egypt,Alexandria,P0009,LipiControl,Molecule I,Iota Pharma,C10AA01,Cardiovascular,Tablet,20 mg,30,5962,10659.0,658608.74,Hospital,EGP,10.213394080997041,7.343678686201227
2023-12-01,Egypt,Delta,P0009,LipiControl,Molecule I,Iota Pharma,C10AA01,Cardiovascular,Tablet,20 mg,30,5649,10115.0,414510.34,Independent Pharmacy,EGP,7.343159452038944,-36.49412010738278
2023-12-01,Egypt,Upper Egypt,P0009,LipiControl,Molecule I,Iota Pharma,C10AA01,Cardiovascular,Tablet,20 mg,30,7519,10530.0,705897.48,Independent Pharmacy,EGP,11.900971646235924,185.14959136693702
2023-12-01,Egypt,Canal,P0009,LipiControl,Molecule I,Iota Pharma,C10AA01,Cardiovascular,Tablet,20 mg,30,7601,15278.0,1306929.09,Chain Pharmacy,EGP,16.391226631005352,117.9134417854172
2023-12-01,Egypt,Cairo,P0010,GastroEase,Molecule J,Kappa Pharma,A02BC02,Gastrointestinal,Capsule,40 mg,14,6689,9362.0,952147.0,Independent Pharmacy,EGP,17.142113376413718,297.1814150965788
2023-12-01,Egypt,Giza,P0010,GastroEase,Molecule J,Kappa Pharma,A02BC02,Gastrointestinal,Capsule,40 mg,14,4793,7851.0,930155.25,Chain Pharmacy,EGP,19.786084396798078,-39.13768250519466
2023-12-01,Egypt,Alexandria,P0010,GastroEase,Molecule J,Kappa Pharma,A02BC02,Gastrointestinal,Capsule,40 mg,14,8600,11504.0,1544758.22,Independent Pharmacy,EGP,23.955382767497927,634.9439673327412
2023-12-01,Egypt,Delta,P0010,GastroEase,Molecule J,Kappa Pharma,A02BC02,Gastrointestinal,Capsule,40 mg,14,6279,10944.0,1011773.02,Hospital,EGP,17.923824566429364,-14.079815763462333
2023-12-01,Egypt,Upper Egypt,P0010,GastroEase,Molecule J,Kappa Pharma,A02BC02,Gastrointestinal,Capsule,40 mg,14,5136,10412.0,255546.82,Independent Pharmacy,EGP,4.308352905730384,-46.491463025988864
2023-12-01,Egypt,Canal,P0010,GastroEase,Molecule J,Kappa Pharma,A02BC02,Gastrointestinal,Capsule,40 mg,14,4644,6934.0,1010430.33,Hospital,EGP,12.672602255621628,115.69833034778858
2024-01-01,Egypt,Cairo,P0001,CardioSafe,Molecule A,Alpha Pharma,C09AA05,Cardiology,Tablet,20 mg,28,3331,6929.0,375798.29,Chain Pharmacy,EGP,7.55350540756566,-65.08947414336608
2024-01-01,Egypt,Giza,P0001,CardioSafe,Molecule A,Alpha Pharma,C09AA05,Cardiology,Tablet,20 mg,28,2894,3814.0,422306.45,Hospital,EGP,9.198861957618753,203.83680378061322
2024-01-01,Egypt,Alexandria,P0001,CardioSafe,Molecule A,Alpha Pharma,C09AA05,Cardiology,Tablet,20 mg,28,5241,8324.0,426525.71,Independent Pharmacy,EGP,5.015345715326941,906.7513419788352
2024-01-01,Egypt,Delta,P0001,CardioSafe,Molecule A,Alpha Pharma,C09AA05,Cardiology,Tablet,20 mg,28,5746,10537.0,790777.26,Hospital,EGP,13.986930595632845,202.98293901825568
2024-01-01,Egypt,Upper Egypt,P0001,CardioSafe,Molecule A,Alpha Pharma,C09AA05,Cardiology,Tablet,20 mg,28,5914,8640.0,352568.54,Independent Pharmacy,EGP,4.228588391586509,-39.48891685073049
2024-01-01,Egypt,Canal,P0001,CardioSafe,Molecule A,Alpha Pharma,C09AA05,Cardiology,Tablet,20 mg,28,7767,13513.0,458044.69,Independent Pharmacy,EGP,8.21669016990791,-63.78943937449435
2024-01-01,Egypt,Cairo,P0002,GlucoMax,Molecule B,Beta Pharma,A10BA02,Diabetes,Tablet,500 mg,30,2384,3389.0,308703.08,Independent Pharmacy,EGP,6.204898867720166,85.04650903083292
2024-01-01,Egypt,Giza,P0002,GlucoMax,Molecule B,Beta Pharma,A10BA02,Diabetes,Tablet,500 mg,30,2264,4511.0,409523.82,Chain Pharmacy,EGP,8.920425175927836,-40.37777415034316
2024-01-01,Egypt,Alexandria,P0002,GlucoMax,Molecule B,Beta Pharma,A10BA02,Diabetes,Tablet,500 mg,30,8070,12109.0,1748807.37,Hospital,EGP,20.56352839799898,244.0486696971991
2024-01-01,Egypt,Delta,P0002,GlucoMax,Molecule B,Beta Pharma,A10BA02,Diabetes,Tablet,500 mg,30,2266,4442.0,336863.32,Hospital,EGP,5.958294598727406,-50.27820153986092
2024-01-01,Egypt,Upper Egypt,P0002,GlucoMax,Molecule B,Beta Pharma,A10BA02,Diabetes,Tablet,500 mg,30,1738,3263.0,359907.29,Hospital,EGP,4.316606888809078,-46.5400258854517
2024-01-01,Egypt,Canal,P0002,GlucoMax,Molecule B,Beta Pharma,A10BA02,Diabetes,Tablet,500 mg,30,1043,1558.0,188863.79,Hospital,EGP,3.3879559803314216,-52.80947049895251
2024-01-01,Egypt,Cairo,P0003,Respira,Molecule C,Gamma Pharma,R03AC02,Respiratory,Inhaler,100 mcg,1,2388,5045.0,485162.45,Independent Pharmacy,EGP,9.751713318394302,-27.9421027313839
2024-01-01,Egypt,Giza,P0003,Respira,Molecule C,Gamma Pharma,R03AC02,Respiratory,Inhaler,100 mcg,1,8460,15786.0,946893.35,Chain Pharmacy,EGP,20.6256409657896,81.24348373515411
2024-01-01,Egypt,Alexandria,P0003,Respira,Molecule C,Gamma Pharma,R03AC02,Respiratory,Inhaler,100 mcg,1,8751,16366.0,901014.44,Chain Pharmacy,EGP,10.59466945404464,84.36445088020439
2024-01-01,Egypt,Delta,P0003,Respira,Molecule C,Gamma Pharma,R03AC02,Respiratory,Inhaler,100 mcg,1,6415,10500.0,311377.59,Chain Pharmacy,EGP,5.507513886230644,-25.819123381467733
2024-01-01,Egypt,Upper Egypt,P0003,Respira,Molecule C,Gamma Pharma,R03AC02,Respiratory,Inhaler,100 mcg,1,5106,8400.0,1021901.32,Independent Pharmacy,EGP,12.256340452551239,187.63793211815494
2024-01-01,Egypt,Canal,P0003,Respira,Molecule C,Gamma Pharma,R03AC02,Respiratory,Inhaler,100 mcg,1,2381,3784.0,251175.72,Hospital,EGP,4.505746086574089,-40.25130987046007
2024-01-01,Egypt,Cairo,P0004,PainFree,Molecule D,Delta Pharma,N02BE01,Pain,Tablet,500 mg,20,8601,16345.0,397812.33,Hospital,EGP,7.9959852554179935,159.61700434756904
2024-01-01,Egypt,Giza,P0004,PainFree,Molecule D,Delta Pharma,N02BE01,Pain,Tablet,500 mg,20,2821,4731.0,609467.82,Independent Pharmacy,EGP,13.275691962059385,-8.309434732195031
2024-01-01,Egypt,Alexandria,P0004,PainFree,Molecule D,Delta Pharma,N02BE01,Pain,Tablet,500 mg,20,2734,4094.0,224649.08,Hospital,EGP,2.6415589363420535,-84.12762064195245
2024-01-01,Egypt,Delta,P0004,PainFree,Molecule D,Delta Pharma,N02BE01,Pain,Tablet,500 mg,20,5688,12436.0,239343.83,Independent Pharmacy,EGP,4.23341149023803,-78.57418908040914
2024-01-01,Egypt,Upper Egypt,P0004,PainFree,Molecule D,Delta Pharma,N02BE01,Pain,Tablet,500 mg,20,3792,6966.0,183029.92,Chain Pharmacy,EGP,2.1951992512576632,-73.65815984945984
2024-01-01,Egypt,Canal,P0004,PainFree,Molecule D,Delta Pharma,N02BE01,Pain,Tablet,500 mg,20,8733,11599.0,499710.09,Independent Pharmacy,EGP,8.964109996137708,378.439896160437
2024-01-01,Egypt,Cairo,P0005,Infecto,Molecule E,Epsilon Pharma,J01CA04,Anti-infective,Capsule,500 mg,14,7514,13698.0,1259844.45,Hospital,EGP,25.32273860470888,55.018496297596656
2024-01-01,Egypt,Giza,P0005,Infecto,Molecule E,Epsilon Pharma,J01CA04,Anti-infective,Capsule,500 mg,14,1560,2883.0,92258.43,Chain Pharmacy,EGP,2.0096130712581646,-55.643047092779206
2024-01-01,Egypt,Alexandria,P0005,Infecto,Molecule E,Epsilon Pharma,J01CA04,Anti-infective,Capsule,500 mg,14,4195,8622.0,667079.54,Hospital,EGP,7.8439222637277055,340.8373562930884
2024-01-01,Egypt,Delta,P0005,Infecto,Molecule E,Epsilon Pharma,J01CA04,Anti-infective,Capsule,500 mg,14,1317,2602.0,69656.65,Chain Pharmacy,EGP,1.2320570890901548,-39.219380857756484
2024-01-01,Egypt,Upper Egypt,P0005,Infecto,Molecule E,Epsilon Pharma,J01CA04,Anti-infective,Capsule,500 mg,14,2707,4283.0,384827.64,Independent Pharmacy,EGP,4.615493178335288,151.72681151300566
2024-01-01,Egypt,Canal,P0005,Infecto,Molecule E,Epsilon Pharma,J01CA04,Anti-infective,Capsule,500 mg,14,3683,5889.0,703843.79,Chain Pharmacy,EGP,12.625987107161373,5.217725551361596
2024-01-01,Egypt,Cairo,P0006,NeuroCalm,Molecule F,Zeta Pharma,N06AB10,CNS,Tablet,20 mg,28,6266,12324.0,416497.94,Chain Pharmacy,EGP,8.371564016509915,262.5382538504538
2024-01-01,Egypt,Giza,P0006,NeuroCalm,Molecule F,Zeta Pharma,N06AB10,CNS,Tablet,20 mg,28,6073,10880.0,500635.54,Independent Pharmacy,EGP,10.905060113426924,234.59245942552425
2024-01-01,Egypt,Alexandria,P0006,NeuroCalm,Molecule F,Zeta Pharma,N06AB10,CNS,Tablet,20 mg,28,8061,16462.0,937153.98,Chain Pharmacy,EGP,11.019619891599476,526.27618224623
2024-01-01,Egypt,Delta,P0006,NeuroCalm,Molecule F,Zeta Pharma,N06AB10,CNS,Tablet,20 mg,28,2252,3477.0,442441.09,Independent Pharmacy,EGP,7.825709123813381,-64.84021109712327
2024-01-01,Egypt,Upper Egypt,P0006,NeuroCalm,Molecule F,Zeta Pharma,N06AB10,CNS,Tablet,20 mg,28,7260,14068.0,991584.66,Independent Pharmacy,EGP,11.892732637322819,-13.236767172932762
2024-01-01,Egypt,Canal,P0006,NeuroCalm,Molecule F,Zeta Pharma,N06AB10,CNS,Tablet,20 mg,28,2768,5646.0,564354.5,Hospital,EGP,10.123741577472046,78.81245648936866
2024-01-01,Egypt,Cairo,P0007,ArthroRelief,Molecule G,Eta Pharma,M01AE01,Musculoskeletal,Tablet,400 mg,30,7006,11441.0,233289.78,Independent Pharmacy,EGP,4.689099609154164,-53.15468052331467
2024-01-01,Egypt,Giza,P0007,ArthroRelief,Molecule G,Eta Pharma,M01AE01,Musculoskeletal,Tablet,400 mg,30,7523,13447.0,695436.12,Hospital,EGP,15.148290697956401,18.147996379293474
2024-01-01,Egypt,Alexandria,P0007,ArthroRelief,Molecule G,Eta Pharma,M01AE01,Musculoskeletal,Tablet,400 mg,30,8840,15199.0,932317.45,Independent Pharmacy,EGP,10.962749064252279,45.23843692032481
2024-01-01,Egypt,Delta,P0007,ArthroRelief,Molecule G,Eta Pharma,M01AE01,Musculoskeletal,Tablet,400 mg,30,8568,18282.0,1730787.19,Independent Pharmacy,EGP,30.613424951471668,2645.0429546574483
2024-01-01,Egypt,Upper Egypt,P0007,ArthroRelief,Molecule G,Eta Pharma,M01AE01,Musculoskeletal,Tablet,400 mg,30,4929,9328.0,1081978.45,Chain Pharmacy,EGP,12.976885327365748,50.053102104571344
2024-01-01,Egypt,Canal,P0007,ArthroRelief,Molecule G,Eta Pharma,M01AE01,Musculoskeletal,Tablet,400 mg,30,7597,10923.0,815695.95,Chain Pharmacy,EGP,14.632460631731577,-29.805024807941315
2024-01-01,Egypt,Cairo,P0008,Dermacare,Molecule H,Theta Pharma,D07AC01,Dermatology,Cream,0.05%,1,3106,4975.0,264204.65,Chain Pharmacy,EGP,5.310485187356741,135.60160238372552
2024-01-01,Egypt,Giza,P0008,Dermacare,Molecule H,Theta Pharma,D07AC01,Dermatology,Cream,0.05%,1,8013,16451.0,323150.71,Independent Pharmacy,EGP,7.039008693323273,78.49781342730351
2024-01-01,Egypt,Alexandria,P0008,Dermacare,Molecule H,Theta Pharma,D07AC01,Dermatology,Cream,0.05%,1,7438,13215.0,1389651.29,Chain Pharmacy,EGP,16.340355293236737,63.97006939279106
2024-01-01,Egypt,Delta,P0008,Dermacare,Molecule H,Theta Pharma,D07AC01,Dermatology,Cream,0.05%,1,3056,4609.0,459902.78,Chain Pharmacy,EGP,8.134564042216644,49.7032336061058
2024-01-01,Egypt,Upper Egypt,P0008,Dermacare,Molecule H,Theta Pharma,D07AC01,Dermatology,Cream,0.05%,1,8919,11722.0,1832150.14,Hospital,EGP,21.97419206389656,183.08725919391145
2024-01-01,Egypt,Canal,P0008,Dermacare,Molecule H,Theta Pharma,D07AC01,Dermatology,Cream,0.05%,1,7190,15798.0,623603.34,Chain Pharmacy,EGP,11.186584072614705,-52.73561655917754
2024-01-01,Egypt,Cairo,P0009,LipiControl,Molecule I,Iota Pharma,C10AA01,Cardiovascular,Tablet,20 mg,30,4769,10452.0,837595.7,Hospital,EGP,16.835583922704238,-15.797762840829188
2024-01-01,Egypt,Giza,P0009,LipiControl,Molecule I,Iota Pharma,C10AA01,Cardiovascular,Tablet,20 mg,30,2248,4538.0,94247.61,Chain Pharmacy,EGP,2.0529422513567783,-85.05509481882913
2024-01-01,Egypt,Alexandria,P0009,LipiControl,Molecule I,Iota Pharma,C10AA01,Cardiovascular,Tablet,20 mg,30,2406,5054.0,453000.62,Independent Pharmacy,EGP,5.3266536231953,-31.21855321871374
2024-01-01,Egypt,Delta,P0009,LipiControl,Molecule I,Iota Pharma,C10AA01,Cardiovascular,Tablet,20 mg,30,3710,5038.0,349959.63,Independent Pharmacy,EGP,6.18993653925171,-15.572762310344302
2024-01-01,Egypt,Upper Egypt,P0009,LipiControl,Molecule I,Iota Pharma,C10AA01,Cardiovascular,Tablet,20 mg,30,7980,16807.0,1210269.17,Independent Pharmacy,EGP,14.515561039442257,71.45112488572703
2024-01-01,Egypt,Canal,P0009,LipiControl,Molecule I,Iota Pharma,C10AA01,Cardiovascular,Tablet,20 mg,30,4596,7405.0,263748.48,Independent Pharmacy,EGP,4.7312840651949335,-79.81922033734821
2024-01-01,Egypt,Cairo,P0010,GastroEase,Molecule J,Kappa Pharma,A02BC02,Gastrointestinal,Capsule,40 mg,14,3042,4797.0,396242.2,Hospital,EGP,7.964425810467935,-58.38434611462306
2024-01-01,Egypt,Giza,P0010,GastroEase,Molecule J,Kappa Pharma,A02BC02,Gastrointestinal,Capsule,40 mg,14,6612,9532.0,496935.54,Hospital,EGP,10.82446511128289,-46.57498949772094
2024-01-01,Egypt,Alexandria,P0010,GastroEase,Molecule J,Kappa Pharma,A02BC02,Gastrointestinal,Capsule,40 mg,14,5509,12091.0,824213.46,Chain Pharmacy,EGP,9.691597360275873,-46.644500781488
2024-01-01,Egypt,Delta,P0010,GastroEase,Molecule J,Kappa Pharma,A02BC02,Gastrointestinal,Capsule,40 mg,14,6042,11154.0,922577.54,Hospital,EGP,16.318157683327524,-8.815759882587104
2024-01-01,Egypt,Upper Egypt,P0010,GastroEase,Molecule J,Kappa Pharma,A02BC02,Gastrointestinal,Capsule,40 mg,14,8184,13064.0,919518.95,Independent Pharmacy,EGP,11.028400769432846,259.82406276861514
2024-01-01,Egypt,Canal,P0010,GastroEase,Molecule J,Kappa Pharma,A02BC02,Gastrointestinal,Capsule,40 mg,14,7328,10605.0,1205524.11,Independent Pharmacy,EGP,21.62544031287424,19.307989299964913
2024-02-01,Egypt,Cairo,P0001,CardioSafe,Molecule A,Alpha Pharma,C09AA05,Cardiology,Tablet,20 mg,28,1888,2717.0,311746.77,Hospital,EGP,6.587525216985557,-17.04412226037536
2024-02-01,Egypt,Giza,P0001,CardioSafe,Molecule A,Alpha Pharma,C09AA05,Cardiology,Tablet,20 mg,28,8532,13058.0,1264032.74,Independent Pharmacy,EGP,16.493795205398804,199.3164655666519
2024-02-01,Egypt,Alexandria,P0001,CardioSafe,Molecule A,Alpha Pharma,C09AA05,Cardiology,Tablet,20 mg,28,4920,7688.0,722386.46,Hospital,EGP,10.128944312570878,69.36527929348033
2024-02-01,Egypt,Delta,P0001,CardioSafe,Molecule A,Alpha Pharma,C09AA05,Cardiology,Tablet,20 mg,28,6246,9483.0,1024418.81,Chain Pharmacy,EGP,12.570982672618733,29.545810409368634
2024-02-01,Egypt,Upper Egypt,P0001,CardioSafe,Molecule A,Alpha Pharma,C09AA05,Cardiology,Tablet,20 mg,28,5510,7746.0,222557.68,Hospital,EGP,3.7193907607181136,-36.875343443859165
2024-02-01,Egypt,Canal,P0001,CardioSafe,Molecule A,Alpha Pharma,C09AA05,Cardiology,Tablet,20 mg,28,2223,4398.0,72580.5,Chain Pharmacy,EGP,1.4315394673718171,-84.15427542670564
2024-02-01,Egypt,Cairo,P0002,GlucoMax,Molecule B,Beta Pharma,A10BA02,Diabetes,Tablet,500 mg,30,2338,4100.0,200505.27,Independent Pharmacy,EGP,4.236879574609538,-35.04915143703783
2024-02-01,Egypt,Giza,P0002,GlucoMax,Molecule B,Beta Pharma,A10BA02,Diabetes,Tablet,500 mg,30,3200,4604.0,323112.51,Chain Pharmacy,EGP,4.216149945801541,-21.100435623012114
2024-02-01,Egypt,Alexandria,P0002,GlucoMax,Molecule B,Beta Pharma,A10BA02,Diabetes,Tablet,500 mg,30,5752,10762.0,986535.03,Hospital,EGP,13.832704424264044,-43.58812486020116
2024-02-01,Egypt,Delta,P0002,GlucoMax,Molecule B,Beta Pharma,A10BA02,Diabetes,Tablet,500 mg,30,5316,11169.0,441371.81,Hospital,EGP,5.416219735063599,31.024004038195674
2024-02-01,Egypt,Upper Egypt,P0002,GlucoMax,Molecule B,Beta Pharma,A10BA02,Diabetes,Tablet,500 mg,30,3493,5399.0,445463.75,Chain Pharmacy,EGP,7.4446038257805505,23.771805233508903
2024-02-01,Egypt,Canal,P0002,GlucoMax,Molecule B,Beta Pharma,A10BA02,Diabetes,Tablet,500 mg,30,1206,1955.0,47314.05,Hospital,EGP,0.9331973455157174,-74.94805648028138
2024-02-01,Egypt,Cairo,P0003,Respira,Molecule C,Gamma Pharma,R03AC02,Respiratory,Inhaler,100 mcg,1,1949,2857.0,191875.3,Chain Pharmacy,EGP,4.054519561715647,-60.45132924034002
2024-02-01,Egypt,Giza,P0003,Respira,Molecule C,Gamma Pharma,R03AC02,Respiratory,Inhaler,100 mcg,1,8349,11164.0,1325053.1,Hospital,EGP,17.290022462296996,39.93688940787261
2024-02-01,Egypt,Alexandria,P0003,Respira,Molecule C,Gamma Pharma,R03AC02,Respiratory,Inhaler,100 mcg,1,2748,4249.0,348150.43,Hospital,EGP,4.881592489797782,-61.360171985700916
2024-02-01,Egypt,Delta,P0003,Respira,Molecule C,Gamma Pharma,R03AC02,Respiratory,Inhaler,100 mcg,1,4223,6027.0,766993.95,Hospital,EGP,9.412036914329402,146.3227845009655
2024-02-01,Egypt,Upper Egypt,P0003,Respira,Molecule C,Gamma Pharma,R03AC02,Respiratory,Inhaler,100 mcg,1,1732,3137.0,133450.97,Independent Pharmacy,EGP,2.2302366956146837,-86.94091421664862
2024-02-01,Egypt,Canal,P0003,Respira,Molecule C,Gamma Pharma,R03AC02,Respiratory,Inhaler,100 mcg,1,919,1447.0,65813.14,Hospital,EGP,1.298063631163561,-73.79796900751394
2024-02-01,Egypt,Cairo,P0004,PainFree,Molecule D,Delta Pharma,N02BE01,Pain,Tablet,500 mg,20,7912,16856.0,452412.84,Hospital,EGP,9.559941846351935,13.725192982329126
2024-02-01,Egypt,Giza,P0004,PainFree,Molecule D,Delta Pharma,N02BE01,Pain,Tablet,500 mg,20,7275,15748.0,463963.24,Independent Pharmacy,EGP,6.05404782742676,-23.87403817317213
2024-02-01,Egypt,Alexandria,P0004,PainFree,Molecule D,Delta Pharma,N02BE01,Pain,Tablet,500 mg,20,3080,5528.0,301301.96,Chain Pharmacy,EGP,4.224706501432015,34.12116354983517
2024-02-01,Egypt,Delta,P0004,PainFree,Molecule D,Delta Pharma,N02BE01,Pain,Tablet,500 mg,20,7798,11357.0,994364.38,Hospital,EGP,12.202174803144498,315.454361200788
2024-02-01,Egypt,Upper Egypt,P0004,PainFree,Molecule D,Delta Pharma,N02BE01,Pain,Tablet,500 mg,20,4609,7613.0,271547.82,Hospital,EGP,4.538115480001164,48.36253001695023
2024-02-01,Egypt,Canal,P0004,PainFree,Molecule D,Delta Pharma,N02BE01,Pain,Tablet,500 mg,20,4841,10586.0,771520.04,Hospital,EGP,15.217053990097659,54.39352845566916
2024-02-01,Egypt,Cairo,P0005,Infecto,Molecule E,Epsilon Pharma,J01CA04,Anti-infective,Capsule,500 mg,14,3972,7801.0,373084.25,Hospital,EGP,7.883648337190931,-70.38648302971053
2024-02-01,Egypt,Giza,P0005,Infecto,Molecule E,Epsilon Pharma,J01CA04,Anti-infective,Capsule,500 mg,14,4487,7584.0,691907.82,Hospital,EGP,9.0283942203063,649.9670436620263
2024-02-01,Egypt,Alexandria,P0005,Infecto,Molecule E,Epsilon Pharma,J01CA04,Anti-infective,Capsule,500 mg,14,7261,15737.0,1068343.39,Chain Pharmacy,EGP,14.979780634334135,60.152324563874316
2024-02-01,Egypt,Delta,P0005,Infecto,Molecule E,Epsilon Pharma,J01CA04,Anti-infective,Capsule,500 mg,14,8044,11993.0,413346.78,Chain Pharmacy,EGP,5.072315305458662,493.4060567081536
2024-02-01,Egypt,Upper Egypt,P0005,Infecto,Molecule E,Epsilon Pharma,J01CA04,Anti-infective,Capsule,500 mg,14,6467,13731.0,294716.4,Chain Pharmacy,EGP,4.925309498158428,-23.41599995260215
2024-02-01,Egypt,Canal,P0005,Infecto,Molecule E,Epsilon Pharma,J01CA04,Anti-infective,Capsule,500 mg,14,4093,6657.0,460876.57,Independent Pharmacy,EGP,9.090086173861437,-34.52004883072137
2024-02-01,Egypt,Cairo,P0006,NeuroCalm,Molecule F,Zeta Pharma,N06AB10,CNS,Tablet,20 mg,28,5908,11162.0,326641.25,Independent Pharmacy,EGP,6.902260675492109,-21.57434200034699
2024-02-01,Egypt,Giza,P0006,NeuroCalm,Molecule F,Zeta Pharma,N06AB10,CNS,Tablet,20 mg,28,1898,3973.0,325988.42,Independent Pharmacy,EGP,4.253676403042797,-34.88508226962872
2024-02-01,Egypt,Alexandria,P0006,NeuroCalm,Molecule F,Zeta Pharma,N06AB10,CNS,Tablet,20 mg,28,7070,14671.0,777197.1,Chain Pharmacy,EGP,10.897471895848629,-17.068366929413248
2024-02-01,Egypt,Delta,P0006,NeuroCalm,Molecule F,Zeta Pharma,N06AB10,CNS,Tablet,20 mg,28,817,1689.0,174177.56,Independent Pharmacy,EGP,2.1373905548639915,-60.63259856809412
2024-02-01,Egypt,Upper Egypt,P0006,NeuroCalm,Molecule F,Zeta Pharma,N06AB10,CNS,Tablet,20 mg,28,3038,5981.0,367195.24,Independent Pharmacy,EGP,6.136578090837711,-62.96884625060658
2024-02-01,Egypt,Canal,P0006,NeuroCalm,Molecule F,Zeta Pharma,N06AB10,CNS,Tablet,20 mg,28,8904,14188.0,409198.38,Hospital,EGP,8.070812834778081,-27.492669944157445
2024-02-01,Egypt,Cairo,P0007,ArthroRelief,Molecule G,Eta Pharma,M01AE01,Musculoskeletal,Tablet,400 mg,30,8729,16181.0,917662.67,Chain Pharmacy,EGP,19.39114230216818,293.3574244015319
2024-02-01,Egypt,Giza,P0007,ArthroRelief,Molecule G,Eta Pharma,M01AE01,Musculoskeletal,Tablet,400 mg,30,6265,9051.0,1262454.55,Independent Pharmacy,EGP,16.47320211328063,81.53422200733549
2024-02-01,Egypt,Alexandria,P0007,ArthroRelief,Molecule G,Eta Pharma,M01AE01,Musculoskeletal,Tablet,400 mg,30,5799,11462.0,698932.86,Hospital,EGP,9.800089576936282,-25.032738580619718
2024-02-01,Egypt,Delta,P0007,ArthroRelief,Molecule G,Eta Pharma,M01AE01,Musculoskeletal,Tablet,400 mg,30,6516,9020.0,811469.53,Hospital,EGP,9.957811494097877,-53.11558031579838
2024-02-01,Egypt,Upper Egypt,P0007,ArthroRelief,Molecule G,Eta Pharma,M01AE01,Musculoskeletal,Tablet,400 mg,30,8926,15136.0,1800447.13,Hospital,EGP,30.089127548792945,66.40323381671789
2024-02-01,Egypt,Canal,P0007,ArthroRelief,Molecule G,Eta Pharma,M01AE01,Musculoskeletal,Tablet,400 mg,30,7425,10623.0,1216711.4,Independent Pharmacy,EGP,23.997773362007948,49.16236864974013
2024-02-01,Egypt,Cairo,P0008,Dermacare,Molecule H,Theta Pharma,D07AC01,Dermatology,Cream,0.05%,1,4963,10739.0,681440.89,Independent Pharmacy,EGP,14.399536671254301,157.92161114499686
2024-02-01,Egypt,Giza,P0008,Dermacare,Molecule H,Theta Pharma,D07AC01,Dermatology,Cream,0.05%,1,8060,16274.0,923586.67,Chain Pharmacy,EGP,12.05146742434555,185.80678965551397
2024-02-01,Egypt,Alexandria,P0008,Dermacare,Molecule H,Theta Pharma,D07AC01,Dermatology,Cream,0.05%,1,8573,15545.0,1280575.01,Independent Pharmacy,EGP,17.955587047353983,-7.849183517110969
2024-02-01,Egypt,Delta,P0008,Dermacare,Molecule H,Theta Pharma,D07AC01,Dermatology,Cream,0.05%,1,8327,16739.0,731885.53,Chain Pharmacy,EGP,8.981209858856827,59.13918372052458
2024-02-01,Egypt,Upper Egypt,P0008,Dermacare,Molecule H,Theta Pharma,D07AC01,Dermatology,Cream,0.05%,1,7369,12205.0,1345459.38,Independent Pharmacy,EGP,22.48535834347986,-26.563912496821906
2024-02-01,Egypt,Canal,P0008,Dermacare,Molecule H,Theta Pharma,D07AC01,Dermatology,Cream,0.05%,1,7718,14843.0,663719.79,Chain Pharmacy,EGP,13.090858765932095,6.433007558939652
2024-02-01,Egypt,Cairo,P0009,LipiControl,Molecule I,Iota Pharma,C10AA01,Cardiovascular,Tablet,20 mg,30,5890,8004.0,1112789.71,Chain Pharmacy,EGP,23.514374425842625,32.8552319454362
2024-02-01,Egypt,Giza,P0009,LipiControl,Molecule I,Iota Pharma,C10AA01,Cardiovascular,Tablet,20 mg,30,3969,5309.0,445594.22,Hospital,EGP,5.81435873994009,372.79100233947577
2024-02-01,Egypt,Alexandria,P0009,LipiControl,Molecule I,Iota Pharma,C10AA01,Cardiovascular,Tablet,20 mg,30,4473,7934.0,456682.67,Independent Pharmacy,EGP,6.403377678128384,0.8128134570765111
2024-02-01,Egypt,Delta,P0009,LipiControl,Molecule I,Iota Pharma,C10AA01,Cardiovascular,Tablet,20 mg,30,7967,11313.0,1597339.78,Hospital,EGP,19.601485740646073,356.43544085356365
2024-02-01,Egypt,Upper Egypt,P0009,LipiControl,Molecule I,Iota Pharma,C10AA01,Cardiovascular,Tablet,20 mg,30,3916,8223.0,810506.34,Chain Pharmacy,EGP,13.545206763924991,-33.03090253881291
2024-02-01,Egypt,Canal,P0009,LipiControl,Molecule I,Iota Pharma,C10AA01,Cardiovascular,Tablet,20 mg,30,7306,11449.0,735830.65,Chain Pharmacy,EGP,14.51313530186287,178.98953199654463
2024-02-01,Egypt,Cairo,P0010,GastroEase,Molecule J,Kappa Pharma,A02BC02,Gastrointestinal,Capsule,40 mg,14,864,1394.0,164221.72,Chain Pharmacy,EGP,3.470171388389176,-58.555216985974745
2024-02-01,Egypt,Giza,P0010,GastroEase,Molecule J,Kappa Pharma,A02BC02,Gastrointestinal,Capsule,40 mg,14,6496,13627.0,637993.13,Chain Pharmacy,EGP,8.324885658160545,28.38549039982128
2024-02-01,Egypt,Alexandria,P0010,GastroEase,Molecule J,Kappa Pharma,A02BC02,Gastrointestinal,Capsule,40 mg,14,3751,5903.0,491797.86,Hospital,EGP,6.895745439333856,-40.33125108148561
2024-02-01,Egypt,Delta,P0010,GastroEase,Molecule J,Kappa Pharma,A02BC02,Gastrointestinal,Capsule,40 mg,14,6072,10704.0,1193706.9,Chain Pharmacy,EGP,14.648372920920325,29.388246325615075
2024-02-01,Egypt,Upper Egypt,P0010,GastroEase,Molecule J,Kappa Pharma,A02BC02,Gastrointestinal,Capsule,40 mg,14,4010,5376.0,292368.6,Hospital,EGP,4.886072992691556,-68.20417893508339
2024-02-01,Egypt,Canal,P0010,GastroEase,Molecule J,Kappa Pharma,A02BC02,Gastrointestinal,Capsule,40 mg,14,3608,5437.0,626536.7,Hospital,EGP,12.357479127408821,-48.02785819024392
2024-03-01,Egypt,Cairo,P0001,CardioSafe,Molecule A,Alpha Pharma,C09AA05,Cardiology,Tablet,20 mg,28,1085,1467.0,34513.66,Chain Pharmacy,EGP,0.5642270042338727,-88.92894383476691
2024-03-01,Egypt,Giza,P0001,CardioSafe,Molecule A,Alpha Pharma,C09AA05,Cardiology,Tablet,20 mg,28,8372,16715.0,873263.86,Chain Pharmacy,EGP,21.163274061273135,-30.914458750490915
2024-03-01,Egypt,Alexandria,P0001,CardioSafe,Molecule A,Alpha Pharma,C09AA05,Cardiology,Tablet,20 mg,28,6188,11148.0,445721.42,Chain Pharmacy,EGP,5.940163747877737,-38.298757703736584
2024-03-01,Egypt,Delta,P0001,CardioSafe,Molecule A,Alpha Pharma,C09AA05,Cardiology,Tablet,20 mg,28,7800,14105.0,1095407.64,Hospital,EGP,17.055174574717928,6.929668735778072
2024-03-01,Egypt,Upper Egypt,P0001,CardioSafe,Molecule A,Alpha Pharma,C09AA05,Cardiology,Tablet,20 mg,28,6488,10458.0,1082546.33,Chain Pharmacy,EGP,16.290916273024877,386.41158103373476
2024-03-01,Egypt,Canal,P0001,CardioSafe,Molecule A,Alpha Pharma,C09AA05,Cardiology,Tablet,20 mg,28,996,1595.0,47472.3,Independent Pharmacy,EGP,0.9564183490626041,-34.593589187178374
2024-03-01,Egypt,Cairo,P0002,GlucoMax,Molecule B,Beta Pharma,A10BA02,Diabetes,Tablet,500 mg,30,7338,12963.0,874432.18,Chain Pharmacy,EGP,14.295158766908363,336.114312606347
2024-03-01,Egypt,Giza,P0002,GlucoMax,Molecule B,Beta Pharma,A10BA02,Diabetes,Tablet,500 mg,30,971,2049.0,189188.32,Hospital,EGP,4.584919230886117,-41.448159961370735
2024-03-01,Egypt,Alexandria,P0002,GlucoMax,Molecule B,Beta Pharma,A10BA02,Diabetes,Tablet,500 mg,30,4557,6866.0,753920.08,Chain Pharmacy,EGP,10.04755106454853,-23.578985330100245
2024-03-01,Egypt,Delta,P0002,GlucoMax,Molecule B,Beta Pharma,A10BA02,Diabetes,Tablet,500 mg,30,6944,12655.0,653350.06,Hospital,EGP,10.172468152314908,48.027138389286804
2024-03-01,Egypt,Upper Egypt,P0002,GlucoMax,Molecule B,Beta Pharma,A10BA02,Diabetes,Tablet,500 mg,30,5958,12544.0,912542.99,Hospital,EGP,13.732586803583525,104.85235667324221
2024-03-01,Egypt,Canal,P0002,GlucoMax,Molecule B,Beta Pharma,A10BA02,Diabetes,Tablet,500 mg,30,4172,7824.0,191936.27,Chain Pharmacy,EGP,3.866915453404074,305.6644273741098
2024-03-01,Egypt,Cairo,P0003,Respira,Molecule C,Gamma Pharma,R03AC02,Respiratory,Inhaler,100 mcg,1,8355,17575.0,1628324.32,Hospital,EGP,26.61973702570976,748.6367552259203
2024-03-01,Egypt,Giza,P0003,Respira,Molecule C,Gamma Pharma,R03AC02,Respiratory,Inhaler,100 mcg,1,3007,5844.0,314911.71,Chain Pharmacy,EGP,7.631785911573356,-76.23403092298716
2024-03-01,Egypt,Alexandria,P0003,Respira,Molecule C,Gamma Pharma,R03AC02,Respiratory,Inhaler,100 mcg,1,8874,13932.0,1086596.69,Independent Pharmacy,EGP,14.481157909130646,212.10551427438995
2024-03-01,Egypt,Delta,P0003,Respira,Molecule C,Gamma Pharma,R03AC02,Respiratory,Inhaler,100 mcg,1,7724,14701.0,498999.73,Independent Pharmacy,EGP,7.769278939744395,-34.940851880252765
2024-03-01,Egypt,Upper Egypt,P0003,Respira,Molecule C,Gamma Pharma,R03AC02,Respiratory,Inhaler,100 mcg,1,8107,13927.0,585759.95,Chain Pharmacy,EGP,8.814926472053381,338.93270314932886
2024-03-01,Egypt,Canal,P0003,Respira,Molecule C,Gamma Pharma,R03AC02,Respiratory,Inhaler,100 mcg,1,6295,12311.0,780498.69,Independent Pharmacy,EGP,15.724607161130285,1085.9313960707543
2024-03-01,Egypt,Cairo,P0004,PainFree,Molecule D,Delta Pharma,N02BE01,Pain,Tablet,500 mg,20,3595,5248.0,132878.39,Hospital,EGP,2.172287028298946,-70.62895252928718
2024-03-01,Egypt,Giza,P0004,PainFree,Molecule D,Delta Pharma,N02BE01,Pain,Tablet,500 mg,20,6115,9864.0,433013.47,Hospital,EGP,10.49394479445522,-6.670737535154725
2024-03-01,Egypt,Alexandria,P0004,PainFree,Molecule D,Delta Pharma,N02BE01,Pain,Tablet,500 mg,20,1576,3344.0,342475.3,Chain Pharmacy,EGP,4.564194742095975,13.665141773389045
2024-03-01,Egypt,Delta,P0004,PainFree,Molecule D,Delta Pharma,N02BE01,Pain,Tablet,500 mg,20,1775,2859.0,269920.12,Independent Pharmacy,EGP,4.20257683051107,-72.85500914664702
2024-03-01,Egypt,Upper Egypt,P0004,PainFree,Molecule D,Delta Pharma,N02BE01,Pain,Tablet,500 mg,20,3417,7465.0,535877.57,Independent Pharmacy,EGP,8.064261439473013,97.34187886317773
2024-03-01,Egypt,Canal,P0004,PainFree,Molecule D,Delta Pharma,N02BE01,Pain,Tablet,500 mg,20,1813,3633.0,192314.73,Independent Pharmacy,EGP,3.8745402385606025,-75.0732683495817
2024-03-01,Egypt,Cairo,P0005,Infecto,Molecule E,Epsilon Pharma,J01CA04,Anti-infective,Capsule,500 mg,14,6930,14072.0,529602.68,Hospital,EGP,8.657909174820357,41.9525696943787
2024-03-01,Egypt,Giza,P0005,Infecto,Molecule E,Epsilon Pharma,J01CA04,Anti-infective,Capsule,500 mg,14,2505,3269.0,226195.22,Hospital,EGP,5.4817697736970015,-67.30847470404366
2024-03-01,Egypt,Alexandria,P0005,Infecto,Molecule E,Epsilon Pharma,J01CA04,Anti-infective,Capsule,500 mg,14,8322,12770.0,658610.94,Hospital,EGP,8.777358803495867,-38.35213039507831
2024-03-01,Egypt,Delta,P0005,Infecto,Molecule E,Epsilon Pharma,J01CA04,Anti-infective,Capsule,500 mg,14,4642,7989.0,925820.2,Independent Pharmacy,EGP,14.414748043751334,123.98147144148548
2024-03-01,Egypt,Upper Egypt,P0005,Infecto,Molecule E,Epsilon Pharma,J01CA04,Anti-infective,Capsule,500 mg,14,5354,10749.0,186889.08,Independent Pharmacy,EGP,2.8124379255182985,-36.58680684210312
2024-03-01,Egypt,Canal,P0005,Infecto,Molecule E,Epsilon Pharma,J01CA04,Anti-infective,Capsule,500 mg,14,1354,2788.0,102825.25,Independent Pharmacy,EGP,2.071607144523217,-77.6891999521694
2024-03-01,Egypt,Cairo,P0006,NeuroCalm,Molecule F,Zeta Pharma,N06AB10,CNS,Tablet,20 mg,28,4581,8294.0,487977.48,Hospital,EGP,7.977423190527881,49.392484874460884
2024-03-01,Egypt,Giza,P0006,NeuroCalm,Molecule F,Zeta Pharma,N06AB10,CNS,Tablet,20 mg,28,3783,7529.0,650045.52,Independent Pharmacy,EGP,15.753648034928192,99.40754950743344
2024-03-01,Egypt,Alexandria,P0006,NeuroCalm,Molecule F,Zeta Pharma,N06AB10,CNS,Tablet,20 mg,28,7954,10495.0,1383533.63,Chain Pharmacy,EGP,18.438459414617515,78.0157993384175
2024-03-01,Egypt,Delta,P0006,NeuroCalm,Molecule F,Zeta Pharma,N06AB10,CNS,Tablet,20 mg,28,4968,7719.0,1084694.06,Independent Pharmacy,EGP,16.888367287140305,522.7518975463889
2024-03-01,Egypt,Upper Egypt,P0006,NeuroCalm,Molecule F,Zeta Pharma,N06AB10,CNS,Tablet,20 mg,28,8390,18397.0,1174633.42,Chain Pharmacy,EGP,17.67670737631789,219.89342236571474
2024-03-01,Egypt,Canal,P0006,NeuroCalm,Molecule F,Zeta Pharma,N06AB10,CNS,Tablet,20 mg,28,6626,11240.0,880375.03,Independent Pharmacy,EGP,17.736802993504437,115.14626475305208
2024-03-01,Egypt,Cairo,P0007,ArthroRelief,Molecule G,Eta Pharma,M01AE01,Musculoskeletal,Tablet,400 mg,30,4849,9819.0,248307.43,Chain Pharmacy,EGP,4.059313250403233,-72.94131731434602
2024-03-01,Egypt,Giza,P0007,ArthroRelief,Molecule G,Eta Pharma,M01AE01,Musculoskeletal,Tablet,400 mg,30,3702,5553.0,708409.13,Chain Pharmacy,EGP,17.16807170480875,-43.88636565173773
2024-03-01,Egypt,Alexandria,P0007,ArthroRelief,Molecule G,Eta Pharma,M01AE01,Musculoskeletal,Tablet,400 mg,30,5494,10553.0,899617.47,Independent Pharmacy,EGP,11.989271420367203,28.713002562220357
2024-03-01,Egypt,Delta,P0007,ArthroRelief,Molecule G,Eta Pharma,M01AE01,Musculoskeletal,Tablet,400 mg,30,2005,2982.0,414646.81,Independent Pharmacy,EGP,6.455928800533011,-48.90174003206257
2024-03-01,Egypt,Upper Egypt,P0007,ArthroRelief,Molecule G,Eta Pharma,M01AE01,Musculoskeletal,Tablet,400 mg,30,8942,19455.0,660418.71,Hospital,EGP,9.938443844476472,-63.31918338529607
2024-03-01,Egypt,Canal,P0007,ArthroRelief,Molecule G,Eta Pharma,M01AE01,Musculoskeletal,Tablet,400 mg,30,6060,8073.0,445120.4,Chain Pharmacy,EGP,8.967783699169535,-63.416106728349874
2024-03-01,Egypt,Cairo,P0008,Dermacare,Molecule H,Theta Pharma,D07AC01,Dermatology,Cream,0.05%,1,3871,8391.0,775790.87,Hospital,EGP,12.682577231510358,13.845658718836207
2024-03-01,Egypt,Giza,P0008,Dermacare,Molecule H,Theta Pharma,D07AC01,Dermatology,Cream,0.05%,1,847,1250.0,93097.24,Chain Pharmacy,EGP,2.2561822316431597,-89.92003208534831
2024-03-01,Egypt,Alexandria,P0008,Dermacare,Molecule H,Theta Pharma,D07AC01,Dermatology,Cream,0.05%,1,4894,9447.0,898948.22,Hospital,EGP,11.980352273990377,-29.801205475655824
2024-03-01,Egypt,Delta,P0008,Dermacare,Molecule H,Theta Pharma,D07AC01,Dermatology,Cream,0.05%,1,5506,9172.0,570712.97,Chain Pharmacy,EGP,8.885832981232223,-22.021553015264562
2024-03-01,Egypt,Upper Egypt,P0008,Dermacare,Molecule H,Theta Pharma,D07AC01,Dermatology,Cream,0.05%,1,5324,9388.0,1146609.15,Hospital,EGP,17.254978510281603,-14.779355880665824
2024-03-01,Egypt,Canal,P0008,Dermacare,Molecule H,Theta Pharma,D07AC01,Dermatology,Cream,0.05%,1,7012,13683.0,630941.6,Hospital,EGP,12.711499620345295,-4.938558484145861
2024-03-01,Egypt,Cairo,P0009,LipiControl,Molecule I,Iota Pharma,C10AA01,Cardiovascular,Tablet,20 mg,30,4376,6177.0,886618.53,Hospital,EGP,14.494380401271265,-20.32470088171465
2024-03-01,Egypt,Giza,P0009,LipiControl,Molecule I,Iota Pharma,C10AA01,Cardiovascular,Tablet,20 mg,30,1193,2465.0,190561.75,Chain Pharmacy,EGP,4.618203873507162,-57.23424105456305
2024-03-01,Egypt,Alexandria,P0009,LipiControl,Molecule I,Iota Pharma,C10AA01,Cardiovascular,Tablet,20 mg,30,4379,5994.0,795442.87,Independent Pharmacy,EGP,10.600928490001273,74.17846619842177
2024-03-01,Egypt,Delta,P0009,LipiControl,Molecule I,Iota Pharma,C10AA01,Cardiovascular,Tablet,20 mg,30,1090,1501.0,49504.27,Independent Pharmacy,EGP,0.7707669147204153,-96.90083032928662
2024-03-01,Egypt,Upper Egypt,P0009,LipiControl,Molecule I,Iota Pharma,C10AA01,Cardiovascular,Tablet,20 mg,30,1006,2101.0,71702.52,Hospital,EGP,1.0790297999392706,-91.15336716551779
2024-03-01,Egypt,Canal,P0009,LipiControl,Molecule I,Iota Pharma,C10AA01,Cardiovascular,Tablet,20 mg,30,867,1364.0,106742.96,Hospital,EGP,2.150536746213173,-85.49354256988345
2024-03-01,Egypt,Cairo,P0010,GastroEase,Molecule J,Kappa Pharma,A02BC02,Gastrointestinal,Capsule,40 mg,14,2995,5468.0,518535.7,Hospital,EGP,8.476986926315961,215.75342165457775
2024-03-01,Egypt,Giza,P0010,GastroEase,Molecule J,Kappa Pharma,A02BC02,Gastrointestinal,Capsule,40 mg,14,2316,3439.0,447631.18,Hospital,EGP,10.848200383227912,-29.83761753045836
2024-03-01,Egypt,Alexandria,P0010,GastroEase,Molecule J,Kappa Pharma,A02BC02,Gastrointestinal,Capsule,40 mg,14,1660,2199.0,238654.14,Chain Pharmacy,EGP,3.180562133874872,-51.47312353087506
2024-03-01,Egypt,Delta,P0010,GastroEase,Molecule J,Kappa Pharma,A02BC02,Gastrointestinal,Capsule,40 mg,14,6360,11746.0,859673.12,Independent Pharmacy,EGP,13.38485747533442,-27.982897644304472
2024-03-01,Egypt,Upper Egypt,P0010,GastroEase,Molecule J,Kappa Pharma,A02BC02,Gastrointestinal,Capsule,40 mg,14,1492,1971.0,288112.01,Chain Pharmacy,EGP,4.335711555331683,-1.4558984788380025
2024-03-01,Egypt,Canal,P0010,GastroEase,Molecule J,Kappa Pharma,A02BC02,Gastrointestinal,Capsule,40 mg,14,7782,12041.0,1585322.46,Independent Pharmacy,EGP,31.93928859408679,153.02946499383037
2024-04-01,Egypt,Cairo,P0001,CardioSafe,Molecule A,Alpha Pharma,C09AA05,Cardiology,Tablet,20 mg,28,2135,3006.0,213919.49,Chain Pharmacy,EGP,2.6939172578468242,519.8110834956361
2024-04-01,Egypt,Giza,P0001,CardioSafe,Molecule A,Alpha Pharma,C09AA05,Cardiology,Tablet,20 mg,28,6926,11941.0,1040609.35,Hospital,EGP,12.185093785052507,19.163221755220693
2024-04-01,Egypt,Alexandria,P0001,CardioSafe,Molecule A,Alpha Pharma,C09AA05,Cardiology,Tablet,20 mg,28,5744,8892.0,366663.72,Independent Pharmacy,EGP,7.051803429079162,-17.73702058115134
2024-04-01,Egypt,Delta,P0001,CardioSafe,Molecule A,Alpha Pharma,C09AA05,Cardiology,Tablet,20 mg,28,1064,2084.0,120224.84,Chain Pharmacy,EGP,4.286183442813365,-89.02464839482039
2024-04-01,Egypt,Upper Egypt,P0001,CardioSafe,Molecule A,Alpha Pharma,C09AA05,Cardiology,Tablet,20 mg,28,8096,15636.0,523514.88,Independent Pharmacy,EGP,9.143558022756032,-51.64041801333343
2024-04-01,Egypt,Canal,P0001,CardioSafe,Molecule A,Alpha Pharma,C09AA05,Cardiology,Tablet,20 mg,28,5894,8691.0,1009627.01,Chain Pharmacy,EGP,16.825090559635424,2026.770790545223
2024-04-01,Egypt,Cairo,P0002,GlucoMax,Molecule B,Beta Pharma,A10BA02,Diabetes,Tablet,500 mg,30,6865,14208.0,1474826.09,Independent Pharmacy,EGP,18.572685715423844,68.661003532601
2024-04-01,Egypt,Giza,P0002,GlucoMax,Molecule B,Beta Pharma,A10BA02,Diabetes,Tablet,500 mg,30,7114,10446.0,1543968.97,Hospital,EGP,18.079221276131065,716.1016335469336
2024-04-01,Egypt,Alexandria,P0002,GlucoMax,Molecule B,Beta Pharma,A10BA02,Diabetes,Tablet,500 mg,30,8750,18636.0,803940.61,Chain Pharmacy,EGP,15.461663756572353,6.6347257921555824
2024-04-01,Egypt,Delta,P0002,GlucoMax,Molecule B,Beta Pharma,A10BA02,Diabetes,Tablet,500 mg,30,8894,13597.0,469695.43,Chain Pharmacy,EGP,16.74529802020201,-28.109682885771836
2024-04-01,Egypt,Upper Egypt,P0002,GlucoMax,Molecule B,Beta Pharma,A10BA02,Diabetes,Tablet,500 mg,30,7193,11627.0,257386.86,Chain Pharmacy,EGP,4.495443737348943,-71.79454964636788
2024-04-01,Egypt,Canal,P0002,GlucoMax,Molecule B,Beta Pharma,A10BA02,Diabetes,Tablet,500 mg,30,2356,4004.0,397511.67,Independent Pharmacy,EGP,6.624396712863209,107.10607223949906
2024-04-01,Egypt,Cairo,P0003,Respira,Molecule C,Gamma Pharma,R03AC02,Respiratory,Inhaler,100 mcg,1,6576,14446.0,275656.99,Hospital,EGP,3.4713859995043435,-83.07112492184604
2024-04-01,Egypt,Giza,P0003,Respira,Molecule C,Gamma Pharma,R03AC02,Respiratory,Inhaler,100 mcg,1,7779,10547.0,880765.73,Chain Pharmacy,EGP,10.313392843058956,179.68656040132643
2024-04-01,Egypt,Alexandria,P0003,Respira,Molecule C,Gamma Pharma,R03AC02,Respiratory,Inhaler,100 mcg,1,2304,4020.0,282764.95,Hospital,EGP,5.438233278256703,-73.97700981400928
2024-04-01,Egypt,Delta,P0003,Respira,Molecule C,Gamma Pharma,R03AC02,Respiratory,Inhaler,100 mcg,1,5579,8954.0,474496.42,Independent Pharmacy,EGP,16.916460018397334,-4.910485622908056
2024-04-01,Egypt,Upper Egypt,P0003,Respira,Molecule C,Gamma Pharma,R03AC02,Respiratory,Inhaler,100 mcg,1,6597,8925.0,1329377.73,Hospital,EGP,23.218523241239485,126.94923577482551
2024-04-01,Egypt,Canal,P0003,Respira,Molecule C,Gamma Pharma,R03AC02,Respiratory,Inhaler,100 mcg,1,2468,4438.0,281583.8,Independent Pharmacy,EGP,4.69249820795332,-63.92257878100986
2024-04-01,Egypt,Cairo,P0004,PainFree,Molecule D,Delta Pharma,N02BE01,Pain,Tablet,500 mg,20,5497,10499.0,900195.09,Independent Pharmacy,EGP,11.336279309472808,577.4578545089234
2024-04-01,Egypt,Giza,P0004,PainFree,Molecule D,Delta Pharma,N02BE01,Pain,Tablet,500 mg,20,5262,7137.0,519744.99,Independent Pharmacy,EGP,6.085993218743592,20.029751037537014
2024-04-01,Egypt,Alexandria,P0004,PainFree,Molecule D,Delta Pharma,N02BE01,Pain,Tablet,500 mg,20,4226,6686.0,316710.1,Hospital,EGP,6.091078138857055,-7.523228682477246
2024-04-01,Egypt,Delta,P0004,PainFree,Molecule D,Delta Pharma,N02BE01,Pain,Tablet,500 mg,20,1345,2723.0,64502.71,Chain Pharmacy,EGP,2.2996116910498037,-76.10303744678241
2024-04-01,Egypt,Upper Egypt,P0004,PainFree,Molecule D,Delta Pharma,N02BE01,Pain,Tablet,500 mg,20,5311,9100.0,634032.56,Independent Pharmacy,EGP,11.073827549422369,18.31668192419402
2024-04-01,Egypt,Canal,P0004,PainFree,Molecule D,Delta Pharma,N02BE01,Pain,Tablet,500 mg,20,1524,2751.0,253663.7,Chain Pharmacy,EGP,4.227219242274622,31.900296976731845
2024-04-01,Egypt,Cairo,P0005,Infecto,Molecule E,Epsilon Pharma,J01CA04,Anti-infective,Capsule,500 mg,14,8823,16083.0,1499308.98,Chain Pharmacy,EGP,18.881002081982896,183.1007161821764
2024-04-01,Egypt,Giza,P0005,Infecto,Molecule E,Epsilon Pharma,J01CA04,Anti-infective,Capsule,500 mg,14,7402,12036.0,1256153.76,Chain Pharmacy,EGP,14.70902733484601,455.34054167899745
2024-04-01,Egypt,Alexandria,P0005,Infecto,Molecule E,Epsilon Pharma,J01CA04,Anti-infective,Capsule,500 mg,14,3306,6557.0,507641.24,Hospital,EGP,9.763131833643095,-22.922440371245578
2024-04-01,Egypt,Delta,P0005,Infecto,Molecule E,Epsilon Pharma,J01CA04,Anti-infective,Capsule,500 mg,14,2488,4497.0,231354.41,Hospital,EGP,8.248107808368509,-75.01087036122132
2024-04-01,Egypt,Upper Egypt,P0005,Infecto,Molecule E,Epsilon Pharma,J01CA04,Anti-infective,Capsule,500 mg,14,3231,5469.0,130084.87,Independent Pharmacy,EGP,2.272024353400758,-30.394611605985755
2024-04-01,Egypt,Canal,P0005,Infecto,Molecule E,Epsilon Pharma,J01CA04,Anti-infective,Capsule,500 mg,14,5871,9038.0,295023.15,Hospital,EGP,4.91646040247963,186.91702670307149
2024-04-01,Egypt,Cairo,P0006,NeuroCalm,Molecule F,Zeta Pharma,N06AB10,CNS,Tablet,20 mg,28,1067,1510.0,96118.41,Hospital,EGP,1.2104322214670427,-80.30269552603124
2024-04-01,Egypt,Giza,P0006,NeuroCalm,Molecule F,Zeta Pharma,N06AB10,CNS,Tablet,20 mg,28,2779,5823.0,148285.92,Independent Pharmacy,EGP,1.7363651808460046,-77.1883790538238
2024-04-01,Egypt,Alexandria,P0006,NeuroCalm,Molecule F,Zeta Pharma,N06AB10,CNS,Tablet,20 mg,28,6725,14245.0,1070086.28,Independent Pharmacy,EGP,20.580269296112974,-22.655564216389877
2024-04-01,Egypt,Delta,P0006,NeuroCalm,Molecule F,Zeta Pharma,N06AB10,CNS,Tablet,20 mg,28,1056,1602.0,120489.34,Hospital,EGP,4.2956132371938285,-88.89185951659033
2024-04-01,Egypt,Upper Egypt,P0006,NeuroCalm,Molecule F,Zeta Pharma,N06AB10,CNS,Tablet,20 mg,28,1063,1845.0,130071.15,Chain Pharmacy,EGP,2.2717847238871283,-88.92666020008183
2024-04-01,Egypt,Canal,P0006,NeuroCalm,Molecule F,Zeta Pharma,N06AB10,CNS,Tablet,20 mg,28,7542,13110.0,672494.48,Independent Pharmacy,EGP,11.206891668691522,-23.612726726245292
2024-04-01,Egypt,Cairo,P0007,ArthroRelief,Molecule G,Eta Pharma,M01AE01,Musculoskeletal,Tablet,400 mg,30,7188,10934.0,1498904.89,Chain Pharmacy,EGP,18.875913321605225,503.64882758441826
2024-04-01,Egypt,Giza,P0007,ArthroRelief,Molecule G,Eta Pharma,M01AE01,Musculoskeletal,Tablet,400 mg,30,8113,17361.0,1099495.8,Chain Pharmacy,EGP,12.874629119247615,55.20632829788627
2024-04-01,Egypt,Alexandria,P0007,ArthroRelief,Molecule G,Eta Pharma,M01AE01,Musculoskeletal,Tablet,400 mg,30,8663,14535.0,1060701.58,Hospital,EGP,20.399779501156225,17.90584502544177
2024-04-01,Egypt,Delta,P0007,ArthroRelief,Molecule G,Eta Pharma,M01AE01,Musculoskeletal,Tablet,400 mg,30,2345,4751.0,126847.03,Hospital,EGP,4.5222737643572675,-69.40841532098125
2024-04-01,Egypt,Upper Egypt,P0007,ArthroRelief,Molecule G,Eta Pharma,M01AE01,Musculoskeletal,Tablet,400 mg,30,3406,7343.0,541480.79,Chain Pharmacy,EGP,9.457345360599442,-18.009471597193226
2024-04-01,Egypt,Canal,P0007,ArthroRelief,Molecule G,Eta Pharma,M01AE01,Musculoskeletal,Tablet,400 mg,30,1660,2907.0,261509.61,Independent Pharmacy,EGP,4.357968662570686,-41.2496910948139
2024-04-01,Egypt,Cairo,P0008,Dermacare,Molecule H,Theta Pharma,D07AC01,Dermatology,Cream,0.05%,1,5787,11580.0,460487.3,Chain Pharmacy,EGP,5.79897925378042,-40.642856495591396
2024-04-01,Egypt,Giza,P0008,Dermacare,Molecule H,Theta Pharma,D07AC01,Dermatology,Cream,0.05%,1,6218,11369.0,997841.75,Chain Pharmacy,EGP,11.684303342451148,971.827424744278
2024-04-01,Egypt,Alexandria,P0008,Dermacare,Molecule H,Theta Pharma,D07AC01,Dermatology,Cream,0.05%,1,5816,11023.0,304243.81,Independent Pharmacy,EGP,5.851322139627311,-66.1555801289645
2024-04-01,Egypt,Delta,P0008,Dermacare,Molecule H,Theta Pharma,D07AC01,Dermatology,Cream,0.05%,1,3014,4265.0,399028.15,Hospital,EGP,14.22591079968539,-30.082515909880225
2024-04-01,Egypt,Upper Egypt,P0008,Dermacare,Molecule H,Theta Pharma,D07AC01,Dermatology,Cream,0.05%,1,6652,10013.0,1290933.95,Hospital,EGP,22.547075405708874,12.587096483575078
2024-04-01,Egypt,Canal,P0008,Dermacare,Molecule H,Theta Pharma,D07AC01,Dermatology,Cream,0.05%,1,7948,14668.0,1275390.19,Hospital,EGP,21.25394351882546,102.14076706940864
2024-04-01,Egypt,Cairo,P0009,LipiControl,Molecule I,Iota Pharma,C10AA01,Cardiovascular,Tablet,20 mg,30,7843,13855.0,943674.54,Hospital,EGP,11.88382194206177,6.435237711533048
2024-04-01,Egypt,Giza,P0009,LipiControl,Molecule I,Iota Pharma,C10AA01,Cardiovascular,Tablet,20 mg,30,6068,13131.0,719718.71,Chain Pharmacy,EGP,8.427600597867976,277.6826724145848
2024-04-01,Egypt,Alexandria,P0009,LipiControl,Molecule I,Iota Pharma,C10AA01,Cardiovascular,Tablet,20 mg,30,4705,6685.0,359235.87,Independent Pharmacy,EGP,6.908948449860914,-54.83825632882975
2024-04-01,Egypt,Delta,P0009,LipiControl,Molecule I,Iota Pharma,C10AA01,Cardiovascular,Tablet,20 mg,30,4507,5871.0,495872.92,Independent Pharmacy,EGP,17.678562096181757,901.6770674529691
2024-04-01,Egypt,Upper Egypt,P0009,LipiControl,Molecule I,Iota Pharma,C10AA01,Cardiovascular,Tablet,20 mg,30,2945,4783.0,480845.9,Independent Pharmacy,EGP,8.398314077824006,570.6122741571705
2024-04-01,Egypt,Canal,P0009,LipiControl,Molecule I,Iota Pharma,C10AA01,Cardiovascular,Tablet,20 mg,30,4211,7479.0,924875.34,Chain Pharmacy,EGP,15.412732818898734,766.4509022421712
2024-04-01,Egypt,Cairo,P0010,GastroEase,Molecule J,Kappa Pharma,A02BC02,Gastrointestinal,Capsule,40 mg,14,3087,4800.0,577741.94,Chain Pharmacy,EGP,7.2755828968548135,11.417967943190789
2024-04-01,Egypt,Giza,P0010,GastroEase,Molecule J,Kappa Pharma,A02BC02,Gastrointestinal,Capsule,40 mg,14,2855,3714.0,333434.23,Hospital,EGP,3.9043733017551374,-25.511393107155765
2024-04-01,Egypt,Alexandria,P0010,GastroEase,Molecule J,Kappa Pharma,A02BC02,Gastrointestinal,Capsule,40 mg,14,937,1601.0,127585.59,Hospital,EGP,2.453770176834207,-46.53954463140677
2024-04-01,Egypt,Delta,P0010,GastroEase,Molecule J,Kappa Pharma,A02BC02,Gastrointestinal,Capsule,40 mg,14,2054,3864.0,302427.96,Hospital,EGP,10.781979121750735,-64.82058668997351
2024-04-01,Egypt,Upper Egypt,P0010,GastroEase,Molecule J,Kappa Pharma,A02BC02,Gastrointestinal,Capsule,40 mg,14,2591,4201.0,407776.4,Chain Pharmacy,EGP,7.122103527812949,41.533981870453786
2024-04-01,Egypt,Canal,P0010,GastroEase,Molecule J,Kappa Pharma,A02BC02,Gastrointestinal,Capsule,40 mg,14,8400,16015.0,629043.64,Hospital,EGP,10.482798205807413,-60.32077663240827
2024-05-01,Egypt,Cairo,P0001,CardioSafe,Molecule A,Alpha Pharma,C09AA05,Cardiology,Tablet,20 mg,28,1764,3856.0,167495.83,Chain Pharmacy,EGP,3.0174904115548995,-21.701463480489792
2024-05-01,Egypt,Giza,P0001,CardioSafe,Molecule A,Alpha Pharma,C09AA05,Cardiology,Tablet,20 mg,28,8056,15737.0,668860.78,Chain Pharmacy,EGP,12.75035969550844,-35.7241235627952
2024-05-01,Egypt,Alexandria,P0001,CardioSafe,Molecule A,Alpha Pharma,C09AA05,Cardiology,Tablet,20 mg,28,3119,4205.0,542764.15,Hospital,EGP,10.700117493197078,48.02777596867234
2024-05-01,Egypt,Delta,P0001,CardioSafe,Molecule A,Alpha Pharma,C09AA05,Cardiology,Tablet,20 mg,28,8240,17408.0,579455.8,Hospital,EGP,11.048777418633872,381.9767695261645
2024-05-01,Egypt,Upper Egypt,P0001,CardioSafe,Molecule A,Alpha Pharma,C09AA05,Cardiology,Tablet,20 mg,28,4074,7191.0,133365.79,Chain Pharmacy,EGP,2.017446924082858,-74.52492849868948
2024-05-01,Egypt,Canal,P0001,CardioSafe,Molecule A,Alpha Pharma,C09AA05,Cardiology,Tablet,20 mg,28,6969,11836.0,862738.38,Chain Pharmacy,EGP,12.30318189382467,-14.548801542066514
2024-05-01,Egypt,Cairo,P0002,GlucoMax,Molecule B,Beta Pharma,A10BA02,Diabetes,Tablet,500 mg,30,3074,4104.0,256003.67,Chain Pharmacy,EGP,4.611987173339568,-82.6417723597499
2024-05-01,Egypt,Giza,P0002,GlucoMax,Molecule B,Beta Pharma,A10BA02,Diabetes,Tablet,500 mg,30,3516,4634.0,713987.01,Independent Pharmacy,EGP,13.61059202098915,-53.75638864037533
2024-05-01,Egypt,Alexandria,P0002,GlucoMax,Molecule B,Beta Pharma,A10BA02,Diabetes,Tablet,500 mg,30,8822,17309.0,580460.32,Independent Pharmacy,EGP,11.44326430575559,-27.798109365317426
2024-05-01,Egypt,Delta,P0002,GlucoMax,Molecule B,Beta Pharma,A10BA02,Diabetes,Tablet,500 mg,30,5141,7482.0,374963.98,Chain Pharmacy,EGP,7.149628246063086,-20.168697404613877
2024-05-01,Egypt,Upper Egypt,P0002,GlucoMax,Molecule B,Beta Pharma,A10BA02,Diabetes,Tablet,500 mg,30,3496,5859.0,646808.63,Chain Pharmacy,EGP,9.784383844340795,151.2982325515763
2024-05-01,Egypt,Canal,P0002,GlucoMax,Molecule B,Beta Pharma,A10BA02,Diabetes,Tablet,500 mg,30,7373,12344.0,1414293.62,Chain Pharmacy,EGP,20.168700108294416,255.7866917466851
2024-05-01,Egypt,Cairo,P0003,Respira,Molecule C,Gamma Pharma,R03AC02,Respiratory,Inhaler,100 mcg,1,8269,12556.0,1459988.48,Chain Pharmacy,EGP,26.30215474248292,429.6395640103304
2024-05-01,Egypt,Giza,P0003,Respira,Molecule C,Gamma Pharma,R03AC02,Respiratory,Inhaler,100 mcg,1,4048,7329.0,609674.29,Independent Pharmacy,EGP,11.622099436901838,-30.779063122721627
2024-05-01,Egypt,Alexandria,P0003,Respira,Molecule C,Gamma Pharma,R03AC02,Respiratory,Inhaler,100 mcg,1,6393,12544.0,1005360.68,Chain Pharmacy,EGP,19.81980091912944,255.5464282259877
2024-05-01,Egypt,Delta,P0003,Respira,Molecule C,Gamma Pharma,R03AC02,Respiratory,Inhaler,100 mcg,1,6623,9724.0,827474.68,Chain Pharmacy,EGP,15.777879104627635,74.39007864379674
2024-05-01,Egypt,Upper Egypt,P0003,Respira,Molecule C,Gamma Pharma,R03AC02,Respiratory,Inhaler,100 mcg,1,7141,11673.0,1442061.35,Independent Pharmacy,EGP,21.814306614134505,8.47641851199057
2024-05-01,Egypt,Canal,P0003,Respira,Molecule C,Gamma Pharma,R03AC02,Respiratory,Inhaler,100 mcg,1,3220,4409.0,394205.98,Independent Pharmacy,EGP,5.621620630316006,39.99597277968405
2024-05-01,Egypt,Cairo,P0004,PainFree,Molecule D,Delta Pharma,N02BE01,Pain,Tablet,500 mg,20,4655,6296.0,1016938.62,Hospital,EGP,18.320471231969606,12.968692153164273
2024-05-01,Egypt,Giza,P0004,PainFree,Molecule D,Delta Pharma,N02BE01,Pain,Tablet,500 mg,20,8899,16876.0,434291.59,Hospital,EGP,8.278813993600096,-16.44140908409718
2024-05-01,Egypt,Alexandria,P0004,PainFree,Molecule D,Delta Pharma,N02BE01,Pain,Tablet,500 mg,20,3660,5538.0,216252.39,Chain Pharmacy,EGP,4.263225530250436,-31.719136838389417
2024-05-01,Egypt,Delta,P0004,PainFree,Molecule D,Delta Pharma,N02BE01,Pain,Tablet,500 mg,20,5447,11977.0,1061888.34,Chain Pharmacy,EGP,20.247563165478034,1546.2693427919544
2024-05-01,Egypt,Upper Egypt,P0004,PainFree,Molecule D,Delta Pharma,N02BE01,Pain,Tablet,500 mg,20,7514,10441.0,1161388.21,Independent Pharmacy,EGP,17.56851642336911,83.17485303909311
2024-05-01,Egypt,Canal,P0004,PainFree,Molecule D,Delta Pharma,N02BE01,Pain,Tablet,500 mg,20,3293,4809.0,284089.71,Hospital,EGP,4.051294641944527,11.99462516710117
2024-05-01,Egypt,Cairo,P0005,Infecto,Molecule E,Epsilon Pharma,J01CA04,Anti-infective,Capsule,500 mg,14,6798,12082.0,785146.64,Independent Pharmacy,EGP,14.144665320113026,-47.63276612936714
2024-05-01,Egypt,Giza,P0005,Infecto,Molecule E,Epsilon Pharma,J01CA04,Anti-infective,Capsule,500 mg,14,6613,10622.0,785050.32,Hospital,EGP,14.965257731323403,-37.503644458302624
2024-05-01,Egypt,Alexandria,P0005,Infecto,Molecule E,Epsilon Pharma,J01CA04,Anti-infective,Capsule,500 mg,14,7525,11300.0,838739.94,Chain Pharmacy,EGP,16.535019684400798,65.22297124638652
2024-05-01,Egypt,Delta,P0005,Infecto,Molecule E,Epsilon Pharma,J01CA04,Anti-infective,Capsule,500 mg,14,3223,5438.0,573945.17,Chain Pharmacy,EGP,10.943703443524042,148.08049693109373
2024-05-01,Egypt,Upper Egypt,P0005,Infecto,Molecule E,Epsilon Pharma,J01CA04,Anti-infective,Capsule,500 mg,14,2933,4250.0,297683.15,Independent Pharmacy,EGP,4.503103496922232,128.83764268665527
2024-05-01,Egypt,Canal,P0005,Infecto,Molecule E,Epsilon Pharma,J01CA04,Anti-infective,Capsule,500 mg,14,4816,10266.0,325347.39,Independent Pharmacy,EGP,4.639654628383536,10.278596781303428
2024-05-01,Egypt,Cairo,P0006,NeuroCalm,Molecule F,Zeta Pharma,N06AB10,CNS,Tablet,20 mg,28,6693,9903.0,251541.55,Hospital,EGP,4.531600668701169,161.6996577450667
2024-05-01,Egypt,Giza,P0006,NeuroCalm,Molecule F,Zeta Pharma,N06AB10,CNS,Tablet,20 mg,28,1829,4011.0,278947.86,Independent Pharmacy,EGP,5.317527440153286,88.11486619902954
2024-05-01,Egypt,Alexandria,P0006,NeuroCalm,Molecule F,Zeta Pharma,N06AB10,CNS,Tablet,20 mg,28,2733,5759.0,452668.9,Independent Pharmacy,EGP,8.923968938472223,-57.69790637816607
2024-05-01,Egypt,Delta,P0006,NeuroCalm,Molecule F,Zeta Pharma,N06AB10,CNS,Tablet,20 mg,28,2795,3667.0,596239.81,Chain Pharmacy,EGP,11.368806643782927,394.8485982245401
2024-05-01,Egypt,Upper Egypt,P0006,NeuroCalm,Molecule F,Zeta Pharma,N06AB10,CNS,Tablet,20 mg,28,4701,7905.0,239427.21,Chain Pharmacy,EGP,3.621856012371991,84.07403178952441
2024-05-01,Egypt,Canal,P0006,NeuroCalm,Molecule F,Zeta Pharma,N06AB10,CNS,Tablet,20 mg,28,6614,9180.0,1123556.4,Hospital,EGP,16.022607870036833,67.07295500774964
2024-05-01,Egypt,Cairo,P0007,ArthroRelief,Molecule G,Eta Pharma,M01AE01,Musculoskeletal,Tablet,400 mg,30,883,1407.0,135488.87,Independent Pharmacy,EGP,2.440874892810217,-90.9608093946508
2024-05-01,Egypt,Giza,P0007,ArthroRelief,Molecule G,Eta Pharma,M01AE01,Musculoskeletal,Tablet,400 mg,30,3466,6347.0,543806.59,Independent Pharmacy,EGP,10.36647660412662,-50.54036677538923
2024-05-01,Egypt,Alexandria,P0007,ArthroRelief,Molecule G,Eta Pharma,M01AE01,Musculoskeletal,Tablet,400 mg,30,7735,12474.0,393402.25,Chain Pharmacy,EGP,7.755579098376505,-62.91112812333135
2024-05-01,Egypt,Delta,P0007,ArthroRelief,Molecule G,Eta Pharma,M01AE01,Musculoskeletal,Tablet,400 mg,30,1066,1444.0,68747.87,Independent Pharmacy,EGP,1.310850480114578,-45.80253869562417
2024-05-01,Egypt,Upper Egypt,P0007,ArthroRelief,Molecule G,Eta Pharma,M01AE01,Musculoskeletal,Tablet,400 mg,30,6497,11693.0,497227.07,Independent Pharmacy,EGP,7.521638217283696,-8.172722064618398
2024-05-01,Egypt,Canal,P0007,ArthroRelief,Molecule G,Eta Pharma,M01AE01,Musculoskeletal,Tablet,400 mg,30,5178,9291.0,314746.46,Independent Pharmacy,EGP,4.488478822302319,20.357511909409375
2024-05-01,Egypt,Cairo,P0008,Dermacare,Molecule H,Theta Pharma,D07AC01,Dermatology,Cream,0.05%,1,1255,1886.0,173122.05,Independent Pharmacy,EGP,3.1188485462815874,-62.40459834614332
2024-05-01,Egypt,Giza,P0008,Dermacare,Molecule H,Theta Pharma,D07AC01,Dermatology,Cream,0.05%,1,2298,4205.0,482761.25,Hospital,EGP,9.202781458576885,-51.619457694569306
2024-05-01,Egypt,Alexandria,P0008,Dermacare,Molecule H,Theta Pharma,D07AC01,Dermatology,Cream,0.05%,1,1748,3745.0,320112.88,Chain Pharmacy,EGP,6.310743675840966,5.21590562516292
2024-05-01,Egypt,Delta,P0008,Dermacare,Molecule H,Theta Pharma,D07AC01,Dermatology,Cream,0.05%,1,2925,6333.0,91889.89,Hospital,EGP,1.7521111043029516,-76.97157706793368
2024-05-01,Egypt,Upper Egypt,P0008,Dermacare,Molecule H,Theta Pharma,D07AC01,Dermatology,Cream,0.05%,1,6393,9047.0,1083712.26,Independent Pharmacy,EGP,16.39349915392757,-16.052075321127003
2024-05-01,Egypt,Canal,P0008,Dermacare,Molecule H,Theta Pharma,D07AC01,Dermatology,Cream,0.05%,1,2013,3038.0,183144.22,Hospital,EGP,2.6117496377785367,-85.64014201802821
2024-05-01,Egypt,Cairo,P0009,LipiControl,Molecule I,Iota Pharma,C10AA01,Cardiovascular,Tablet,20 mg,30,2863,4021.0,331886.11,Chain Pharmacy,EGP,5.979033356551352,-64.83044779400322
2024-05-01,Egypt,Giza,P0009,LipiControl,Molecule I,Iota Pharma,C10AA01,Cardiovascular,Tablet,20 mg,30,8897,19357.0,392752.8,Chain Pharmacy,EGP,7.486968321596142,-45.42968043723638
2024-05-01,Egypt,Alexandria,P0009,LipiControl,Molecule I,Iota Pharma,C10AA01,Cardiovascular,Tablet,20 mg,30,5374,10153.0,234105.84,Independent Pharmacy,EGP,4.615190582951354,-34.83227607532622
2024-05-01,Egypt,Delta,P0009,LipiControl,Molecule I,Iota Pharma,C10AA01,Cardiovascular,Tablet,20 mg,30,4200,7362.0,906575.36,Independent Pharmacy,EGP,17.286131860027755,82.82413163437117
2024-05-01,Egypt,Upper Egypt,P0009,LipiControl,Molecule I,Iota Pharma,C10AA01,Cardiovascular,Tablet,20 mg,30,6535,12488.0,988029.13,Hospital,EGP,14.946084218619795,105.47729116542324
2024-05-01,Egypt,Canal,P0009,LipiControl,Molecule I,Iota Pharma,C10AA01,Cardiovascular,Tablet,20 mg,30,3704,7455.0,544328.65,Hospital,EGP,7.762462579872738,-41.14572781235577
2024-05-01,Egypt,Cairo,P0010,GastroEase,Molecule J,Kappa Pharma,A02BC02,Gastrointestinal,Capsule,40 mg,14,7857,15423.0,973220.4,Hospital,EGP,17.532873656195648,68.45244089428579
2024-05-01,Egypt,Giza,P0010,GastroEase,Molecule J,Kappa Pharma,A02BC02,Gastrointestinal,Capsule,40 mg,14,5102,7990.0,335686.42,Independent Pharmacy,EGP,6.399123297224152,0.6754525472684625
2024-05-01,Egypt,Alexandria,P0010,GastroEase,Molecule J,Kappa Pharma,A02BC02,Gastrointestinal,Capsule,40 mg,14,2492,3912.0,488639.1,Independent Pharmacy,EGP,9.633089771625624,282.9892545075035
2024-05-01,Egypt,Delta,P0010,GastroEase,Molecule J,Kappa Pharma,A02BC02,Gastrointestinal,Capsule,40 mg,14,1179,2134.0,163343.25,Independent Pharmacy,EGP,3.114548533445117,-45.98936884010328
2024-05-01,Egypt,Upper Egypt,P0010,GastroEase,Molecule J,Kappa Pharma,A02BC02,Gastrointestinal,Capsule,40 mg,14,843,1323.0,120919.19,Chain Pharmacy,EGP,1.8291650949474423,-70.34669245203989
2024-05-01,Egypt,Canal,P0010,GastroEase,Molecule J,Kappa Pharma,A02BC02,Gastrointestinal,Capsule,40 mg,14,7935,13158.0,1565868.34,Hospital,EGP,22.33024918724642,148.928411389709
2024-06-01,Egypt,Cairo,P0001,CardioSafe,Molecule A,Alpha Pharma,C09AA05,Cardiology,Tablet,20 mg,28,6967,12779.0,1340275.84,Independent Pharmacy,EGP,14.721873963509163,700.1846016106791
2024-06-01,Egypt,Giza,P0001,CardioSafe,Molecule A,Alpha Pharma,C09AA05,Cardiology,Tablet,20 mg,28,6476,13067.0,1377353.85,Hospital,EGP,13.483080927977248,105.92534219153946
2024-06-01,Egypt,Alexandria,P0001,CardioSafe,Molecule A,Alpha Pharma,C09AA05,Cardiology,Tablet,20 mg,28,4767,7524.0,411877.96,Chain Pharmacy,EGP,6.532836706280955,-24.114744866623926
2024-06-01,Egypt,Delta,P0001,CardioSafe,Molecule A,Alpha Pharma,C09AA05,Cardiology,Tablet,20 mg,28,3068,6132.0,481403.55,Hospital,EGP,12.493874633752968,-16.921437321017418
2024-06-01,Egypt,Upper Egypt,P0001,CardioSafe,Molecule A,Alpha Pharma,C09AA05,Cardiology,Tablet,20 mg,28,5407,8465.0,345991.07,Independent Pharmacy,EGP,5.278864769689285,159.43015071556204
2024-06-01,Egypt,Canal,P0001,CardioSafe,Molecule A,Alpha Pharma,C09AA05,Cardiology,Tablet,20 mg,28,2372,4220.0,186447.03,Hospital,EGP,3.672187934310352,-78.3889259684958
2024-06-01,Egypt,Cairo,P0002,GlucoMax,Molecule B,Beta Pharma,A10BA02,Diabetes,Tablet,500 mg,30,7580,10860.0,1524625.21,Hospital,EGP,16.746806525445304,495.5481849146928
2024-06-01,Egypt,Giza,P0002,GlucoMax,Molecule B,Beta Pharma,A10BA02,Diabetes,Tablet,500 mg,30,5742,8919.0,1072102.34,Chain Pharmacy,EGP,10.494937530608986,50.15712120588862
2024-06-01,Egypt,Alexandria,P0002,GlucoMax,Molecule B,Beta Pharma,A10BA02,Diabetes,Tablet,500 mg,30,3026,4642.0,263268.46,Hospital,EGP,4.175726856309717,-54.64488253047167
2024-06-01,Egypt,Delta,P0002,GlucoMax,Molecule B,Beta Pharma,A10BA02,Diabetes,Tablet,500 mg,30,8003,10675.0,256363.91,Hospital,EGP,6.65341697658592,-31.629723473705383
2024-06-01,Egypt,Upper Egypt,P0002,GlucoMax,Molecule B,Beta Pharma,A10BA02,Diabetes,Tablet,500 mg,30,6069,8064.0,281564.39,Hospital,EGP,4.295892199674558,-56.468671421406356
2024-06-01,Egypt,Canal,P0002,GlucoMax,Molecule B,Beta Pharma,A10BA02,Diabetes,Tablet,500 mg,30,1085,1466.0,65760.2,Chain Pharmacy,EGP,1.295187233595706,-95.35031488015905
2024-06-01,Egypt,Cairo,P0003,Respira,Molecule C,Gamma Pharma,R03AC02,Respiratory,Inhaler,100 mcg,1,1240,1678.0,67597.02,Chain Pharmacy,EGP,0.7424999981711288,-95.3700305909263
2024-06-01,Egypt,Giza,P0003,Respira,Molecule C,Gamma Pharma,R03AC02,Respiratory,Inhaler,100 mcg,1,8472,12437.0,1444066.82,Hospital,EGP,14.136142139121876,136.85873649026598
2024-06-01,Egypt,Alexandria,P0003,Respira,Molecule C,Gamma Pharma,R03AC02,Respiratory,Inhaler,100 mcg,1,5545,7640.0,1082051.07,Chain Pharmacy,EGP,17.16251811135168,7.628146945233616
2024-06-01,Egypt,Delta,P0003,Respira,Molecule C,Gamma Pharma,R03AC02,Respiratory,Inhaler,100 mcg,1,3254,6195.0,331669.73,Hospital,EGP,8.607830221506873,-59.917839419569916
2024-06-01,Egypt,Upper Egypt,P0003,Respira,Molecule C,Gamma Pharma,R03AC02,Respiratory,Inhaler,100 mcg,1,3362,5428.0,177565.5,Hospital,EGP,2.709157384502041,-87.68668891930291
2024-06-01,Egypt,Canal,P0003,Respira,Molecule C,Gamma Pharma,R03AC02,Respiratory,Inhaler,100 mcg,1,1896,3840.0,357833.11,Chain Pharmacy,EGP,7.047741275571667,-9.226869161142604
2024-06-01,Egypt,Cairo,P0004,PainFree,Molecule D,Delta Pharma,N02BE01,Pain,Tablet,500 mg,20,6170,9864.0,1106262.46,Hospital,EGP,12.151421387019552,8.783601905098259
2024-06-01,Egypt,Giza,P0004,PainFree,Molecule D,Delta Pharma,N02BE01,Pain,Tablet,500 mg,20,7191,12140.0,1173781.59,Independent Pharmacy,EGP,11.490287822363012,170.27499887805794
2024-06-01,Egypt,Alexandria,P0004,PainFree,Molecule D,Delta Pharma,N02BE01,Pain,Tablet,500 mg,20,7235,14217.0,1065638.69,Hospital,EGP,16.902199743014048,392.775450944149
2024-06-01,Egypt,Delta,P0004,PainFree,Molecule D,Delta Pharma,N02BE01,Pain,Tablet,500 mg,20,6625,11201.0,638690.65,Hospital,EGP,16.57594945207653,-39.853313579090624
2024-06-01,Egypt,Upper Egypt,P0004,PainFree,Molecule D,Delta Pharma,N02BE01,Pain,Tablet,500 mg,20,4562,7776.0,169406.34,Hospital,EGP,2.5846712170577253,-85.41346136103792
2024-06-01,Egypt,Canal,P0004,PainFree,Molecule D,Delta Pharma,N02BE01,Pain,Tablet,500 mg,20,4305,6745.0,558045.98,Chain Pharmacy,EGP,10.991055821840638,96.43301406446574
2024-06-01,Egypt,Cairo,P0005,Infecto,Molecule E,Epsilon Pharma,J01CA04,Anti-infective,Capsule,500 mg,14,6807,9399.0,1186799.96,Hospital,EGP,13.036062360877679,51.15647186619814
2024-06-01,Egypt,Giza,P0005,Infecto,Molecule E,Epsilon Pharma,J01CA04,Anti-infective,Capsule,500 mg,14,8128,14324.0,1262248.11,Hospital,EGP,12.35629712605539,60.785630913442624
2024-06-01,Egypt,Alexandria,P0005,Infecto,Molecule E,Epsilon Pharma,J01CA04,Anti-infective,Capsule,500 mg,14,6396,8970.0,531374.99,Hospital,EGP,8.428190815239727,-36.646037149488784
2024-06-01,Egypt,Delta,P0005,Infecto,Molecule E,Epsilon Pharma,J01CA04,Anti-infective,Capsule,500 mg,14,4051,6256.0,553834.06,Hospital,EGP,14.373664908666376,-3.5040124128930317
2024-06-01,Egypt,Upper Egypt,P0005,Infecto,Molecule E,Epsilon Pharma,J01CA04,Anti-infective,Capsule,500 mg,14,7864,11455.0,1263633.24,Independent Pharmacy,EGP,19.279540921227603,324.48934042790125
2024-06-01,Egypt,Canal,P0005,Infecto,Molecule E,Epsilon Pharma,J01CA04,Anti-infective,Capsule,500 mg,14,4953,6734.0,910474.44,Chain Pharmacy,EGP,17.932349220397743,179.846855387406
2024-06-01,Egypt,Cairo,P0006,NeuroCalm,Molecule F,Zeta Pharma,N06AB10,CNS,Tablet,20 mg,28,8282,12426.0,1478089.65,Independent Pharmacy,EGP,16.235650068919668,487.61252365662847
2024-06-01,Egypt,Giza,P0006,NeuroCalm,Molecule F,Zeta Pharma,N06AB10,CNS,Tablet,20 mg,28,6356,13000.0,883776.34,Hospital,EGP,8.651391880489923,216.82492204815625
2024-06-01,Egypt,Alexandria,P0006,NeuroCalm,Molecule F,Zeta Pharma,N06AB10,CNS,Tablet,20 mg,28,3653,5067.0,208326.91,Independent Pharmacy,EGP,3.3042935449959225,-53.97808199326263
2024-06-01,Egypt,Delta,P0006,NeuroCalm,Molecule F,Zeta Pharma,N06AB10,CNS,Tablet,20 mg,28,1393,2614.0,85838.93,Chain Pharmacy,EGP,2.2277792303681525,-85.6032877106948
2024-06-01,Egypt,Upper Egypt,P0006,NeuroCalm,Molecule F,Zeta Pharma,N06AB10,CNS,Tablet,20 mg,28,4894,10447.0,773582.23,Independent Pharmacy,EGP,11.802720747690607,223.09704064128718
2024-06-01,Egypt,Canal,P0006,NeuroCalm,Molecule F,Zeta Pharma,N06AB10,CNS,Tablet,20 mg,28,996,1864.0,178044.84,Independent Pharmacy,EGP,3.506701679368221,-84.15345771694238
2024-06-01,Egypt,Cairo,P0007,ArthroRelief,Molecule G,Eta Pharma,M01AE01,Musculoskeletal,Tablet,400 mg,30,1898,3693.0,275731.0,Hospital,EGP,3.02868775865746,103.50822912612676
2024-06-01,Egypt,Giza,P0007,ArthroRelief,Molecule G,Eta Pharma,M01AE01,Musculoskeletal,Tablet,400 mg,30,5458,7932.0,971502.53,Independent Pharmacy,EGP,9.510154005613476,78.64853936396763
2024-06-01,Egypt,Alexandria,P0007,ArthroRelief,Molecule G,Eta Pharma,M01AE01,Musculoskeletal,Tablet,400 mg,30,938,1941.0,84918.56,Independent Pharmacy,EGP,1.3469016060303922,-78.41431766086747
2024-06-01,Egypt,Delta,P0007,ArthroRelief,Molecule G,Eta Pharma,M01AE01,Musculoskeletal,Tablet,400 mg,30,6918,13113.0,349983.87,Independent Pharmacy,EGP,9.083137412708519,409.0832195964762
2024-06-01,Egypt,Upper Egypt,P0007,ArthroRelief,Molecule G,Eta Pharma,M01AE01,Musculoskeletal,Tablet,400 mg,30,8733,13424.0,1481582.7,Independent Pharmacy,EGP,22.60484560601847,197.96903454994919
2024-06-01,Egypt,Canal,P0007,ArthroRelief,Molecule G,Eta Pharma,M01AE01,Musculoskeletal,Tablet,400 mg,30,6164,11903.0,1341502.34,Independent Pharmacy,EGP,26.421706512552674,326.21681590954194
2024-06-01,Egypt,Cairo,P0008,Dermacare,Molecule H,Theta Pharma,D07AC01,Dermatology,Cream,0.05%,1,6137,10322.0,420653.21,Hospital,EGP,4.620544036640661,142.98072371485898
2024-06-01,Egypt,Giza,P0008,Dermacare,Molecule H,Theta Pharma,D07AC01,Dermatology,Cream,0.05%,1,4484,6300.0,870638.41,Chain Pharmacy,EGP,8.522783118539536,80.34554554658231
2024-06-01,Egypt,Alexandria,P0008,Dermacare,Molecule H,Theta Pharma,D07AC01,Dermatology,Cream,0.05%,1,4295,8954.0,684739.8,Hospital,EGP,10.860725103357023,113.9057322529478
2024-06-01,Egypt,Delta,P0008,Dermacare,Molecule H,Theta Pharma,D07AC01,Dermatology,Cream,0.05%,1,3653,5466.0,160071.47,Independent Pharmacy,EGP,4.154337620943071,74.19921821649802
2024-06-01,Egypt,Upper Egypt,P0008,Dermacare,Molecule H,Theta Pharma,D07AC01,Dermatology,Cream,0.05%,1,7976,16051.0,688068.87,Hospital,EGP,10.49802388530697,-36.50815854016452
2024-06-01,Egypt,Canal,P0008,Dermacare,Molecule H,Theta Pharma,D07AC01,Dermatology,Cream,0.05%,1,1843,3129.0,207558.92,Independent Pharmacy,EGP,4.087999479972878,13.330860236812292
2024-06-01,Egypt,Cairo,P0009,LipiControl,Molecule I,Iota Pharma,C10AA01,Cardiovascular,Tablet,20 mg,30,4799,6894.0,148583.9,Independent Pharmacy,EGP,1.632077057217303,-55.23045541134578
2024-06-01,Egypt,Giza,P0009,LipiControl,Molecule I,Iota Pharma,C10AA01,Cardiovascular,Tablet,20 mg,30,7828,12571.0,630018.95,Chain Pharmacy,EGP,6.167330558526591,60.41106517891151
2024-06-01,Egypt,Alexandria,P0009,LipiControl,Molecule I,Iota Pharma,C10AA01,Cardiovascular,Tablet,20 mg,30,3843,5823.0,807066.6,Hospital,EGP,12.8009624717316,244.74432589977252
2024-06-01,Egypt,Delta,P0009,LipiControl,Molecule I,Iota Pharma,C10AA01,Cardiovascular,Tablet,20 mg,30,5041,10486.0,773449.89,Hospital,EGP,20.073358331383353,-14.684435058989465
2024-06-01,Egypt,Upper Egypt,P0009,LipiControl,Molecule I,Iota Pharma,C10AA01,Cardiovascular,Tablet,20 mg,30,1346,2671.0,255176.26,Hospital,EGP,3.8932824739525014,-74.17320479204899
2024-06-01,Egypt,Canal,P0009,LipiControl,Molecule I,Iota Pharma,C10AA01,Cardiovascular,Tablet,20 mg,30,8969,17447.0,1049646.91,Independent Pharmacy,EGP,20.673435871776256,92.83330208689178
2024-06-01,Egypt,Cairo,P0010,GastroEase,Molecule J,Kappa Pharma,A02BC02,Gastrointestinal,Capsule,40 mg,14,8090,17623.0,1555357.53,Hospital,EGP,17.08437684354209,59.81554948909826
2024-06-01,Egypt,Giza,P0010,GastroEase,Molecule J,Kappa Pharma,A02BC02,Gastrointestinal,Capsule,40 mg,14,2569,4308.0,529934.8,Independent Pharmacy,EGP,5.187594890703966,57.86602270059065
2024-06-01,Egypt,Alexandria,P0010,GastroEase,Molecule J,Kappa Pharma,A02BC02,Gastrointestinal,Capsule,40 mg,14,6510,10465.0,1165470.7,Chain Pharmacy,EGP,18.485645041688947,138.513598277338
2024-06-01,Egypt,Delta,P0010,GastroEase,Molecule J,Kappa Pharma,A02BC02,Gastrointestinal,Capsule,40 mg,14,7052,9280.0,221810.48,Independent Pharmacy,EGP,5.756651212008241,35.79409005269578
2024-06-01,Egypt,Upper Egypt,P0010,GastroEase,Molecule J,Kappa Pharma,A02BC02,Gastrointestinal,Capsule,40 mg,14,5228,11262.0,1117699.78,Independent Pharmacy,EGP,17.053000794880237,824.3361454869157
2024-06-01,Egypt,Canal,P0010,GastroEase,Molecule J,Kappa Pharma,A02BC02,Gastrointestinal,Capsule,40 mg,14,1058,2305.0,221959.87,Chain Pharmacy,EGP,4.371634970613875,-85.82512562965543
2024-07-01,Egypt,Cairo,P0001,CardioSafe,Molecule A,Alpha Pharma,C09AA05,Cardiology,Tablet,20 mg,28,7996,12326.0,1582514.4,Hospital,EGP,39.288445237843966,18.073783975692635
2024-07-01,Egypt,Giza,P0001,CardioSafe,Molecule A,Alpha Pharma,C09AA05,Cardiology,Tablet,20 mg,28,4191,7331.0,782427.99,Independent Pharmacy,EGP,12.507519469430056,-43.19339289609566
2024-07-01,Egypt,Alexandria,P0001,CardioSafe,Molecule A,Alpha Pharma,C09AA05,Cardiology,Tablet,20 mg,28,2396,4990.0,488768.42,Hospital,EGP,6.76280544713148,18.668262802894333
2024-07-01,Egypt,Delta,P0001,CardioSafe,Molecule A,Alpha Pharma,C09AA05,Cardiology,Tablet,20 mg,28,4695,7363.0,906992.57,Hospital,EGP,10.852581516516436,88.40587486319949
2024-07-01,Egypt,Upper Egypt,P0001,CardioSafe,Molecule A,Alpha Pharma,C09AA05,Cardiology,Tablet,20 mg,28,5026,9499.0,241776.51,Independent Pharmacy,EGP,4.9108880222457625,-30.120592418758086
2024-07-01,Egypt,Canal,P0001,CardioSafe,Molecule A,Alpha Pharma,C09AA05,Cardiology,Tablet,20 mg,28,3087,5316.0,455280.13,Hospital,EGP,8.754373560950263,144.1873866266467
2024-07-01,Egypt,Cairo,P0002,GlucoMax,Molecule B,Beta Pharma,A10BA02,Diabetes,Tablet,500 mg,30,6921,9964.0,451414.28,Independent Pharmacy,EGP,11.20707983406708,-70.39178697563318
2024-07-01,Egypt,Giza,P0002,GlucoMax,Molecule B,Beta Pharma,A10BA02,Diabetes,Tablet,500 mg,30,8487,15651.0,1471159.99,Independent Pharmacy,EGP,23.517259674684603,37.22197360375128
2024-07-01,Egypt,Alexandria,P0002,GlucoMax,Molecule B,Beta Pharma,A10BA02,Diabetes,Tablet,500 mg,30,847,1707.0,158687.96,Independent Pharmacy,EGP,2.1956733626165583,-39.72390008282801
2024-07-01,Egypt,Delta,P0002,GlucoMax,Molecule B,Beta Pharma,A10BA02,Diabetes,Tablet,500 mg,30,5867,11729.0,1157111.98,Hospital,EGP,13.845374815680945,351.355255113717
2024-07-01,Egypt,Upper Egypt,P0002,GlucoMax,Molecule B,Beta Pharma,A10BA02,Diabetes,Tablet,500 mg,30,6437,12954.0,415964.63,Hospital,EGP,8.448942038020526,47.7333941270059
2024-07-01,Egypt,Canal,P0002,GlucoMax,Molecule B,Beta Pharma,A10BA02,Diabetes,Tablet,500 mg,30,2478,4106.0,187342.66,Hospital,EGP,3.602326395272498,184.8876067895171
2024-07-01,Egypt,Cairo,P0003,Respira,Molecule C,Gamma Pharma,R03AC02,Respiratory,Inhaler,100 mcg,1,5648,9890.0,268517.37,Hospital,EGP,6.66637219013924,297.2325555179799
2024-07-01,Egypt,Giza,P0003,Respira,Molecule C,Gamma Pharma,R03AC02,Respiratory,Inhaler,100 mcg,1,5133,8597.0,773099.32,Independent Pharmacy,EGP,12.35839581442266,-46.46374327747521
2024-07-01,Egypt,Alexandria,P0003,Respira,Molecule C,Gamma Pharma,R03AC02,Respiratory,Inhaler,100 mcg,1,6618,10858.0,686637.24,Independent Pharmacy,EGP,9.500601669140828,-36.54299145048672
2024-07-01,Egypt,Delta,P0003,Respira,Molecule C,Gamma Pharma,R03AC02,Respiratory,Inhaler,100 mcg,1,6693,11069.0,602710.29,Independent Pharmacy,EGP,7.2117046703792305,81.72001707843523
2024-07-01,Egypt,Upper Egypt,P0003,Respira,Molecule C,Gamma Pharma,R03AC02,Respiratory,Inhaler,100 mcg,1,5810,11591.0,370961.88,Independent Pharmacy,EGP,7.534860409730333,108.91551568294516
2024-07-01,Egypt,Canal,P0003,Respira,Molecule C,Gamma Pharma,R03AC02,Respiratory,Inhaler,100 mcg,1,4663,8582.0,831323.01,Hospital,EGP,15.985130252342861,132.32143330727558
2024-07-01,Egypt,Cairo,P0004,PainFree,Molecule D,Delta Pharma,N02BE01,Pain,Tablet,500 mg,20,5878,12778.0,504512.97,Independent Pharmacy,EGP,12.525339544225957,-54.39482146036123
2024-07-01,Egypt,Giza,P0004,PainFree,Molecule D,Delta Pharma,N02BE01,Pain,Tablet,500 mg,20,1814,3557.0,66634.17,Hospital,EGP,1.06518195828387,-94.32312019819634
2024-07-01,Egypt,Alexandria,P0004,PainFree,Molecule D,Delta Pharma,N02BE01,Pain,Tablet,500 mg,20,2442,4648.0,500394.29,Chain Pharmacy,EGP,6.923665874578168,-53.04278132018649
2024-07-01,Egypt,Delta,P0004,PainFree,Molecule D,Delta Pharma,N02BE01,Pain,Tablet,500 mg,20,6186,12059.0,251241.73,Independent Pharmacy,EGP,3.0062223720042307,-60.66300172078611
2024-07-01,Egypt,Upper Egypt,P0004,PainFree,Molecule D,Delta Pharma,N02BE01,Pain,Tablet,500 mg,20,5442,10061.0,1067384.09,Chain Pharmacy,EGP,21.680368133019595,530.0732841521752
2024-07-01,Egypt,Canal,P0004,PainFree,Molecule D,Delta Pharma,N02BE01,Pain,Tablet,500 mg,20,4414,8594.0,234839.28,Hospital,EGP,4.515617195735285,-57.91757517902019
2024-07-01,Egypt,Cairo,P0005,Infecto,Molecule E,Epsilon Pharma,J01CA04,Anti-infective,Capsule,500 mg,14,1596,2195.0,158475.83,Independent Pharmacy,EGP,3.934415363599136,-86.6467951347083
2024-07-01,Egypt,Giza,P0005,Infecto,Molecule E,Epsilon Pharma,J01CA04,Anti-infective,Capsule,500 mg,14,8009,14100.0,537352.87,Hospital,EGP,8.589865865456984,-57.428902785206006
2024-07-01,Egypt,Alexandria,P0005,Infecto,Molecule E,Epsilon Pharma,J01CA04,Anti-infective,Capsule,500 mg,14,8340,17820.0,1336231.28,Chain Pharmacy,EGP,18.488658041801205,151.46672409252835
2024-07-01,Egypt,Delta,P0005,Infecto,Molecule E,Epsilon Pharma,J01CA04,Anti-infective,Capsule,500 mg,14,2860,5447.0,175412.67,Chain Pharmacy,EGP,2.098892938235202,-68.32757631410391
2024-07-01,Egypt,Upper Egypt,P0005,Infecto,Molecule E,Epsilon Pharma,J01CA04,Anti-infective,Capsule,500 mg,14,5585,7966.0,199928.06,Hospital,EGP,4.060875538177105,-84.17831585373617
2024-07-01,Egypt,Canal,P0005,Infecto,Molecule E,Epsilon Pharma,J01CA04,Anti-infective,Capsule,500 mg,14,4135,7411.0,347978.99,Hospital,EGP,6.691128975521457,-61.780476780874814
2024-07-01,Egypt,Cairo,P0006,NeuroCalm,Molecule F,Zeta Pharma,N06AB10,CNS,Tablet,20 mg,28,1224,1699.0,74110.03,Independent Pharmacy,EGP,1.8398997539801047,-94.98609370547992
2024-07-01,Egypt,Giza,P0006,NeuroCalm,Molecule F,Zeta Pharma,N06AB10,CNS,Tablet,20 mg,28,8491,17809.0,1832380.33,Independent Pharmacy,EGP,29.29155519203201,107.33530046753685
2024-07-01,Egypt,Alexandria,P0006,NeuroCalm,Molecule F,Zeta Pharma,N06AB10,CNS,Tablet,20 mg,28,5572,8939.0,621238.99,Hospital,EGP,8.595723974029376,198.2039094229353
2024-07-01,Egypt,Delta,P0006,NeuroCalm,Molecule F,Zeta Pharma,N06AB10,CNS,Tablet,20 mg,28,6074,12722.0,1281856.79,Hospital,EGP,15.338003602361475,1393.3280156218166
2024-07-01,Egypt,Upper Egypt,P0006,NeuroCalm,Molecule F,Zeta Pharma,N06AB10,CNS,Tablet,20 mg,28,1759,3796.0,328439.7,Hospital,EGP,6.671163334932709,-57.54301388231215
2024-07-01,Egypt,Canal,P0006,NeuroCalm,Molecule F,Zeta Pharma,N06AB10,CNS,Tablet,20 mg,28,1564,2134.0,256444.81,Hospital,EGP,4.931060058577372,44.03383439812127
2024-07-01,Egypt,Cairo,P0007,ArthroRelief,Molecule G,Eta Pharma,M01AE01,Musculoskeletal,Tablet,400 mg,30,3776,7753.0,126969.42,Independent Pharmacy,EGP,3.1522184597819836,-53.95170655457675
2024-07-01,Egypt,Giza,P0007,ArthroRelief,Molecule G,Eta Pharma,M01AE01,Musculoskeletal,Tablet,400 mg,30,6115,10819.0,251424.09,Chain Pharmacy,EGP,4.019145200517091,-74.12007871971265
2024-07-01,Egypt,Alexandria,P0007,ArthroRelief,Molecule G,Eta Pharma,M01AE01,Musculoskeletal,Tablet,400 mg,30,6354,11227.0,1227378.12,Chain Pharmacy,EGP,16.98251993372648,1345.3590828671613
2024-07-01,Egypt,Delta,P0007,ArthroRelief,Molecule G,Eta Pharma,M01AE01,Musculoskeletal,Tablet,400 mg,30,6611,13905.0,792060.47,Chain Pharmacy,EGP,9.477366299357138,126.31342124424192
2024-07-01,Egypt,Upper Egypt,P0007,ArthroRelief,Molecule G,Eta Pharma,M01AE01,Musculoskeletal,Tablet,400 mg,30,1634,2405.0,249258.88,Independent Pharmacy,EGP,5.062867555786928,-83.17617504578043
2024-07-01,Egypt,Canal,P0007,ArthroRelief,Molecule G,Eta Pharma,M01AE01,Musculoskeletal,Tablet,400 mg,30,4623,9581.0,902953.86,Independent Pharmacy,EGP,17.362487132355163,-32.690847188533425
2024-07-01,Egypt,Cairo,P0008,Dermacare,Molecule H,Theta Pharma,D07AC01,Dermatology,Cream,0.05%,1,2885,5044.0,568549.41,Chain Pharmacy,EGP,14.115146351776323,35.158699965703335
2024-07-01,Egypt,Giza,P0008,Dermacare,Molecule H,Theta Pharma,D07AC01,Dermatology,Cream,0.05%,1,6111,8154.0,239467.33,Independent Pharmacy,EGP,3.828010156266817,-72.49520268695704
2024-07-01,Egypt,Alexandria,P0008,Dermacare,Molecule H,Theta Pharma,D07AC01,Dermatology,Cream,0.05%,1,3915,8212.0,466025.5,Chain Pharmacy,EGP,6.448124839780302,-31.941227894157752
2024-07-01,Egypt,Delta,P0008,Dermacare,Molecule H,Theta Pharma,D07AC01,Dermatology,Cream,0.05%,1,4937,6996.0,940761.88,Chain Pharmacy,EGP,11.256646777526804,487.7136506586714
2024-07-01,Egypt,Upper Egypt,P0008,Dermacare,Molecule H,Theta Pharma,D07AC01,Dermatology,Cream,0.05%,1,8657,18347.0,286716.26,Hospital,EGP,5.823690014456333,-58.3302962100291
2024-07-01,Egypt,Canal,P0008,Dermacare,Molecule H,Theta Pharma,D07AC01,Dermatology,Cream,0.05%,1,2123,3162.0,361675.05,Hospital,EGP,6.954484254288375,74.25174981638946
2024-07-01,Egypt,Cairo,P0009,LipiControl,Molecule I,Iota Pharma,C10AA01,Cardiovascular,Tablet,20 mg,30,817,1267.0,158906.67,Hospital,EGP,3.9451116541013103,6.947435085497156
2024-07-01,Egypt,Giza,P0009,LipiControl,Molecule I,Iota Pharma,C10AA01,Cardiovascular,Tablet,20 mg,30,4215,6356.0,147239.35,Independent Pharmacy,EGP,2.3536977975330693,-76.62937757665861
2024-07-01,Egypt,Alexandria,P0009,LipiControl,Molecule I,Iota Pharma,C10AA01,Cardiovascular,Tablet,20 mg,30,4454,6548.0,775161.17,Chain Pharmacy,EGP,10.725455999961724,-3.953258628222245
2024-07-01,Egypt,Delta,P0009,LipiControl,Molecule I,Iota Pharma,C10AA01,Cardiovascular,Tablet,20 mg,30,8112,14477.0,1102186.47,Hospital,EGP,13.188165931807466,42.502634527493434
2024-07-01,Egypt,Upper Egypt,P0009,LipiControl,Molecule I,Iota Pharma,C10AA01,Cardiovascular,Tablet,20 mg,30,4005,5780.0,526027.78,Chain Pharmacy,EGP,10.684509939243183,106.14291470530999
2024-07-01,Egypt,Canal,P0009,LipiControl,Molecule I,Iota Pharma,C10AA01,Cardiovascular,Tablet,20 mg,30,7999,11707.0,1226659.93,Independent Pharmacy,EGP,23.586883221697157,16.864053836923134
2024-07-01,Egypt,Cairo,P0010,GastroEase,Molecule J,Kappa Pharma,A02BC02,Gastrointestinal,Capsule,40 mg,14,1408,2838.0,133968.09,Chain Pharmacy,EGP,3.325971610484904,-91.38666914738248
2024-07-01,Egypt,Giza,P0010,GastroEase,Molecule J,Kappa Pharma,A02BC02,Gastrointestinal,Capsule,40 mg,14,1852,3961.0,154475.34,Chain Pharmacy,EGP,2.4693688713728497,-70.85012344914885
2024-07-01,Egypt,Alexandria,P0010,GastroEase,Molecule J,Kappa Pharma,A02BC02,Gastrointestinal,Capsule,40 mg,14,4627,7538.0,966779.72,Independent Pharmacy,EGP,13.376770857233874,-17.04813171193407
2024-07-01,Egypt,Delta,P0010,GastroEase,Molecule J,Kappa Pharma,A02BC02,Gastrointestinal,Capsule,40 mg,14,6223,13651.0,1147055.22,Chain Pharmacy,EGP,13.725041076131081,417.1330137331653
2024-07-01,Egypt,Upper Egypt,P0010,GastroEase,Molecule J,Kappa Pharma,A02BC02,Gastrointestinal,Capsule,40 mg,14,7695,14226.0,1236816.96,Independent Pharmacy,EGP,25.12183501438753,10.657350223330987
2024-07-01,Egypt,Canal,P0010,GastroEase,Molecule J,Kappa Pharma,A02BC02,Gastrointestinal,Capsule,40 mg,14,2547,4444.0,396104.32,Hospital,EGP,7.616508953259574,78.4576283992237
2024-08-01,Egypt,Cairo,P0001,CardioSafe,Molecule A,Alpha Pharma,C09AA05,Cardiology,Tablet,20 mg,28,2896,5707.0,360478.03,Hospital,EGP,4.207960992081814,-77.22118484356287
2024-08-01,Egypt,Giza,P0001,CardioSafe,Molecule A,Alpha Pharma,C09AA05,Cardiology,Tablet,20 mg,28,4807,9366.0,452307.21,Hospital,EGP,6.488718262754591,-42.1918418332657
2024-08-01,Egypt,Alexandria,P0001,CardioSafe,Molecule A,Alpha Pharma,C09AA05,Cardiology,Tablet,20 mg,28,1126,1857.0,71991.91,Chain Pharmacy,EGP,1.3557051425834705,-85.27075255803148
2024-08-01,Egypt,Delta,P0001,CardioSafe,Molecule A,Alpha Pharma,C09AA05,Cardiology,Tablet,20 mg,28,1128,1919.0,201053.48,Chain Pharmacy,EGP,3.7667326402700207,-77.83295181789637
2024-08-01,Egypt,Upper Egypt,P0001,CardioSafe,Molecule A,Alpha Pharma,C09AA05,Cardiology,Tablet,20 mg,28,8901,12962.0,499911.98,Hospital,EGP,8.303941506677019,106.7661494493406
2024-08-01,Egypt,Canal,P0001,CardioSafe,Molecule A,Alpha Pharma,C09AA05,Cardiology,Tablet,20 mg,28,4263,6314.0,303741.59,Independent Pharmacy,EGP,4.788046247814092,-33.28468123570426
2024-08-01,Egypt,Cairo,P0002,GlucoMax,Molecule B,Beta Pharma,A10BA02,Diabetes,Tablet,500 mg,30,6485,9273.0,1053217.44,Hospital,EGP,12.294502119034183,133.31504710041514
2024-08-01,Egypt,Giza,P0002,GlucoMax,Molecule B,Beta Pharma,A10BA02,Diabetes,Tablet,500 mg,30,2770,4618.0,230180.92,Independent Pharmacy,EGP,3.302134271398533,-84.35378058371475
2024-08-01,Egypt,Alexandria,P0002,GlucoMax,Molecule B,Beta Pharma,A10BA02,Diabetes,Tablet,500 mg,30,1592,3135.0,338693.45,Independent Pharmacy,EGP,6.378056255547847,113.43361525348237
2024-08-01,Egypt,Delta,P0002,GlucoMax,Molecule B,Beta Pharma,A10BA02,Diabetes,Tablet,500 mg,30,7519,14787.0,1438009.98,Independent Pharmacy,EGP,26.941086166228207,24.275783576279288
2024-08-01,Egypt,Upper Egypt,P0002,GlucoMax,Molecule B,Beta Pharma,A10BA02,Diabetes,Tablet,500 mg,30,1403,2064.0,178397.38,Independent Pharmacy,EGP,2.963324480570425,-57.11236794339942
2024-08-01,Egypt,Canal,P0002,GlucoMax,Molecule B,Beta Pharma,A10BA02,Diabetes,Tablet,500 mg,30,6969,13175.0,876302.84,Independent Pharmacy,EGP,13.813645095526208,367.75402890083865
2024-08-01,Egypt,Cairo,P0003,Respira,Molecule C,Gamma Pharma,R03AC02,Respiratory,Inhaler,100 mcg,1,7534,14871.0,391777.13,Chain Pharmacy,EGP,4.573324151349157,45.90383110038654
2024-08-01,Egypt,Giza,P0003,Respira,Molecule C,Gamma Pharma,R03AC02,Respiratory,Inhaler,100 mcg,1,1319,1960.0,261132.91,Independent Pharmacy,EGP,3.7461659789222703,-66.22259220199547
2024-08-01,Egypt,Alexandria,P0003,Respira,Molecule C,Gamma Pharma,R03AC02,Respiratory,Inhaler,100 mcg,1,3889,6714.0,320137.94,Hospital,EGP,6.028630878026135,-53.37597185960959
2024-08-01,Egypt,Delta,P0003,Respira,Molecule C,Gamma Pharma,R03AC02,Respiratory,Inhaler,100 mcg,1,2613,3721.0,388422.77,Chain Pharmacy,EGP,7.277092274071034,-35.55398398789574
2024-08-01,Egypt,Upper Egypt,P0003,Respira,Molecule C,Gamma Pharma,R03AC02,Respiratory,Inhaler,100 mcg,1,7444,9744.0,1334613.36,Chain Pharmacy,EGP,22.169005182611702,259.7710255296313
2024-08-01,Egypt,Canal,P0003,Respira,Molecule C,Gamma Pharma,R03AC02,Respiratory,Inhaler,100 mcg,1,8466,15106.0,714761.25,Chain Pharmacy,EGP,11.26717589496193,-14.02123586113657
2024-08-01,Egypt,Cairo,P0004,PainFree,Molecule D,Delta Pharma,N02BE01,Pain,Tablet,500 mg,20,8492,14408.0,860133.24,Chain Pharmacy,EGP,10.040576181336057,70.48783503028675
2024-08-01,Egypt,Giza,P0004,PainFree,Molecule D,Delta Pharma,N02BE01,Pain,Tablet,500 mg,20,7348,12014.0,1089706.26,Chain Pharmacy,EGP,15.632730927061726,1535.35654454764
2024-08-01,Egypt,Alexandria,P0004,PainFree,Molecule D,Delta Pharma,N02BE01,Pain,Tablet,500 mg,20,7225,15800.0,643283.7,Independent Pharmacy,EGP,12.113903079250466,28.55536381120576
2024-08-01,Egypt,Delta,P0004,PainFree,Molecule D,Delta Pharma,N02BE01,Pain,Tablet,500 mg,20,6670,13550.0,843392.01,Hospital,EGP,15.800931237847463,235.68946130087545
2024-08-01,Egypt,Upper Egypt,P0004,PainFree,Molecule D,Delta Pharma,N02BE01,Pain,Tablet,500 mg,20,7693,13378.0,686769.78,Hospital,EGP,11.407800392527989,-35.6586081398309
2024-08-01,Egypt,Canal,P0004,PainFree,Molecule D,Delta Pharma,N02BE01,Pain,Tablet,500 mg,20,7285,14691.0,1199770.97,Hospital,EGP,18.912651675869522,410.8902437445729
2024-08-01,Egypt,Cairo,P0005,Infecto,Molecule E,Epsilon Pharma,J01CA04,Anti-infective,Capsule,500 mg,14,7532,12203.0,517256.09,Independent Pharmacy,EGP,6.038075190426335,226.3943088356124
2024-08-01,Egypt,Giza,P0005,Infecto,Molecule E,Epsilon Pharma,J01CA04,Anti-infective,Capsule,500 mg,14,6825,14941.0,1467126.5,Chain Pharmacy,EGP,21.04713412443994,173.02850359764523
2024-08-01,Egypt,Alexandria,P0005,Infecto,Molecule E,Epsilon Pharma,J01CA04,Anti-infective,Capsule,500 mg,14,5372,8218.0,647487.75,Chain Pharmacy,EGP,12.193071033048025,-51.5437365004657
2024-08-01,Egypt,Delta,P0005,Infecto,Molecule E,Epsilon Pharma,J01CA04,Anti-infective,Capsule,500 mg,14,1675,2192.0,175065.18,Independent Pharmacy,EGP,3.279842396564071,-0.19809857520555196
2024-08-01,Egypt,Upper Egypt,P0005,Infecto,Molecule E,Epsilon Pharma,J01CA04,Anti-infective,Capsule,500 mg,14,7539,14200.0,367725.93,Chain Pharmacy,EGP,6.10822451826101,83.92912430601287
2024-08-01,Egypt,Canal,P0005,Infecto,Molecule E,Epsilon Pharma,J01CA04,Anti-infective,Capsule,500 mg,14,6000,12524.0,745106.69,Hospital,EGP,11.745527806302974,114.1240452476743
2024-08-01,Egypt,Cairo,P0006,NeuroCalm,Molecule F,Zeta Pharma,N06AB10,CNS,Tablet,20 mg,28,5980,11341.0,1048825.5,Independent Pharmacy,EGP,12.243233773499883,1315.2274665116179
2024-08-01,Egypt,Giza,P0006,NeuroCalm,Molecule F,Zeta Pharma,N06AB10,CNS,Tablet,20 mg,28,5837,12317.0,284476.88,Chain Pharmacy,EGP,4.081054393511539,-84.47500907194305
2024-08-01,Egypt,Alexandria,P0006,NeuroCalm,Molecule F,Zeta Pharma,N06AB10,CNS,Tablet,20 mg,28,8206,17346.0,892867.34,Hospital,EGP,16.81390095752181,43.72364812453255
2024-08-01,Egypt,Delta,P0006,NeuroCalm,Molecule F,Zeta Pharma,N06AB10,CNS,Tablet,20 mg,28,2190,2936.0,125057.71,Hospital,EGP,2.3429535175139597,-90.24401860054897
2024-08-01,Egypt,Upper Egypt,P0006,NeuroCalm,Molecule F,Zeta Pharma,N06AB10,CNS,Tablet,20 mg,28,1404,2948.0,78812.14,Independent Pharmacy,EGP,1.3091332609713415,-76.0040762429146
2024-08-01,Egypt,Canal,P0006,NeuroCalm,Molecule F,Zeta Pharma,N06AB10,CNS,Tablet,20 mg,28,3167,5959.0,101346.96,Hospital,EGP,1.5975880403976448,-60.480011274160695
2024-08-01,Egypt,Cairo,P0007,ArthroRelief,Molecule G,Eta Pharma,M01AE01,Musculoskeletal,Tablet,400 mg,30,8088,15640.0,1591290.63,Hospital,EGP,18.575581147359504,1153.2865236369512
2024-08-01,Egypt,Giza,P0007,ArthroRelief,Molecule G,Eta Pharma,M01AE01,Musculoskeletal,Tablet,400 mg,30,8580,15352.0,1285404.09,Chain Pharmacy,EGP,18.440176962473018,411.2493755073351
2024-08-01,Egypt,Alexandria,P0007,ArthroRelief,Molecule G,Eta Pharma,M01AE01,Musculoskeletal,Tablet,400 mg,30,5803,9699.0,540365.56,Chain Pharmacy,EGP,10.175815151549624,-55.973994387320516
2024-08-01,Egypt,Delta,P0007,ArthroRelief,Molecule G,Eta Pharma,M01AE01,Musculoskeletal,Tablet,400 mg,30,4362,6740.0,841759.12,Independent Pharmacy,EGP,15.770339078681797,6.274602998430168
2024-08-01,Egypt,Upper Egypt,P0007,ArthroRelief,Molecule G,Eta Pharma,M01AE01,Musculoskeletal,Tablet,400 mg,30,4009,5911.0,706787.68,Independent Pharmacy,EGP,11.740313869573509,183.55566710401652
2024-08-01,Egypt,Canal,P0007,ArthroRelief,Molecule G,Eta Pharma,M01AE01,Musculoskeletal,Tablet,400 mg,30,7969,11372.0,984718.95,Independent Pharmacy,EGP,15.522668047200689,9.055289934748156
2024-08-01,Egypt,Cairo,P0008,Dermacare,Molecule H,Theta Pharma,D07AC01,Dermatology,Cream,0.05%,1,1261,1881.0,134717.37,Independent Pharmacy,EGP,1.5725935861218856,-76.30507258815025
2024-08-01,Egypt,Giza,P0008,Dermacare,Molecule H,Theta Pharma,D07AC01,Dermatology,Cream,0.05%,1,5327,7574.0,285866.63,Chain Pharmacy,EGP,4.100991498218897,19.376045993413804
2024-08-01,Egypt,Alexandria,P0008,Dermacare,Molecule H,Theta Pharma,D07AC01,Dermatology,Cream,0.05%,1,5774,11205.0,1142505.18,Chain Pharmacy,EGP,21.51491949518013,145.15937003447235
2024-08-01,Egypt,Delta,P0008,Dermacare,Molecule H,Theta Pharma,D07AC01,Dermatology,Cream,0.05%,1,945,1786.0,50120.94,Chain Pharmacy,EGP,0.9390147370690392,-94.67230326126734
2024-08-01,Egypt,Upper Egypt,P0008,Dermacare,Molecule H,Theta Pharma,D07AC01,Dermatology,Cream,0.05%,1,3860,5911.0,547243.56,Chain Pharmacy,EGP,9.090157255574663,90.86589647897891
2024-08-01,Egypt,Canal,P0008,Dermacare,Molecule H,Theta Pharma,D07AC01,Dermatology,Cream,0.05%,1,7127,11157.0,1020411.41,Hospital,EGP,16.085307984583828,182.13486387850088
2024-08-01,Egypt,Cairo,P0009,LipiControl,Molecule I,Iota Pharma,C10AA01,Cardiovascular,Tablet,20 mg,30,6978,9578.0,1245775.86,Hospital,EGP,14.542290479553428,683.9670040282135
2024-08-01,Egypt,Giza,P0009,LipiControl,Molecule I,Iota Pharma,C10AA01,Cardiovascular,Tablet,20 mg,30,2911,5203.0,614424.91,Independent Pharmacy,EGP,8.814429764691006,317.29667374923895
2024-08-01,Egypt,Alexandria,P0009,LipiControl,Molecule I,Iota Pharma,C10AA01,Cardiovascular,Tablet,20 mg,30,3005,4456.0,210552.79,Chain Pharmacy,EGP,3.964994124871774,-72.83754680333124
2024-08-01,Egypt,Delta,P0009,LipiControl,Molecule I,Iota Pharma,C10AA01,Cardiovascular,Tablet,20 mg,30,3102,4455.0,306199.94,Hospital,EGP,5.736649315628468,-72.21886238541832
2024-08-01,Egypt,Upper Egypt,P0009,LipiControl,Molecule I,Iota Pharma,C10AA01,Cardiovascular,Tablet,20 mg,30,7016,11554.0,1506545.32,Chain Pharmacy,EGP,25.02493381822538,186.40033421809017
2024-08-01,Egypt,Canal,P0009,LipiControl,Molecule I,Iota Pharma,C10AA01,Cardiovascular,Tablet,20 mg,30,4403,7262.0,174478.0,Independent Pharmacy,EGP,2.750392968003187,-85.77617188490049
2024-08-01,Egypt,Cairo,P0010,GastroEase,Molecule J,Kappa Pharma,A02BC02,Gastrointestinal,Capsule,40 mg,14,6712,9832.0,1363101.23,Independent Pharmacy,EGP,15.911862379237759,917.4820212783507
2024-08-01,Egypt,Giza,P0010,GastroEase,Molecule J,Kappa Pharma,A02BC02,Gastrointestinal,Capsule,40 mg,14,4657,8349.0,1000044.81,Chain Pharmacy,EGP,14.346463816528471,547.3815238082661
2024-08-01,Egypt,Alexandria,P0010,GastroEase,Molecule J,Kappa Pharma,A02BC02,Gastrointestinal,Capsule,40 mg,14,4417,7967.0,502406.99,Chain Pharmacy,EGP,9.461003882420709,-48.03294074062704
2024-08-01,Egypt,Delta,P0010,GastroEase,Molecule J,Kappa Pharma,A02BC02,Gastrointestinal,Capsule,40 mg,14,6430,11208.0,968528.39,Independent Pharmacy,EGP,18.145358636125934,-15.563926381852822
2024-08-01,Egypt,Upper Egypt,P0010,GastroEase,Molecule J,Kappa Pharma,A02BC02,Gastrointestinal,Capsule,40 mg,14,2078,3170.0,113369.91,Chain Pharmacy,EGP,1.8831657150069459,-90.83373581811168
2024-08-01,Egypt,Canal,P0010,GastroEase,Molecule J,Kappa Pharma,A02BC02,Gastrointestinal,Capsule,40 mg,14,1188,1847.0,223109.38,Chain Pharmacy,EGP,3.5169962393399223,-43.67408565501128
2024-09-01,Egypt,Cairo,P0001,CardioSafe,Molecule A,Alpha Pharma,C09AA05,Cardiology,Tablet,20 mg,28,5929,9998.0,213236.98,Chain Pharmacy,EGP,3.997485485279696,-40.84605378030945
2024-09-01,Egypt,Giza,P0001,CardioSafe,Molecule A,Alpha Pharma,C09AA05,Cardiology,Tablet,20 mg,28,5817,10773.0,553216.37,Chain Pharmacy,EGP,6.163313601308908,22.30987208892823
2024-09-01,Egypt,Alexandria,P0001,CardioSafe,Molecule A,Alpha Pharma,C09AA05,Cardiology,Tablet,20 mg,28,2690,4426.0,321398.06,Chain Pharmacy,EGP,5.789474233145419,346.4363565295045
2024-09-01,Egypt,Delta,P0001,CardioSafe,Molecule A,Alpha Pharma,C09AA05,Cardiology,Tablet,20 mg,28,7968,15117.0,291054.35,Hospital,EGP,3.603572850514168,44.76464172617154
2024-09-01,Egypt,Upper Egypt,P0001,CardioSafe,Molecule A,Alpha Pharma,C09AA05,Cardiology,Tablet,20 mg,28,4325,6815.0,307196.63,Independent Pharmacy,EGP,4.79601489629842,-38.54985631670599
2024-09-01,Egypt,Canal,P0001,CardioSafe,Molecule A,Alpha Pharma,C09AA05,Cardiology,Tablet,20 mg,28,7110,11853.0,343202.66,Hospital,EGP,3.985582332689631,12.991658468634459
2024-09-01,Egypt,Cairo,P0002,GlucoMax,Molecule B,Beta Pharma,A10BA02,Diabetes,Tablet,500 mg,30,2949,5393.0,130958.69,Independent Pharmacy,EGP,2.4550406896882673,-87.56584490283413
2024-09-01,Egypt,Giza,P0002,GlucoMax,Molecule B,Beta Pharma,A10BA02,Diabetes,Tablet,500 mg,30,6976,13352.0,1032197.85,Chain Pharmacy,EGP,11.49958568316916,348.4289358127511
2024-09-01,Egypt,Alexandria,P0002,GlucoMax,Molecule B,Beta Pharma,A10BA02,Diabetes,Tablet,500 mg,30,2576,4778.0,428620.96,Chain Pharmacy,EGP,7.720924027064922,26.551298821987857
2024-09-01,Egypt,Delta,P0002,GlucoMax,Molecule B,Beta Pharma,A10BA02,Diabetes,Tablet,500 mg,30,5662,10204.0,1176546.42,Independent Pharmacy,EGP,14.566938224704904,-18.182318873753577
2024-09-01,Egypt,Upper Egypt,P0002,GlucoMax,Molecule B,Beta Pharma,A10BA02,Diabetes,Tablet,500 mg,30,6413,12914.0,1070966.05,Chain Pharmacy,EGP,16.720135013297114,500.32610904935933
2024-09-01,Egypt,Canal,P0002,GlucoMax,Molecule B,Beta Pharma,A10BA02,Diabetes,Tablet,500 mg,30,4852,8830.0,212331.82,Hospital,EGP,2.4657907676468325,-75.76958440531814
2024-09-01,Egypt,Cairo,P0003,Respira,Molecule C,Gamma Pharma,R03AC02,Respiratory,Inhaler,100 mcg,1,8381,16542.0,1222007.3,Chain Pharmacy,EGP,22.908580137722037,211.9138934934768
2024-09-01,Egypt,Giza,P0003,Respira,Molecule C,Gamma Pharma,R03AC02,Respiratory,Inhaler,100 mcg,1,8995,12654.0,1820256.14,Independent Pharmacy,EGP,20.279243409821827,597.0611785393115
2024-09-01,Egypt,Alexandria,P0003,Respira,Molecule C,Gamma Pharma,R03AC02,Respiratory,Inhaler,100 mcg,1,4649,6765.0,504541.73,Independent Pharmacy,EGP,9.088515796833413,57.601354591086576
2024-09-01,Egypt,Delta,P0003,Respira,Molecule C,Gamma Pharma,R03AC02,Respiratory,Inhaler,100 mcg,1,1846,3633.0,159941.31,Independent Pharmacy,EGP,1.9802492640693063,-58.82288002837732
2024-09-01,Egypt,Upper Egypt,P0003,Respira,Molecule C,Gamma Pharma,R03AC02,Respiratory,Inhaler,100 mcg,1,5709,8661.0,842071.37,Hospital,EGP,13.146585736524576,-36.90521950117449
2024-09-01,Egypt,Canal,P0003,Respira,Molecule C,Gamma Pharma,R03AC02,Respiratory,Inhaler,100 mcg,1,8469,12134.0,1609097.8,Chain Pharmacy,EGP,18.68631135682268,125.12381581961809
2024-09-01,Egypt,Cairo,P0004,PainFree,Molecule D,Delta Pharma,N02BE01,Pain,Tablet,500 mg,20,1916,3559.0,260537.45,Hospital,EGP,4.884212272874923,-69.70964056684986
2024-09-01,Egypt,Giza,P0004,PainFree,Molecule D,Delta Pharma,N02BE01,Pain,Tablet,500 mg,20,4507,7631.0,619117.68,Independent Pharmacy,EGP,6.897511760099971,-43.18490195697324
2024-09-01,Egypt,Alexandria,P0004,PainFree,Molecule D,Delta Pharma,N02BE01,Pain,Tablet,500 mg,20,1304,2385.0,69091.04,Hospital,EGP,1.2445650599795763,-89.25963148141327
2024-09-01,Egypt,Delta,P0004,PainFree,Molecule D,Delta Pharma,N02BE01,Pain,Tablet,500 mg,20,8027,13334.0,1254066.64,Hospital,EGP,15.526723777327241,48.69320851166232
2024-09-01,Egypt,Upper Egypt,P0004,PainFree,Molecule D,Delta Pharma,N02BE01,Pain,Tablet,500 mg,20,6441,12462.0,1070006.46,Chain Pharmacy,EGP,16.705153703331767,55.80278736201816
2024-09-01,Egypt,Canal,P0004,PainFree,Molecule D,Delta Pharma,N02BE01,Pain,Tablet,500 mg,20,1381,2950.0,163153.59,Chain Pharmacy,EGP,1.894688304044286,-86.40127206945172
2024-09-01,Egypt,Cairo,P0005,Infecto,Molecule E,Epsilon Pharma,J01CA04,Anti-infective,Capsule,500 mg,14,2641,5092.0,393341.97,Hospital,EGP,7.373856147401457,-23.95604854067548
2024-09-01,Egypt,Giza,P0005,Infecto,Molecule E,Epsilon Pharma,J01CA04,Anti-infective,Capsule,500 mg,14,8818,13488.0,442531.72,Chain Pharmacy,EGP,4.930189916264816,-69.83683956359592
2024-09-01,Egypt,Alexandria,P0005,Infecto,Molecule E,Epsilon Pharma,J01CA04,Anti-infective,Capsule,500 mg,14,3209,4911.0,584772.74,Hospital,EGP,10.533749676260788,-9.68589907685512
2024-09-01,Egypt,Delta,P0005,Infecto,Molecule E,Epsilon Pharma,J01CA04,Anti-infective,Capsule,500 mg,14,7958,10449.0,1366575.63,Hospital,EGP,16.919708770689372,680.609616372599
2024-09-01,Egypt,Upper Egypt,P0005,Infecto,Molecule E,Epsilon Pharma,J01CA04,Anti-infective,Capsule,500 mg,14,7029,12460.0,620727.88,Hospital,EGP,9.69092714014388,68.80177038372028
2024-09-01,Egypt,Canal,P0005,Infecto,Molecule E,Epsilon Pharma,J01CA04,Anti-infective,Capsule,500 mg,14,8680,11554.0,1425782.53,Hospital,EGP,16.55748723458473,91.35280210676946
2024-09-01,Egypt,Cairo,P0006,NeuroCalm,Molecule F,Zeta Pharma,N06AB10,CNS,Tablet,20 mg,28,7266,9460.0,463585.98,Independent Pharmacy,EGP,8.690698143582615,-55.79951288369705
2024-09-01,Egypt,Giza,P0006,NeuroCalm,Molecule F,Zeta Pharma,N06AB10,CNS,Tablet,20 mg,28,2331,4899.0,118104.91,Hospital,EGP,1.3157918631083974,-58.48347675916581
2024-09-01,Egypt,Alexandria,P0006,NeuroCalm,Molecule F,Zeta Pharma,N06AB10,CNS,Tablet,20 mg,28,4943,10546.0,154632.32,Hospital,EGP,2.7854549969949947,-82.68137795251867
2024-09-01,Egypt,Delta,P0006,NeuroCalm,Molecule F,Zeta Pharma,N06AB10,CNS,Tablet,20 mg,28,8194,14858.0,1180371.33,Independent Pharmacy,EGP,14.614294815773412,843.86130211404
2024-09-01,Egypt,Upper Egypt,P0006,NeuroCalm,Molecule F,Zeta Pharma,N06AB10,CNS,Tablet,20 mg,28,1864,3462.0,224949.71,Hospital,EGP,3.5119596203838874,185.42520225944887
2024-09-01,Egypt,Canal,P0006,NeuroCalm,Molecule F,Zeta Pharma,N06AB10,CNS,Tablet,20 mg,28,3247,4786.0,631435.96,Hospital,EGP,7.332810317964658,523.0438091088276
2024-09-01,Egypt,Cairo,P0007,ArthroRelief,Molecule G,Eta Pharma,M01AE01,Musculoskeletal,Tablet,400 mg,30,3520,7697.0,382624.46,Independent Pharmacy,EGP,7.1729384141671,-75.9550862182856
2024-09-01,Egypt,Giza,P0007,ArthroRelief,Molecule G,Eta Pharma,M01AE01,Musculoskeletal,Tablet,400 mg,30,5173,11284.0,613404.46,Hospital,EGP,6.833861498750564,-52.27925095523853
2024-09-01,Egypt,Alexandria,P0007,ArthroRelief,Molecule G,Eta Pharma,M01AE01,Musculoskeletal,Tablet,400 mg,30,4918,9403.0,860858.94,Chain Pharmacy,EGP,15.507002909422907,59.310474931081814
2024-09-01,Egypt,Delta,P0007,ArthroRelief,Molecule G,Eta Pharma,M01AE01,Musculoskeletal,Tablet,400 mg,30,5978,12463.0,1025925.4,Hospital,EGP,12.70208439795828,21.8787388962296
2024-09-01,Egypt,Upper Egypt,P0007,ArthroRelief,Molecule G,Eta Pharma,M01AE01,Musculoskeletal,Tablet,400 mg,30,2753,5433.0,354810.79,Independent Pharmacy,EGP,5.539376633810762,-49.79952253836684
2024-09-01,Egypt,Canal,P0007,ArthroRelief,Molecule G,Eta Pharma,M01AE01,Musculoskeletal,Tablet,400 mg,30,8819,15218.0,1893897.35,Chain Pharmacy,EGP,21.99366350507805,92.32871978344686
2024-09-01,Egypt,Cairo,P0008,Dermacare,Molecule H,Theta Pharma,D07AC01,Dermatology,Cream,0.05%,1,2504,5373.0,366660.16,Hospital,EGP,6.87366078637172,172.16992136945666
2024-09-01,Egypt,Giza,P0008,Dermacare,Molecule H,Theta Pharma,D07AC01,Dermatology,Cream,0.05%,1,7001,12547.0,1349035.0,Independent Pharmacy,EGP,15.029428294288842,371.9106248952527
2024-09-01,Egypt,Alexandria,P0008,Dermacare,Molecule H,Theta Pharma,D07AC01,Dermatology,Cream,0.05%,1,6745,14178.0,520771.59,Hospital,EGP,9.38087087911847,-54.41844823845787
2024-09-01,Egypt,Delta,P0008,Dermacare,Molecule H,Theta Pharma,D07AC01,Dermatology,Cream,0.05%,1,3907,6708.0,200385.17,Chain Pharmacy,EGP,2.4809887165667384,299.80329578814764
2024-09-01,Egypt,Upper Egypt,P0008,Dermacare,Molecule H,Theta Pharma,D07AC01,Dermatology,Cream,0.05%,1,3951,5440.0,789148.81,Independent Pharmacy,EGP,12.320348202244833,44.204311878973954
2024-09-01,Egypt,Canal,P0008,Dermacare,Molecule H,Theta Pharma,D07AC01,Dermatology,Cream,0.05%,1,6456,12759.0,813076.37,Independent Pharmacy,EGP,9.442184438195838,-20.318769269739946
2024-09-01,Egypt,Cairo,P0009,LipiControl,Molecule I,Iota Pharma,C10AA01,Cardiovascular,Tablet,20 mg,30,6929,10415.0,1089839.8,Chain Pharmacy,EGP,20.430878273459545,-12.51718427101325
2024-09-01,Egypt,Giza,P0009,LipiControl,Molecule I,Iota Pharma,C10AA01,Cardiovascular,Tablet,20 mg,30,5086,9649.0,754360.84,Hospital,EGP,8.40423869862494,22.77510688816311
2024-09-01,Egypt,Alexandria,P0009,LipiControl,Molecule I,Iota Pharma,C10AA01,Cardiovascular,Tablet,20 mg,30,3446,7110.0,550436.04,Hospital,EGP,9.915228706030774,161.42424424772526
2024-09-01,Egypt,Delta,P0009,LipiControl,Molecule I,Iota Pharma,C10AA01,Cardiovascular,Tablet,20 mg,30,3430,6201.0,561978.87,Hospital,EGP,6.957916274038273,83.53330506857708
2024-09-01,Egypt,Upper Egypt,P0009,LipiControl,Molecule I,Iota Pharma,C10AA01,Cardiovascular,Tablet,20 mg,30,5129,6842.0,436273.07,Independent Pharmacy,EGP,6.81118195396168,-71.04149047437882
2024-09-01,Egypt,Canal,P0009,LipiControl,Molecule I,Iota Pharma,C10AA01,Cardiovascular,Tablet,20 mg,30,5677,9898.0,1093516.62,Hospital,EGP,12.698912418611444,526.7361042652942
2024-09-01,Egypt,Cairo,P0010,GastroEase,Molecule J,Kappa Pharma,A02BC02,Gastrointestinal,Capsule,40 mg,14,6204,11798.0,811484.99,Independent Pharmacy,EGP,15.21264964945264,-40.46773840854064
2024-09-01,Egypt,Giza,P0010,GastroEase,Molecule J,Kappa Pharma,A02BC02,Gastrointestinal,Capsule,40 mg,14,8975,16625.0,1673731.89,Hospital,EGP,18.646835274562584,67.3656893434605
2024-09-01,Egypt,Alexandria,P0010,GastroEase,Molecule J,Kappa Pharma,A02BC02,Gastrointestinal,Capsule,40 mg,14,8229,11322.0,1556297.09,Independent Pharmacy,EGP,28.03421371514874,209.76820008017808
2024-09-01,Egypt,Delta,P0010,GastroEase,Molecule J,Kappa Pharma,A02BC02,Gastrointestinal,Capsule,40 mg,14,4634,9403.0,859982.02,Hospital,EGP,10.647522908358294,-11.207350359652335
2024-09-01,Egypt,Upper Egypt,P0010,GastroEase,Molecule J,Kappa Pharma,A02BC02,Gastrointestinal,Capsule,40 mg,14,7588,16553.0,689096.85,Independent Pharmacy,EGP,10.758317100003074,507.83046400936536
2024-09-01,Egypt,Canal,P0010,GastroEase,Molecule J,Kappa Pharma,A02BC02,Gastrointestinal,Capsule,40 mg,14,8159,14497.0,425609.81,Independent Pharmacy,EGP,4.942569324361853,90.76284914601081
2024-10-01,Egypt,Cairo,P0001,CardioSafe,Molecule A,Alpha Pharma,C09AA05,Cardiology,Tablet,20 mg,28,8817,19230.0,1154340.96,Chain Pharmacy,EGP,13.281877906349711,441.34182541883683
2024-10-01,Egypt,Giza,P0001,CardioSafe,Molecule A,Alpha Pharma,C09AA05,Cardiology,Tablet,20 mg,28,1840,2646.0,379992.77,Chain Pharmacy,EGP,5.810805879591074,-31.31208861371907
2024-10-01,Egypt,Alexandria,P0001,CardioSafe,Molecule A,Alpha Pharma,C09AA05,Cardiology,Tablet,20 mg,28,7395,16266.0,1625135.94,Chain Pharmacy,EGP,20.664903481979447,405.64584615103155
2024-10-01,Egypt,Delta,P0001,CardioSafe,Molecule A,Alpha Pharma,C09AA05,Cardiology,Tablet,20 mg,28,7703,12928.0,1067169.18,Hospital,EGP,30.028663400842653,266.6563238103124
2024-10-01,Egypt,Upper Egypt,P0001,CardioSafe,Molecule A,Alpha Pharma,C09AA05,Cardiology,Tablet,20 mg,28,2386,4967.0,477002.36,Independent Pharmacy,EGP,10.350475746956832,55.27590911397693
2024-10-01,Egypt,Canal,P0001,CardioSafe,Molecule A,Alpha Pharma,C09AA05,Cardiology,Tablet,20 mg,28,7240,11209.0,1533934.34,Chain Pharmacy,EGP,23.099087114366128,346.94710116757255
2024-10-01,Egypt,Cairo,P0002,GlucoMax,Molecule B,Beta Pharma,A10BA02,Diabetes,Tablet,500 mg,30,3261,5252.0,228103.24,Chain Pharmacy,EGP,2.6245619697344758,74.17953707386657
2024-10-01,Egypt,Giza,P0002,GlucoMax,Molecule B,Beta Pharma,A10BA02,Diabetes,Tablet,500 mg,30,5310,8149.0,974490.43,Independent Pharmacy,EGP,14.901795947984048,-5.590732435646895
2024-10-01,Egypt,Alexandria,P0002,GlucoMax,Molecule B,Beta Pharma,A10BA02,Diabetes,Tablet,500 mg,30,5650,10687.0,314657.05,Hospital,EGP,4.001116096278309,-26.58850607772425
2024-10-01,Egypt,Delta,P0002,GlucoMax,Molecule B,Beta Pharma,A10BA02,Diabetes,Tablet,500 mg,30,5389,7380.0,320831.24,Hospital,EGP,9.027746954269206,-72.7311022713409
2024-10-01,Egypt,Upper Egypt,P0002,GlucoMax,Molecule B,Beta Pharma,A10BA02,Diabetes,Tablet,500 mg,30,1565,2836.0,52288.0,Independent Pharmacy,EGP,1.1345974805174524,-95.11767903380317
2024-10-01,Egypt,Canal,P0002,GlucoMax,Molecule B,Beta Pharma,A10BA02,Diabetes,Tablet,500 mg,30,6966,12104.0,1389038.02,Hospital,EGP,20.91713406008411,554.1826938609578
2024-10-01,Egypt,Cairo,P0003,Respira,Molecule C,Gamma Pharma,R03AC02,Respiratory,Inhaler,100 mcg,1,7483,10036.0,753776.33,Independent Pharmacy,EGP,8.672970578603023,-38.31654442653494
2024-10-01,Egypt,Giza,P0003,Respira,Molecule C,Gamma Pharma,R03AC02,Respiratory,Inhaler,100 mcg,1,8520,12334.0,360399.81,Independent Pharmacy,EGP,5.511192581247022,-80.20059913106515
2024-10-01,Egypt,Alexandria,P0003,Respira,Molecule C,Gamma Pharma,R03AC02,Respiratory,Inhaler,100 mcg,1,5042,8004.0,1036369.42,Hospital,EGP,13.178266204595182,105.40806803036888
2024-10-01,Egypt,Delta,P0003,Respira,Molecule C,Gamma Pharma,R03AC02,Respiratory,Inhaler,100 mcg,1,3062,4960.0,586958.52,Hospital,EGP,16.516200202986344,266.98368920449633
2024-10-01,Egypt,Upper Egypt,P0003,Respira,Molecule C,Gamma Pharma,R03AC02,Respiratory,Inhaler,100 mcg,1,7696,11858.0,1346084.57,Hospital,EGP,29.20869342268625,59.85397651032833
2024-10-01,Egypt,Canal,P0003,Respira,Molecule C,Gamma Pharma,R03AC02,Respiratory,Inhaler,100 mcg,1,1781,2808.0,240713.24,Chain Pharmacy,EGP,3.6248331857159677,-85.04048417690957
2024-10-01,Egypt,Cairo,P0004,PainFree,Molecule D,Delta Pharma,N02BE01,Pain,Tablet,500 mg,20,7291,11684.0,1346406.77,Chain Pharmacy,EGP,15.49179224431461,416.7805127439452
2024-10-01,Egypt,Giza,P0004,PainFree,Molecule D,Delta Pharma,N02BE01,Pain,Tablet,500 mg,20,7779,12774.0,1520805.22,Independent Pharmacy,EGP,23.25597909162534,145.64073505379457
2024-10-01,Egypt,Alexandria,P0004,PainFree,Molecule D,Delta Pharma,N02BE01,Pain,Tablet,500 mg,20,5423,7221.0,1117005.79,Independent Pharmacy,EGP,14.203622153087208,1516.7158433278762
2024-10-01,Egypt,Delta,P0004,PainFree,Molecule D,Delta Pharma,N02BE01,Pain,Tablet,500 mg,20,1900,3189.0,213576.69,Hospital,EGP,6.009752393970109,-82.96927107478116
2024-10-01,Egypt,Upper Egypt,P0004,PainFree,Molecule D,Delta Pharma,N02BE01,Pain,Tablet,500 mg,20,6637,11742.0,734428.37,Chain Pharmacy,EGP,15.936363567597525,-31.362248971842654
2024-10-01,Egypt,Canal,P0004,PainFree,Molecule D,Delta Pharma,N02BE01,Pain,Tablet,500 mg,20,6894,12066.0,462725.54,Independent Pharmacy,EGP,6.968054159672901,183.6134589499379
2024-10-01,Egypt,Cairo,P0005,Infecto,Molecule E,Epsilon Pharma,J01CA04,Anti-infective,Capsule,500 mg,14,6683,10578.0,1327368.45,Chain Pharmacy,EGP,15.272736826076642,237.4591452826659
2024-10-01,Egypt,Giza,P0005,Infecto,Molecule E,Epsilon Pharma,J01CA04,Anti-infective,Capsule,500 mg,14,8643,18631.0,293899.99,Hospital,EGP,4.494284956799988,-33.586683910477646
2024-10-01,Egypt,Alexandria,P0005,Infecto,Molecule E,Epsilon Pharma,J01CA04,Anti-infective,Capsule,500 mg,14,7751,11218.0,1326855.38,Hospital,EGP,16.872027556196414,126.9010316725776
2024-10-01,Egypt,Delta,P0005,Infecto,Molecule E,Epsilon Pharma,J01CA04,Anti-infective,Capsule,500 mg,14,4657,6161.0,569278.52,Independent Pharmacy,EGP,16.018709478107187,-58.34269926209645
2024-10-01,Egypt,Upper Egypt,P0005,Infecto,Molecule E,Epsilon Pharma,J01CA04,Anti-infective,Capsule,500 mg,14,1710,3540.0,362504.54,Independent Pharmacy,EGP,7.8659871817651865,-41.60008730395677
2024-10-01,Egypt,Canal,P0005,Infecto,Molecule E,Epsilon Pharma,J01CA04,Anti-infective,Capsule,500 mg,14,3114,5566.0,271016.52,Hospital,EGP,4.081161782265301,-80.99173511404997
2024-10-01,Egypt,Cairo,P0006,NeuroCalm,Molecule F,Zeta Pharma,N06AB10,CNS,Tablet,20 mg,28,8466,14807.0,926266.92,Independent Pharmacy,EGP,10.657651912594869,99.80477407880197
2024-10-01,Egypt,Giza,P0006,NeuroCalm,Molecule F,Zeta Pharma,N06AB10,CNS,Tablet,20 mg,28,4317,8524.0,809299.56,Hospital,EGP,12.375716100068086,585.2378618297919
2024-10-01,Egypt,Alexandria,P0006,NeuroCalm,Molecule F,Zeta Pharma,N06AB10,CNS,Tablet,20 mg,28,1450,2332.0,122561.19,Independent Pharmacy,EGP,1.5584635719683517,-20.74025016244987
2024-10-01,Egypt,Delta,P0006,NeuroCalm,Molecule F,Zeta Pharma,N06AB10,CNS,Tablet,20 mg,28,2499,4077.0,265717.44,Independent Pharmacy,EGP,7.476920918474805,-77.48865689579227
2024-10-01,Egypt,Upper Egypt,P0006,NeuroCalm,Molecule F,Zeta Pharma,N06AB10,CNS,Tablet,20 mg,28,3374,7217.0,198318.11,Independent Pharmacy,EGP,4.303305308043585,-11.83891279521988
2024-10-01,Egypt,Canal,P0006,NeuroCalm,Molecule F,Zeta Pharma,N06AB10,CNS,Tablet,20 mg,28,1782,3902.0,213167.79,Independent Pharmacy,EGP,3.210033977847386,-66.24079027744952
2024-10-01,Egypt,Cairo,P0007,ArthroRelief,Molecule G,Eta Pharma,M01AE01,Musculoskeletal,Tablet,400 mg,30,7391,15872.0,1386519.67,Independent Pharmacy,EGP,15.953332342718129,262.37089233657457
2024-10-01,Egypt,Giza,P0007,ArthroRelief,Molecule G,Eta Pharma,M01AE01,Musculoskeletal,Tablet,400 mg,30,4087,7779.0,531202.02,Hospital,EGP,8.12308039720507,-13.401017658071801
2024-10-01,Egypt,Alexandria,P0007,ArthroRelief,Molecule G,Eta Pharma,M01AE01,Musculoskeletal,Tablet,400 mg,30,3946,6926.0,710918.89,Hospital,EGP,9.03990237602275,-17.417493509447656
2024-10-01,Egypt,Delta,P0007,ArthroRelief,Molecule G,Eta Pharma,M01AE01,Musculoskeletal,Tablet,400 mg,30,1030,2193.0,33336.17,Independent Pharmacy,EGP,0.9380336752259552,-96.75062436313596
2024-10-01,Egypt,Upper Egypt,P0007,ArthroRelief,Molecule G,Eta Pharma,M01AE01,Musculoskeletal,Tablet,400 mg,30,990,1377.0,51665.77,Hospital,EGP,1.1210957097420857,-85.43850089790111
2024-10-01,Egypt,Canal,P0007,ArthroRelief,Molecule G,Eta Pharma,M01AE01,Musculoskeletal,Tablet,400 mg,30,6950,15161.0,1051469.98,Hospital,EGP,15.833791599033376,-44.4811525820024
2024-10-01,Egypt,Cairo,P0008,Dermacare,Molecule H,Theta Pharma,D07AC01,Dermatology,Cream,0.05%,1,1468,2706.0,156271.86,Hospital,EGP,1.7980681935761644,-57.37964550061834
2024-10-01,Egypt,Giza,P0008,Dermacare,Molecule H,Theta Pharma,D07AC01,Dermatology,Cream,0.05%,1,8420,12313.0,1026823.47,Hospital,EGP,15.702066796634337,-23.88459380223642
2024-10-01,Egypt,Alexandria,P0008,Dermacare,Molecule H,Theta Pharma,D07AC01,Dermatology,Cream,0.05%,1,8403,12945.0,997245.88,Hospital,EGP,12.68077909716381,91.49391002685073
2024-10-01,Egypt,Delta,P0008,Dermacare,Molecule H,Theta Pharma,D07AC01,Dermatology,Cream,0.05%,1,2860,5383.0,223141.37,Hospital,EGP,6.278889248406601,11.356229605214786
2024-10-01,Egypt,Upper Egypt,P0008,Dermacare,Molecule H,Theta Pharma,D07AC01,Dermatology,Cream,0.05%,1,6175,11050.0,889376.56,Independent Pharmacy,EGP,19.298584841785477,12.700741448244713
2024-10-01,Egypt,Canal,P0008,Dermacare,Molecule H,Theta Pharma,D07AC01,Dermatology,Cream,0.05%,1,1738,3072.0,377564.14,Independent Pharmacy,EGP,5.685632516135422,-53.56350843156344
2024-10-01,Egypt,Cairo,P0009,LipiControl,Molecule I,Iota Pharma,C10AA01,Cardiovascular,Tablet,20 mg,30,6605,12933.0,1217586.71,Chain Pharmacy,EGP,14.009585194494036,11.721622755931648
2024-10-01,Egypt,Giza,P0009,LipiControl,Molecule I,Iota Pharma,C10AA01,Cardiovascular,Tablet,20 mg,30,2545,4854.0,483486.14,Independent Pharmacy,EGP,7.393414630001495,-35.90784219392936
2024-10-01,Egypt,Alexandria,P0009,LipiControl,Molecule I,Iota Pharma,C10AA01,Cardiovascular,Tablet,20 mg,30,8596,16760.0,352551.77,Hospital,EGP,4.482977774432222,-35.950456659778304
2024-10-01,Egypt,Delta,P0009,LipiControl,Molecule I,Iota Pharma,C10AA01,Cardiovascular,Tablet,20 mg,30,2057,3008.0,173599.16,Hospital,EGP,4.8848400422405645,-69.10930832684154
2024-10-01,Egypt,Upper Egypt,P0009,LipiControl,Molecule I,Iota Pharma,C10AA01,Cardiovascular,Tablet,20 mg,30,3151,5466.0,162193.95,Independent Pharmacy,EGP,3.519447043780096,-62.82283708228885
2024-10-01,Egypt,Canal,P0009,LipiControl,Molecule I,Iota Pharma,C10AA01,Cardiovascular,Tablet,20 mg,30,6749,9111.0,970337.97,Chain Pharmacy,EGP,14.612047409674119,-11.26445156361685
2024-10-01,Egypt,Cairo,P0010,GastroEase,Molecule J,Kappa Pharma,A02BC02,Gastrointestinal,Capsule,40 mg,14,1616,2212.0,194456.6,Chain Pharmacy,EGP,2.237422831538338,-76.03694431858807
2024-10-01,Egypt,Giza,P0010,GastroEase,Molecule J,Kappa Pharma,A02BC02,Gastrointestinal,Capsule,40 mg,14,2153,3555.0,159016.6,Independent Pharmacy,EGP,2.4316636188435425,-90.4992788301357
2024-10-01,Egypt,Alexandria,P0010,GastroEase,Molecule J,Kappa Pharma,A02BC02,Gastrointestinal,Capsule,40 mg,14,4356,5794.0,260930.63,Chain Pharmacy,EGP,3.3179416882762998,-83.23388049257356
2024-10-01,Egypt,Delta,P0010,GastroEase,Molecule J,Kappa Pharma,A02BC02,Gastrointestinal,Capsule,40 mg,14,2832,4297.0,100226.81,Independent Pharmacy,EGP,2.8202436854765716,-88.34547610658186
2024-10-01,Egypt,Upper Egypt,P0010,GastroEase,Molecule J,Kappa Pharma,A02BC02,Gastrointestinal,Capsule,40 mg,14,2395,3826.0,334644.39,Hospital,EGP,7.261449697125531,-51.43724862477603
2024-10-01,Egypt,Canal,P0010,GastroEase,Molecule J,Kappa Pharma,A02BC02,Gastrointestinal,Capsule,40 mg,14,2386,4576.0,130703.29,Chain Pharmacy,EGP,1.9682241952052906,-69.29034835921662
2024-11-01,Egypt,Cairo,P0001,CardioSafe,Molecule A,Alpha Pharma,C09AA05,Cardiology,Tablet,20 mg,28,3135,5463.0,140579.69,Hospital,EGP,2.431475757975842,-87.82164933313985
2024-11-01,Egypt,Giza,P0001,CardioSafe,Molecule A,Alpha Pharma,C09AA05,Cardiology,Tablet,20 mg,28,5743,11705.0,537890.09,Hospital,EGP,7.9121881095408675,41.55271691090332
2024-11-01,Egypt,Alexandria,P0001,CardioSafe,Molecule A,Alpha Pharma,C09AA05,Cardiology,Tablet,20 mg,28,3680,5560.0,267839.93,Independent Pharmacy,EGP,3.6322624300093436,-83.51892150019154
2024-11-01,Egypt,Delta,P0001,CardioSafe,Molecule A,Alpha Pharma,C09AA05,Cardiology,Tablet,20 mg,28,2439,3851.0,278840.29,Hospital,EGP,7.061575790416963,-73.87103233247421
2024-11-01,Egypt,Upper Egypt,P0001,CardioSafe,Molecule A,Alpha Pharma,C09AA05,Cardiology,Tablet,20 mg,28,6321,8730.0,1336132.78,Independent Pharmacy,EGP,22.508846668574055,180.11030804962894
2024-11-01,Egypt,Canal,P0001,CardioSafe,Molecule A,Alpha Pharma,C09AA05,Cardiology,Tablet,20 mg,28,995,1956.0,79218.5,Hospital,EGP,1.692296966741644,-94.83560032954213
2024-11-01,Egypt,Cairo,P0002,GlucoMax,Molecule B,Beta Pharma,A10BA02,Diabetes,Tablet,500 mg,30,4765,9438.0,972936.44,Chain Pharmacy,EGP,16.827973997604612,326.5333714681124
2024-11-01,Egypt,Giza,P0002,GlucoMax,Molecule B,Beta Pharma,A10BA02,Diabetes,Tablet,500 mg,30,8034,11651.0,309949.16,Independent Pharmacy,EGP,4.559251237207549,-68.1937194601285
2024-11-01,Egypt,Alexandria,P0002,GlucoMax,Molecule B,Beta Pharma,A10BA02,Diabetes,Tablet,500 mg,30,1517,3231.0,64693.63,Independent Pharmacy,EGP,0.8773308808358983,-79.43995534185552
2024-11-01,Egypt,Delta,P0002,GlucoMax,Molecule B,Beta Pharma,A10BA02,Diabetes,Tablet,500 mg,30,2773,5755.0,261148.74,Chain Pharmacy,EGP,6.613540747938161,-18.602459037343124
2024-11-01,Egypt,Upper Egypt,P0002,GlucoMax,Molecule B,Beta Pharma,A10BA02,Diabetes,Tablet,500 mg,30,3659,6778.0,218572.95,Chain Pharmacy,EGP,3.6821378017893585,318.0174227356181
2024-11-01,Egypt,Canal,P0002,GlucoMax,Molecule B,Beta Pharma,A10BA02,Diabetes,Tablet,500 mg,30,1304,1752.0,80494.46,Chain Pharmacy,EGP,1.7195545295291708,-94.20502111238108
2024-11-01,Egypt,Cairo,P0003,Respira,Molecule C,Gamma Pharma,R03AC02,Respiratory,Inhaler,100 mcg,1,6564,9861.0,1056163.67,Independent Pharmacy,EGP,18.267477756280417,40.11632203945699
2024-11-01,Egypt,Giza,P0003,Respira,Molecule C,Gamma Pharma,R03AC02,Respiratory,Inhaler,100 mcg,1,5261,7784.0,876851.59,Independent Pharmacy,EGP,12.898201422952418,143.29968153978768
2024-11-01,Egypt,Alexandria,P0003,Respira,Molecule C,Gamma Pharma,R03AC02,Respiratory,Inhaler,100 mcg,1,7999,13280.0,1728510.44,Independent Pharmacy,EGP,23.44087952491221,66.78516430946021
2024-11-01,Egypt,Delta,P0003,Respira,Molecule C,Gamma Pharma,R03AC02,Respiratory,Inhaler,100 mcg,1,1536,2755.0,48835.41,Chain Pharmacy,EGP,1.236747203824406,-91.67992143635635
2024-11-01,Egypt,Upper Egypt,P0003,Respira,Molecule C,Gamma Pharma,R03AC02,Respiratory,Inhaler,100 mcg,1,932,1930.0,60694.18,Hospital,EGP,1.0224702303126145,-95.49105744522426
2024-11-01,Egypt,Canal,P0003,Respira,Molecule C,Gamma Pharma,R03AC02,Respiratory,Inhaler,100 mcg,1,6359,8961.0,1019401.85,Chain Pharmacy,EGP,21.776865992739328,323.4922225300112
2024-11-01,Egypt,Cairo,P0004,PainFree,Molecule D,Delta Pharma,N02BE01,Pain,Tablet,500 mg,20,5217,10675.0,1060211.16,Hospital,EGP,18.337483415103893,-21.256251556132632
2024-11-01,Egypt,Giza,P0004,PainFree,Molecule D,Delta Pharma,N02BE01,Pain,Tablet,500 mg,20,5116,9109.0,284894.65,Chain Pharmacy,EGP,4.1907075518007915,-81.26685480471983
2024-11-01,Egypt,Alexandria,P0004,PainFree,Molecule D,Delta Pharma,N02BE01,Pain,Tablet,500 mg,20,8923,14938.0,1687517.04,Chain Pharmacy,EGP,22.884954996786977,51.07504859039271
2024-11-01,Egypt,Delta,P0004,PainFree,Molecule D,Delta Pharma,N02BE01,Pain,Tablet,500 mg,20,1063,1466.0,60503.01,Hospital,EGP,1.5322268911115944,-71.67152932279267
2024-11-01,Egypt,Upper Egypt,P0004,PainFree,Molecule D,Delta Pharma,N02BE01,Pain,Tablet,500 mg,20,1966,2969.0,268102.55,Hospital,EGP,4.516526560633973,-63.49507168411809
2024-11-01,Egypt,Canal,P0004,PainFree,Molecule D,Delta Pharma,N02BE01,Pain,Tablet,500 mg,20,951,1682.0,142963.46,Hospital,EGP,3.054042044634654,-69.10404815779133
2024-11-01,Egypt,Cairo,P0005,Infecto,Molecule E,Epsilon Pharma,J01CA04,Anti-infective,Capsule,500 mg,14,5821,9430.0,587558.23,Chain Pharmacy,EGP,10.162446599819603,-55.73510655613367
2024-11-01,Egypt,Giza,P0005,Infecto,Molecule E,Epsilon Pharma,J01CA04,Anti-infective,Capsule,500 mg,14,5992,8165.0,934315.79,Hospital,EGP,13.743481097029104,217.90262735293052
2024-11-01,Egypt,Alexandria,P0005,Infecto,Molecule E,Epsilon Pharma,J01CA04,Anti-infective,Capsule,500 mg,14,8639,14345.0,1544555.18,Hospital,EGP,20.946203769506354,16.407198801123315
2024-11-01,Egypt,Delta,P0005,Infecto,Molecule E,Epsilon Pharma,J01CA04,Anti-infective,Capsule,500 mg,14,2648,4834.0,476484.97,Hospital,EGP,12.066888643135297,-16.300202227900684
2024-11-01,Egypt,Upper Egypt,P0005,Infecto,Molecule E,Epsilon Pharma,J01CA04,Anti-infective,Capsule,500 mg,14,7935,13275.0,1680437.0,Chain Pharmacy,EGP,28.309086743009615,363.5630218589815
2024-11-01,Egypt,Canal,P0005,Infecto,Molecule E,Epsilon Pharma,J01CA04,Anti-infective,Capsule,500 mg,14,7366,10753.0,242374.87,Independent Pharmacy,EGP,5.177707950988726,-10.568230305665505
2024-11-01,Egypt,Cairo,P0006,NeuroCalm,Molecule F,Zeta Pharma,N06AB10,CNS,Tablet,20 mg,28,930,1403.0,134024.75,Chain Pharmacy,EGP,2.318101075580496,-85.53065567752328
2024-11-01,Egypt,Giza,P0006,NeuroCalm,Molecule F,Zeta Pharma,N06AB10,CNS,Tablet,20 mg,28,7914,11307.0,711260.67,Chain Pharmacy,EGP,10.462412899181823,-12.114042172468253
2024-11-01,Egypt,Alexandria,P0006,NeuroCalm,Molecule F,Zeta Pharma,N06AB10,CNS,Tablet,20 mg,28,4957,8253.0,1069477.39,Hospital,EGP,14.5035228445641,772.606891300582
2024-11-01,Egypt,Delta,P0006,NeuroCalm,Molecule F,Zeta Pharma,N06AB10,CNS,Tablet,20 mg,28,6701,13978.0,1036138.76,Chain Pharmacy,EGP,26.24001138116967,289.9400656577152
2024-11-01,Egypt,Upper Egypt,P0006,NeuroCalm,Molecule F,Zeta Pharma,N06AB10,CNS,Tablet,20 mg,28,8512,15544.0,373696.67,Chain Pharmacy,EGP,6.295393071328373,88.4329524923367
2024-11-01,Egypt,Canal,P0006,NeuroCalm,Molecule F,Zeta Pharma,N06AB10,CNS,Tablet,20 mg,28,8300,15952.0,426909.22,Independent Pharmacy,EGP,9.11980380946422,100.2691025693891
2024-11-01,Egypt,Cairo,P0007,ArthroRelief,Molecule G,Eta Pharma,M01AE01,Musculoskeletal,Tablet,400 mg,30,1959,3266.0,284217.08,Independent Pharmacy,EGP,4.915837700472099,-79.50140296242606
2024-11-01,Egypt,Giza,P0007,ArthroRelief,Molecule G,Eta Pharma,M01AE01,Musculoskeletal,Tablet,400 mg,30,6700,10112.0,331182.06,Chain Pharmacy,EGP,4.871580283669569,-37.6542167516607
2024-11-01,Egypt,Alexandria,P0007,ArthroRelief,Molecule G,Eta Pharma,M01AE01,Musculoskeletal,Tablet,400 mg,30,4567,7142.0,342599.07,Hospital,EGP,4.6460948915165154,-51.808979221244215
2024-11-01,Egypt,Delta,P0007,ArthroRelief,Molecule G,Eta Pharma,M01AE01,Musculoskeletal,Tablet,400 mg,30,5065,9676.0,920812.47,Independent Pharmacy,EGP,23.31939564998317,2662.202346580306
2024-11-01,Egypt,Upper Egypt,P0007,ArthroRelief,Molecule G,Eta Pharma,M01AE01,Musculoskeletal,Tablet,400 mg,30,2955,4889.0,379562.75,Chain Pharmacy,EGP,6.394214608560317,634.6503303831531
2024-11-01,Egypt,Canal,P0007,ArthroRelief,Molecule G,Eta Pharma,M01AE01,Musculoskeletal,Tablet,400 mg,30,1741,2504.0,202333.76,Independent Pharmacy,EGP,4.322333903285619,-80.75705784771905
2024-11-01,Egypt,Cairo,P0008,Dermacare,Molecule H,Theta Pharma,D07AC01,Dermatology,Cream,0.05%,1,8878,18727.0,868488.1,Chain Pharmacy,EGP,15.021428495400002,455.7546317040061
2024-11-01,Egypt,Giza,P0008,Dermacare,Molecule H,Theta Pharma,D07AC01,Dermatology,Cream,0.05%,1,4815,10476.0,931645.56,Hospital,EGP,13.704202883043532,-9.26915996573393
2024-11-01,Egypt,Alexandria,P0008,Dermacare,Molecule H,Theta Pharma,D07AC01,Dermatology,Cream,0.05%,1,879,1311.0,184202.24,Chain Pharmacy,EGP,2.4980251296943075,-81.52890438614799
2024-11-01,Egypt,Delta,P0008,Dermacare,Molecule H,Theta Pharma,D07AC01,Dermatology,Cream,0.05%,1,3512,5726.0,433835.29,Independent Pharmacy,EGP,10.986793841350984,94.42172018572799
2024-11-01,Egypt,Upper Egypt,P0008,Dermacare,Molecule H,Theta Pharma,D07AC01,Dermatology,Cream,0.05%,1,3956,7520.0,341162.69,Hospital,EGP,5.74731702806383,-61.64024268865372
2024-11-01,Egypt,Canal,P0008,Dermacare,Molecule H,Theta Pharma,D07AC01,Dermatology,Cream,0.05%,1,3695,7691.0,447449.84,Hospital,EGP,9.558600667786363,18.509623292084896
2024-11-01,Egypt,Cairo,P0009,LipiControl,Molecule I,Iota Pharma,C10AA01,Cardiovascular,Tablet,20 mg,30,8101,11677.0,520931.42,Chain Pharmacy,EGP,9.010064820159524,-57.21607211037971
2024-11-01,Egypt,Giza,P0009,LipiControl,Molecule I,Iota Pharma,C10AA01,Cardiovascular,Tablet,20 mg,30,8572,15668.0,1147387.53,Hospital,EGP,16.877697025244444,137.3154957451314
2024-11-01,Egypt,Alexandria,P0009,LipiControl,Molecule I,Iota Pharma,C10AA01,Cardiovascular,Tablet,20 mg,30,1431,2906.0,231849.9,Independent Pharmacy,EGP,3.144190192894029,-34.23663707602434
2024-11-01,Egypt,Delta,P0009,LipiControl,Molecule I,Iota Pharma,C10AA01,Cardiovascular,Tablet,20 mg,30,2079,3682.0,204661.6,Hospital,EGP,5.183014978889888,17.8931971790647
2024-11-01,Egypt,Upper Egypt,P0009,LipiControl,Molecule I,Iota Pharma,C10AA01,Cardiovascular,Tablet,20 mg,30,8712,13346.0,589252.97,Chain Pharmacy,EGP,9.926711588298783,263.3014486668584
2024-11-01,Egypt,Canal,P0009,LipiControl,Molecule I,Iota Pharma,C10AA01,Cardiovascular,Tablet,20 mg,30,7830,15801.0,1681324.14,Independent Pharmacy,EGP,35.917112066392356,73.27201366756779
2024-11-01,Egypt,Cairo,P0010,GastroEase,Molecule J,Kappa Pharma,A02BC02,Gastrointestinal,Capsule,40 mg,14,1972,4102.0,156550.64,Independent Pharmacy,EGP,2.70771038160351,-19.493275106116215
2024-11-01,Egypt,Giza,P0010,GastroEase,Molecule J,Kappa Pharma,A02BC02,Gastrointestinal,Capsule,40 mg,14,8554,17870.0,732869.89,Chain Pharmacy,EGP,10.780277490329901,360.8763424699056
2024-11-01,Egypt,Alexandria,P0010,GastroEase,Molecule J,Kappa Pharma,A02BC02,Gastrointestinal,Capsule,40 mg,14,2013,3579.0,252669.79,Chain Pharmacy,EGP,3.426535339280258,-3.165914250848967
2024-11-01,Egypt,Delta,P0010,GastroEase,Molecule J,Kappa Pharma,A02BC02,Gastrointestinal,Capsule,40 mg,14,2300,4935.0,227437.29,Independent Pharmacy,EGP,5.759804872179849,126.92260683543654
2024-11-01,Egypt,Upper Egypt,P0010,GastroEase,Molecule J,Kappa Pharma,A02BC02,Gastrointestinal,Capsule,40 mg,14,5855,9691.0,688419.41,Hospital,EGP,11.597295699429077,105.71670423042204
2024-11-01,Egypt,Canal,P0010,GastroEase,Molecule J,Kappa Pharma,A02BC02,Gastrointestinal,Capsule,40 mg,14,6740,9374.0,358652.75,Chain Pharmacy,EGP,7.661682068437918,174.40223578151705
2024-12-01,Egypt,Cairo,P0001,CardioSafe,Molecule A,Alpha Pharma,C09AA05,Cardiology,Tablet,20 mg,28,3597,5307.0,263850.34,Independent Pharmacy,EGP,5.81512970319883,87.68738215314033
2024-12-01,Egypt,Giza,P0001,CardioSafe,Molecule A,Alpha Pharma,C09AA05,Cardiology,Tablet,20 mg,28,5057,9637.0,170564.95,Independent Pharmacy,EGP,3.0563046324804475,-68.28999954247158
2024-12-01,Egypt,Alexandria,P0001,CardioSafe,Molecule A,Alpha Pharma,C09AA05,Cardiology,Tablet,20 mg,28,4607,6708.0,902224.65,Chain Pharmacy,EGP,22.41070871947343,236.85218257038824
2024-12-01,Egypt,Delta,P0001,CardioSafe,Molecule A,Alpha Pharma,C09AA05,Cardiology,Tablet,20 mg,28,2017,3260.0,85549.81,Hospital,EGP,1.4805601099922057,-69.31942295713435
2024-12-01,Egypt,Upper Egypt,P0001,CardioSafe,Molecule A,Alpha Pharma,C09AA05,Cardiology,Tablet,20 mg,28,3438,6856.0,559818.07,Chain Pharmacy,EGP,7.4911821709517294,-58.10161397282687
2024-12-01,Egypt,Canal,P0001,CardioSafe,Molecule A,Alpha Pharma,C09AA05,Cardiology,Tablet,20 mg,28,5190,10950.0,1062311.73,Hospital,EGP,14.316732895795822,1240.9894532211542
2024-12-01,Egypt,Cairo,P0002,GlucoMax,Molecule B,Beta Pharma,A10BA02,Diabetes,Tablet,500 mg,30,7195,10507.0,671195.62,Chain Pharmacy,EGP,14.792816209821652,-31.013415429275103
2024-12-01,Egypt,Giza,P0002,GlucoMax,Molecule B,Beta Pharma,A10BA02,Diabetes,Tablet,500 mg,30,7221,14049.0,1259389.18,Independent Pharmacy,EGP,22.566635084932464,306.3212108721315
2024-12-01,Egypt,Alexandria,P0002,GlucoMax,Molecule B,Beta Pharma,A10BA02,Diabetes,Tablet,500 mg,30,3707,5981.0,674016.16,Independent Pharmacy,EGP,16.74214934603926,941.858618847018
2024-12-01,Egypt,Delta,P0002,GlucoMax,Molecule B,Beta Pharma,A10BA02,Diabetes,Tablet,500 mg,30,3494,4891.0,466291.66,Independent Pharmacy,EGP,8.069834771322673,78.55405314228206
2024-12-01,Egypt,Upper Egypt,P0002,GlucoMax,Molecule B,Beta Pharma,A10BA02,Diabetes,Tablet,500 mg,30,3248,4252.0,436900.26,Hospital,EGP,5.846362619549196,99.88761646855203
2024-12-01,Egypt,Canal,P0002,GlucoMax,Molecule B,Beta Pharma,A10BA02,Diabetes,Tablet,500 mg,30,5848,11823.0,436244.82,Chain Pharmacy,EGP,5.87925407273299,441.9563284230989
2024-12-01,Egypt,Cairo,P0003,Respira,Molecule C,Gamma Pharma,R03AC02,Respiratory,Inhaler,100 mcg,1,3450,6412.0,671903.38,Chain Pharmacy,EGP,14.808414886703158,-36.38264607227022
2024-12-01,Egypt,Giza,P0003,Respira,Molecule C,Gamma Pharma,R03AC02,Respiratory,Inhaler,100 mcg,1,3304,4504.0,545236.48,Chain Pharmacy,EGP,9.769936787255135,-37.81884115646069
2024-12-01,Egypt,Alexandria,P0003,Respira,Molecule C,Gamma Pharma,R03AC02,Respiratory,Inhaler,100 mcg,1,953,1268.0,85191.6,Hospital,EGP,2.116107261030712,-95.07138643605762
2024-12-01,Egypt,Delta,P0003,Respira,Molecule C,Gamma Pharma,R03AC02,Respiratory,Inhaler,100 mcg,1,8467,11152.0,1240392.91,Hospital,EGP,21.466748590828573,2439.9457279052226
2024-12-01,Egypt,Upper Egypt,P0003,Respira,Molecule C,Gamma Pharma,R03AC02,Respiratory,Inhaler,100 mcg,1,6504,12957.0,668821.4,Chain Pharmacy,EGP,8.94980568817826,1001.9531032464729
2024-12-01,Egypt,Canal,P0003,Respira,Molecule C,Gamma Pharma,R03AC02,Respiratory,Inhaler,100 mcg,1,7245,14542.0,501455.23,Chain Pharmacy,EGP,6.758092172351199,-50.808875812811216
2024-12-01,Egypt,Cairo,P0004,PainFree,Molecule D,Delta Pharma,N02BE01,Pain,Tablet,500 mg,20,1834,3504.0,72760.25,Chain Pharmacy,EGP,1.603599567039302,-93.13719259472802
2024-12-01,Egypt,Giza,P0004,PainFree,Molecule D,Delta Pharma,N02BE01,Pain,Tablet,500 mg,20,5851,9854.0,390202.29,Independent Pharmacy,EGP,6.991923408246999,36.96371272679215
2024-12-01,Egypt,Alexandria,P0004,PainFree,Molecule D,Delta Pharma,N02BE01,Pain,Tablet,500 mg,20,6713,11016.0,305336.32,Hospital,EGP,7.584367517553338,-81.90617855923992
2024-12-01,Egypt,Delta,P0004,PainFree,Molecule D,Delta Pharma,N02BE01,Pain,Tablet,500 mg,20,7357,14952.0,655797.69,Hospital,EGP,11.34950387428136,983.9091972448973
2024-12-01,Egypt,Upper Egypt,P0004,PainFree,Molecule D,Delta Pharma,N02BE01,Pain,Tablet,500 mg,20,6843,14846.0,743634.95,Hospital,EGP,9.950920089336488,177.36959234442193
2024-12-01,Egypt,Canal,P0004,PainFree,Molecule D,Delta Pharma,N02BE01,Pain,Tablet,500 mg,20,8247,17797.0,497938.55,Independent Pharmacy,EGP,6.710698015986205,248.297774830016
2024-12-01,Egypt,Cairo,P0005,Infecto,Molecule E,Epsilon Pharma,J01CA04,Anti-infective,Capsule,500 mg,14,8041,10924.0,315637.68,Hospital,EGP,6.956496809580639,-46.27976192249065
2024-12-01,Egypt,Giza,P0005,Infecto,Molecule E,Epsilon Pharma,J01CA04,Anti-infective,Capsule,500 mg,14,1329,1848.0,102447.73,Independent Pharmacy,EGP,1.8357316188707358,-89.034999611855
2024-12-01,Egypt,Alexandria,P0005,Infecto,Molecule E,Epsilon Pharma,J01CA04,Anti-infective,Capsule,500 mg,14,1324,2560.0,96108.15,Independent Pharmacy,EGP,2.3872676890588833,-93.77761628432077
2024-12-01,Egypt,Delta,P0005,Infecto,Molecule E,Epsilon Pharma,J01CA04,Anti-infective,Capsule,500 mg,14,4986,10713.0,832021.96,Hospital,EGP,14.399313389632665,74.61662222000413
2024-12-01,Egypt,Upper Egypt,P0005,Infecto,Molecule E,Epsilon Pharma,J01CA04,Anti-infective,Capsule,500 mg,14,8793,12434.0,1468042.23,Hospital,EGP,19.64454591396133,-12.639258121548147
2024-12-01,Egypt,Canal,P0005,Infecto,Molecule E,Epsilon Pharma,J01CA04,Anti-infective,Capsule,500 mg,14,8236,17861.0,1032790.07,Hospital,EGP,13.91887065919932,326.11268651737697
2024-12-01,Egypt,Cairo,P0006,NeuroCalm,Molecule F,Zeta Pharma,N06AB10,CNS,Tablet,20 mg,28,8898,17157.0,1123685.58,Hospital,EGP,24.765468914363364,738.4164715845395
2024-12-01,Egypt,Giza,P0006,NeuroCalm,Molecule F,Zeta Pharma,N06AB10,CNS,Tablet,20 mg,28,5102,9629.0,623497.13,Independent Pharmacy,EGP,11.172267026474453,-12.33915267661293
2024-12-01,Egypt,Alexandria,P0006,NeuroCalm,Molecule F,Zeta Pharma,N06AB10,CNS,Tablet,20 mg,28,3297,6333.0,402298.93,Hospital,EGP,9.992859470627222,-62.38359653400434
2024-12-01,Egypt,Delta,P0006,NeuroCalm,Molecule F,Zeta Pharma,N06AB10,CNS,Tablet,20 mg,28,3410,7283.0,334285.37,Hospital,EGP,5.785279758961302,-67.73739359002457
2024-12-01,Egypt,Upper Egypt,P0006,NeuroCalm,Molecule F,Zeta Pharma,N06AB10,CNS,Tablet,20 mg,28,4879,6612.0,339021.6,Chain Pharmacy,EGP,4.536603410260638,-9.278934703913745
2024-12-01,Egypt,Canal,P0006,NeuroCalm,Molecule F,Zeta Pharma,N06AB10,CNS,Tablet,20 mg,28,4984,10522.0,1041446.05,Chain Pharmacy,EGP,14.035526957074666,143.95023607126595
2024-12-01,Egypt,Cairo,P0007,ArthroRelief,Molecule G,Eta Pharma,M01AE01,Musculoskeletal,Tablet,400 mg,30,1365,2253.0,169937.72,Hospital,EGP,3.7453424667403716,-40.20847726674274
2024-12-01,Egypt,Giza,P0007,ArthroRelief,Molecule G,Eta Pharma,M01AE01,Musculoskeletal,Tablet,400 mg,30,2161,4231.0,264388.99,Chain Pharmacy,EGP,4.737510812824245,-20.168082172083846
2024-12-01,Egypt,Alexandria,P0007,ArthroRelief,Molecule G,Eta Pharma,M01AE01,Musculoskeletal,Tablet,400 mg,30,923,1647.0,134311.04,Chain Pharmacy,EGP,3.3362041208356974,-60.79643765524524
2024-12-01,Egypt,Delta,P0007,ArthroRelief,Molecule G,Eta Pharma,M01AE01,Musculoskeletal,Tablet,400 mg,30,2150,2978.0,81576.32,Hospital,EGP,1.4117932618665008,-91.14083239989137
2024-12-01,Egypt,Upper Egypt,P0007,ArthroRelief,Molecule G,Eta Pharma,M01AE01,Musculoskeletal,Tablet,400 mg,30,7871,15383.0,1651440.24,Hospital,EGP,22.098678740899246,335.0901767889499
2024-12-01,Egypt,Canal,P0007,ArthroRelief,Molecule G,Eta Pharma,M01AE01,Musculoskeletal,Tablet,400 mg,30,6413,11230.0,1304311.53,Hospital,EGP,17.57815456666075,544.6336637049595
2024-12-01,Egypt,Cairo,P0008,Dermacare,Molecule H,Theta Pharma,D07AC01,Dermatology,Cream,0.05%,1,1351,2101.0,289876.15,Chain Pharmacy,EGP,6.388725555987229,-66.62289903569203
2024-12-01,Egypt,Giza,P0008,Dermacare,Molecule H,Theta Pharma,D07AC01,Dermatology,Cream,0.05%,1,4302,7058.0,249369.48,Independent Pharmacy,EGP,4.468380502109256,-73.23343869099746
2024-12-01,Egypt,Alexandria,P0008,Dermacare,Molecule H,Theta Pharma,D07AC01,Dermatology,Cream,0.05%,1,1485,3201.0,142384.05,Independent Pharmacy,EGP,3.5367327536982502,-22.702324358270566
2024-12-01,Egypt,Delta,P0008,Dermacare,Molecule H,Theta Pharma,D07AC01,Dermatology,Cream,0.05%,1,4653,9993.0,739621.17,Chain Pharmacy,EGP,12.800187409039996,70.484325975418
2024-12-01,Egypt,Upper Egypt,P0008,Dermacare,Molecule H,Theta Pharma,D07AC01,Dermatology,Cream,0.05%,1,3207,6343.0,378022.87,Hospital,EGP,5.058497279225023,10.804282261931974
2024-12-01,Egypt,Canal,P0008,Dermacare,Molecule H,Theta Pharma,D07AC01,Dermatology,Cream,0.05%,1,2101,3989.0,313450.96,Hospital,EGP,4.224366109796021,-29.94724056667447
2024-12-01,Egypt,Cairo,P0009,LipiControl,Molecule I,Iota Pharma,C10AA01,Cardiovascular,Tablet,20 mg,30,5097,7193.0,357877.52,Chain Pharmacy,EGP,7.887441784835801,-31.300454098161325
2024-12-01,Egypt,Giza,P0009,LipiControl,Molecule I,Iota Pharma,C10AA01,Cardiovascular,Tablet,20 mg,30,2022,4345.0,217774.59,Chain Pharmacy,EGP,3.9022406904439046,-81.01996193038633
2024-12-01,Egypt,Alexandria,P0009,LipiControl,Molecule I,Iota Pharma,C10AA01,Cardiovascular,Tablet,20 mg,30,4775,8573.0,510286.42,Hospital,EGP,12.675202702700354,120.09343976426128
2024-12-01,Egypt,Delta,P0009,LipiControl,Molecule I,Iota Pharma,C10AA01,Cardiovascular,Tablet,20 mg,30,2298,3129.0,98100.86,Hospital,EGP,1.697773730554515,-52.066797093348235
2024-12-01,Egypt,Upper Egypt,P0009,LipiControl,Molecule I,Iota Pharma,C10AA01,Cardiovascular,Tablet,20 mg,30,4219,7858.0,151384.0,Independent Pharmacy,EGP,2.025738686440323,-74.30916640097716
2024-12-01,Egypt,Canal,P0009,LipiControl,Molecule I,Iota Pharma,C10AA01,Cardiovascular,Tablet,20 mg,30,4941,9236.0,1046667.83,Independent Pharmacy,EGP,14.105900678261577,-37.74740961014216
2024-12-01,Egypt,Cairo,P0010,GastroEase,Molecule J,Kappa Pharma,A02BC02,Gastrointestinal,Capsule,40 mg,14,3184,5345.0,600583.67,Hospital,EGP,13.236564101729654,283.63539746627674
2024-12-01,Egypt,Giza,P0010,GastroEase,Molecule J,Kappa Pharma,A02BC02,Gastrointestinal,Capsule,40 mg,14,8059,11221.0,1757886.68,Hospital,EGP,31.49906943636236,139.86340604060018
2024-12-01,Egypt,Alexandria,P0010,GastroEase,Molecule J,Kappa Pharma,A02BC02,Gastrointestinal,Capsule,40 mg,14,3670,4975.0,773706.66,Chain Pharmacy,EGP,19.21840041898286,206.21257096069937
2024-12-01,Egypt,Delta,P0010,GastroEase,Molecule J,Kappa Pharma,A02BC02,Gastrointestinal,Capsule,40 mg,14,7978,16581.0,1244568.04,Hospital,EGP,21.539005103520207,447.21371328334067
2024-12-01,Egypt,Upper Egypt,P0010,GastroEase,Molecule J,Kappa Pharma,A02BC02,Gastrointestinal,Capsule,40 mg,14,5184,7235.0,1075941.43,Independent Pharmacy,EGP,14.397665401197765,56.2915592400278
2024-12-01,Egypt,Canal,P0010,GastroEase,Molecule J,Kappa Pharma,A02BC02,Gastrointestinal,Capsule,40 mg,14,2209,3777.0,183454.12,Chain Pharmacy,EGP,2.472403872141442,-48.849097072307416
2025-01-01,Egypt,Cairo,P0001,CardioSafe,Molecule A,Alpha Pharma,C09AA05,Cardiology,Tablet,20 mg,28,6950,10158.0,655810.93,Chain Pharmacy,EGP,14.767244399241552,148.55413489328834
2025-01-01,Egypt,Giza,P0001,CardioSafe,Molecule A,Alpha Pharma,C09AA05,Cardiology,Tablet,20 mg,28,4113,5914.0,752558.1,Hospital,EGP,11.748697040121595,341.21497411982944
2025-01-01,Egypt,Alexandria,P0001,CardioSafe,Molecule A,Alpha Pharma,C09AA05,Cardiology,Tablet,20 mg,28,3916,7391.0,461858.62,Chain Pharmacy,EGP,10.215616259290307,-48.80891139473966
2025-01-01,Egypt,Delta,P0001,CardioSafe,Molecule A,Alpha Pharma,C09AA05,Cardiology,Tablet,20 mg,28,2619,4282.0,169868.26,Hospital,EGP,2.031413656743983,98.5606513912772
2025-01-01,Egypt,Upper Egypt,P0001,CardioSafe,Molecule A,Alpha Pharma,C09AA05,Cardiology,Tablet,20 mg,28,5146,10104.0,306264.7,Hospital,EGP,6.438603042954074,-45.29210177156303
2025-01-01,Egypt,Canal,P0001,CardioSafe,Molecule A,Alpha Pharma,C09AA05,Cardiology,Tablet,20 mg,28,5991,11177.0,1097004.57,Independent Pharmacy,EGP,17.992292970267716,3.2657871527032922
2025-01-01,Egypt,Cairo,P0002,GlucoMax,Molecule B,Beta Pharma,A10BA02,Diabetes,Tablet,500 mg,30,8605,13792.0,678628.83,Chain Pharmacy,EGP,15.281047220395283,1.1074580611834195
2025-01-01,Egypt,Giza,P0002,GlucoMax,Molecule B,Beta Pharma,A10BA02,Diabetes,Tablet,500 mg,30,3520,5198.0,198050.11,Independent Pharmacy,EGP,3.0918951522184877,-84.27411374139326
2025-01-01,Egypt,Alexandria,P0002,GlucoMax,Molecule B,Beta Pharma,A10BA02,Diabetes,Tablet,500 mg,30,3119,4264.0,355983.56,Independent Pharmacy,EGP,7.873819576163905,-47.184714384296065
2025-01-01,Egypt,Delta,P0002,GlucoMax,Molecule B,Beta Pharma,A10BA02,Diabetes,Tablet,500 mg,30,5653,11100.0,337016.14,Chain Pharmacy,EGP,4.030294943499993,-27.72417589454633
2025-01-01,Egypt,Upper Egypt,P0002,GlucoMax,Molecule B,Beta Pharma,A10BA02,Diabetes,Tablet,500 mg,30,6773,9947.0,304085.53,Independent Pharmacy,EGP,6.392790350230706,-30.39932500841267
2025-01-01,Egypt,Canal,P0002,GlucoMax,Molecule B,Beta Pharma,A10BA02,Diabetes,Tablet,500 mg,30,6418,10851.0,511929.18,Hospital,EGP,8.396300287599454,17.349056431203014
2025-01-01,Egypt,Cairo,P0003,Respira,Molecule C,Gamma Pharma,R03AC02,Respiratory,Inhaler,100 mcg,1,4374,7236.0,201673.83,Chain Pharmacy,EGP,4.541197165684769,-69.98469779985331
2025-01-01,Egypt,Giza,P0003,Respira,Molecule C,Gamma Pharma,R03AC02,Respiratory,Inhaler,100 mcg,1,5038,9677.0,1100146.88,Hospital,EGP,17.175142215272157,101.7742613260213
2025-01-01,Egypt,Alexandria,P0003,Respira,Molecule C,Gamma Pharma,R03AC02,Respiratory,Inhaler,100 mcg,1,5115,10051.0,625960.99,Independent Pharmacy,EGP,13.84531324136693,634.768439611417
2025-01-01,Egypt,Delta,P0003,Respira,Molecule C,Gamma Pharma,R03AC02,Respiratory,Inhaler,100 mcg,1,8995,19312.0,1627531.72,Hospital,EGP,19.463260310030982,31.210982171770073
2025-01-01,Egypt,Upper Egypt,P0003,Respira,Molecule C,Gamma Pharma,R03AC02,Respiratory,Inhaler,100 mcg,1,3040,4348.0,608474.51,Independent Pharmacy,EGP,12.791960130063924,-9.02287067967622
2025-01-01,Egypt,Canal,P0003,Respira,Molecule C,Gamma Pharma,R03AC02,Respiratory,Inhaler,100 mcg,1,981,1729.0,162874.94,Chain Pharmacy,EGP,2.6713595532193413,-67.5195450648705
2025-01-01,Egypt,Cairo,P0004,PainFree,Molecule D,Delta Pharma,N02BE01,Pain,Tablet,500 mg,20,3966,7779.0,468404.79,Hospital,EGP,10.547320417037596,543.7646792032738
2025-01-01,Egypt,Giza,P0004,PainFree,Molecule D,Delta Pharma,N02BE01,Pain,Tablet,500 mg,20,7135,14446.0,703704.71,Chain Pharmacy,EGP,10.986013496494989,80.34356230969325
2025-01-01,Egypt,Alexandria,P0004,PainFree,Molecule D,Delta Pharma,N02BE01,Pain,Tablet,500 mg,20,3476,4852.0,341919.15,Hospital,EGP,7.562736034032929,11.981159005256892
2025-01-01,Egypt,Delta,P0004,PainFree,Molecule D,Delta Pharma,N02BE01,Pain,Tablet,500 mg,20,7083,11344.0,412616.32,Hospital,EGP,4.934379309256746,-37.081766786949174
2025-01-01,Egypt,Upper Egypt,P0004,PainFree,Molecule D,Delta Pharma,N02BE01,Pain,Tablet,500 mg,20,1049,2094.0,115163.2,Chain Pharmacy,EGP,2.4210760494315164,-84.51347667292937
2025-01-01,Egypt,Canal,P0004,PainFree,Molecule D,Delta Pharma,N02BE01,Pain,Tablet,500 mg,20,4918,9348.0,558142.94,Chain Pharmacy,EGP,9.154265688944719,12.090726857761869
2025-01-01,Egypt,Cairo,P0005,Infecto,Molecule E,Epsilon Pharma,J01CA04,Anti-infective,Capsule,500 mg,14,7468,15825.0,336915.86,Chain Pharmacy,EGP,7.586514068316381,6.741330756201225
2025-01-01,Egypt,Giza,P0005,Infecto,Molecule E,Epsilon Pharma,J01CA04,Anti-infective,Capsule,500 mg,14,2492,3391.0,143629.37,Chain Pharmacy,EGP,2.2422959160143643,40.1977086266333
2025-01-01,Egypt,Alexandria,P0005,Infecto,Molecule E,Epsilon Pharma,J01CA04,Anti-infective,Capsule,500 mg,14,8203,14861.0,870097.0,Independent Pharmacy,EGP,19.245233661244036,805.331129566015
2025-01-01,Egypt,Delta,P0005,Infecto,Molecule E,Epsilon Pharma,J01CA04,Anti-infective,Capsule,500 mg,14,7977,16639.0,1647261.43,Independent Pharmacy,EGP,19.699203165615646,97.98292703716618
2025-01-01,Egypt,Upper Egypt,P0005,Infecto,Molecule E,Epsilon Pharma,J01CA04,Anti-infective,Capsule,500 mg,14,6968,9739.0,549355.39,Independent Pharmacy,EGP,11.549098821108739,-62.579047198117735
2025-01-01,Egypt,Canal,P0005,Infecto,Molecule E,Epsilon Pharma,J01CA04,Anti-infective,Capsule,500 mg,14,6843,10428.0,1076225.31,Hospital,EGP,17.651486246349176,4.20562138053866
2025-01-01,Egypt,Cairo,P0006,NeuroCalm,Molecule F,Zeta Pharma,N06AB10,CNS,Tablet,20 mg,28,4996,6563.0,407379.05,Hospital,EGP,9.173171289598427,-63.746170881715855
2025-01-01,Egypt,Giza,P0006,NeuroCalm,Molecule F,Zeta Pharma,N06AB10,CNS,Tablet,20 mg,28,1093,1690.0,146371.57,Chain Pharmacy,EGP,2.28510626783095,-76.52409883586793
2025-01-01,Egypt,Alexandria,P0006,NeuroCalm,Molecule F,Zeta Pharma,N06AB10,CNS,Tablet,20 mg,28,2700,4292.0,106891.8,Hospital,EGP,2.3642854388314927,-73.42975781715353
2025-01-01,Egypt,Delta,P0006,NeuroCalm,Molecule F,Zeta Pharma,N06AB10,CNS,Tablet,20 mg,28,3051,6005.0,605041.21,Independent Pharmacy,EGP,7.235542277803423,80.99542017049683
2025-01-01,Egypt,Upper Egypt,P0006,NeuroCalm,Molecule F,Zeta Pharma,N06AB10,CNS,Tablet,20 mg,28,7367,15005.0,290711.38,Hospital,EGP,6.111625583651586,-14.2498944020086
2025-01-01,Egypt,Canal,P0006,NeuroCalm,Molecule F,Zeta Pharma,N06AB10,CNS,Tablet,20 mg,28,7060,11808.0,1155915.9,Independent Pharmacy,EGP,18.95851493288736,10.991433497683323
2025-01-01,Egypt,Cairo,P0007,ArthroRelief,Molecule G,Eta Pharma,M01AE01,Musculoskeletal,Tablet,400 mg,30,2778,5432.0,308683.02,Hospital,EGP,6.950780155853711,81.64479316304822
2025-01-01,Egypt,Giza,P0007,ArthroRelief,Molecule G,Eta Pharma,M01AE01,Musculoskeletal,Tablet,400 mg,30,7747,11525.0,1637283.39,Independent Pharmacy,EGP,25.560746097787334,519.2706398250548
2025-01-01,Egypt,Alexandria,P0007,ArthroRelief,Molecule G,Eta Pharma,M01AE01,Musculoskeletal,Tablet,400 mg,30,877,1885.0,92281.31,Hospital,EGP,2.0411234305091224,-31.292833411162636
2025-01-01,Egypt,Delta,P0007,ArthroRelief,Molecule G,Eta Pharma,M01AE01,Musculoskeletal,Tablet,400 mg,30,3877,5742.0,340197.81,Independent Pharmacy,EGP,4.0683437696270905,317.0301013823619
2025-01-01,Egypt,Upper Egypt,P0007,ArthroRelief,Molecule G,Eta Pharma,M01AE01,Musculoskeletal,Tablet,400 mg,30,5151,10074.0,530144.33,Independent Pharmacy,EGP,11.145224690742511,-67.8980615126588
2025-01-01,Egypt,Canal,P0007,ArthroRelief,Molecule G,Eta Pharma,M01AE01,Musculoskeletal,Tablet,400 mg,30,1642,3059.0,309715.37,Chain Pharmacy,EGP,5.079732415731745,-76.25449420047678
2025-01-01,Egypt,Cairo,P0008,Dermacare,Molecule H,Theta Pharma,D07AC01,Dermatology,Cream,0.05%,1,2300,4703.0,306151.29,Hospital,EGP,6.893771841486501,5.6145150265035415
2025-01-01,Egypt,Giza,P0008,Dermacare,Molecule H,Theta Pharma,D07AC01,Dermatology,Cream,0.05%,1,6134,12159.0,971396.01,Independent Pharmacy,EGP,15.165124695984172,289.54085720513996
2025-01-01,Egypt,Alexandria,P0008,Dermacare,Molecule H,Theta Pharma,D07AC01,Dermatology,Cream,0.05%,1,4352,5963.0,905233.41,Hospital,EGP,20.02239806988729,535.7688308486801
2025-01-01,Egypt,Delta,P0008,Dermacare,Molecule H,Theta Pharma,D07AC01,Dermatology,Cream,0.05%,1,8525,14755.0,1673780.71,Independent Pharmacy,EGP,20.01634085548789,126.30243398792925
2025-01-01,Egypt,Upper Egypt,P0008,Dermacare,Molecule H,Theta Pharma,D07AC01,Dermatology,Cream,0.05%,1,7106,11332.0,1555379.1,Hospital,EGP,32.69873611358791,311.4510585034181
2025-01-01,Egypt,Canal,P0008,Dermacare,Molecule H,Theta Pharma,D07AC01,Dermatology,Cream,0.05%,1,3022,6149.0,318549.28,Independent Pharmacy,EGP,5.224619958718898,1.6265128044272048
2025-01-01,Egypt,Cairo,P0009,LipiControl,Molecule I,Iota Pharma,C10AA01,Cardiovascular,Tablet,20 mg,30,6352,11288.0,246517.69,Hospital,EGP,5.5509702727377,-31.11674351604985
2025-01-01,Egypt,Giza,P0009,LipiControl,Molecule I,Iota Pharma,C10AA01,Cardiovascular,Tablet,20 mg,30,7105,11954.0,263320.65,Hospital,EGP,4.110878005642215,20.9143132814531
2025-01-01,Egypt,Alexandria,P0009,LipiControl,Molecule I,Iota Pharma,C10AA01,Cardiovascular,Tablet,20 mg,30,5744,11996.0,532942.13,Chain Pharmacy,EGP,11.787876316975114,4.439802650440905
2025-01-01,Egypt,Delta,P0009,LipiControl,Molecule I,Iota Pharma,C10AA01,Cardiovascular,Tablet,20 mg,30,4405,8206.0,787422.64,Independent Pharmacy,EGP,9.416597924329128,702.6663986431923
2025-01-01,Egypt,Upper Egypt,P0009,LipiControl,Molecule I,Iota Pharma,C10AA01,Cardiovascular,Tablet,20 mg,30,1375,2500.0,255589.71,Chain Pharmacy,EGP,5.373262686015558,68.83535248110763
2025-01-01,Egypt,Canal,P0009,LipiControl,Molecule I,Iota Pharma,C10AA01,Cardiovascular,Tablet,20 mg,30,4996,7851.0,641260.57,Chain Pharmacy,EGP,10.517502261381525,-38.73313465648409
2025-01-01,Egypt,Cairo,P0010,GastroEase,Molecule J,Kappa Pharma,A02BC02,Gastrointestinal,Capsule,40 mg,14,5569,9087.0,830818.5,Independent Pharmacy,EGP,18.707983169648095,38.33517984263541
2025-01-01,Egypt,Giza,P0010,GastroEase,Molecule J,Kappa Pharma,A02BC02,Gastrointestinal,Capsule,40 mg,14,2289,4342.0,488999.3,Chain Pharmacy,EGP,7.634101112633737,-72.18254705701509
2025-01-01,Egypt,Alexandria,P0010,GastroEase,Molecule J,Kappa Pharma,A02BC02,Gastrointestinal,Capsule,40 mg,14,1604,2629.0,227935.88,Independent Pharmacy,EGP,5.041597971698881,-70.5397546920431
2025-01-01,Egypt,Delta,P0010,GastroEase,Molecule J,Kappa Pharma,A02BC02,Gastrointestinal,Capsule,40 mg,14,3665,7041.0,761335.14,Independent Pharmacy,EGP,9.104623787605124,-38.82735892848414
2025-01-01,Egypt,Upper Egypt,P0010,GastroEase,Molecule J,Kappa Pharma,A02BC02,Gastrointestinal,Capsule,40 mg,14,3911,8425.0,241527.01,Hospital,EGP,5.0776225322134705,-77.55202994646278
2025-01-01,Egypt,Canal,P0010,GastroEase,Molecule J,Kappa Pharma,A02BC02,Gastrointestinal,Capsule,40 mg,14,4354,6824.0,265462.35,Chain Pharmacy,EGP,4.353925684900061,44.70231031061063
2025-02-01,Egypt,Cairo,P0001,CardioSafe,Molecule A,Alpha Pharma,C09AA05,Cardiology,Tablet,20 mg,28,1457,2216.0,62205.97,Chain Pharmacy,EGP,0.995940951883536,-90.51464878757052
2025-02-01,Egypt,Giza,P0001,CardioSafe,Molecule A,Alpha Pharma,C09AA05,Cardiology,Tablet,20 mg,28,4683,8999.0,501435.7,Independent Pharmacy,EGP,9.223418323828843,-33.369171097885996
2025-02-01,Egypt,Alexandria,P0001,CardioSafe,Molecule A,Alpha Pharma,C09AA05,Cardiology,Tablet,20 mg,28,5690,11389.0,524823.46,Independent Pharmacy,EGP,7.936162823522768,13.63292515791954
2025-02-01,Egypt,Delta,P0001,CardioSafe,Molecule A,Alpha Pharma,C09AA05,Cardiology,Tablet,20 mg,28,4541,8840.0,673890.59,Chain Pharmacy,EGP,9.074884789167042,296.7136591615172
2025-02-01,Egypt,Upper Egypt,P0001,CardioSafe,Molecule A,Alpha Pharma,C09AA05,Cardiology,Tablet,20 mg,28,8551,11403.0,1527326.08,Chain Pharmacy,EGP,26.18487865828744,398.6947826504328
2025-02-01,Egypt,Canal,P0001,CardioSafe,Molecule A,Alpha Pharma,C09AA05,Cardiology,Tablet,20 mg,28,5954,8775.0,640223.94,Independent Pharmacy,EGP,11.612878566433189,-41.63889946237873
2025-02-01,Egypt,Cairo,P0002,GlucoMax,Molecule B,Beta Pharma,A10BA02,Diabetes,Tablet,500 mg,30,4230,7657.0,515220.48,Hospital,EGP,8.248873464734853,-24.079193629306907
2025-02-01,Egypt,Giza,P0002,GlucoMax,Molecule B,Beta Pharma,A10BA02,Diabetes,Tablet,500 mg,30,2767,4660.0,325458.75,Hospital,EGP,5.986494775701912,64.33151690751397
2025-02-01,Egypt,Alexandria,P0002,GlucoMax,Molecule B,Beta Pharma,A10BA02,Diabetes,Tablet,500 mg,30,3834,5752.0,284349.62,Hospital,EGP,4.299817091116365,-20.122822525849227
2025-02-01,Egypt,Delta,P0002,GlucoMax,Molecule B,Beta Pharma,A10BA02,Diabetes,Tablet,500 mg,30,3119,6839.0,297876.24,Independent Pharmacy,EGP,4.011322608660066,-11.613657434922853
2025-02-01,Egypt,Upper Egypt,P0002,GlucoMax,Molecule B,Beta Pharma,A10BA02,Diabetes,Tablet,500 mg,30,7955,16902.0,901155.05,Chain Pharmacy,EGP,15.449638387994366,196.34920477801097
2025-02-01,Egypt,Canal,P0002,GlucoMax,Molecule B,Beta Pharma,A10BA02,Diabetes,Tablet,500 mg,30,1670,3265.0,129547.3,Hospital,EGP,2.349829441725173,-74.69429267540482
2025-02-01,Egypt,Cairo,P0003,Respira,Molecule C,Gamma Pharma,R03AC02,Respiratory,Inhaler,100 mcg,1,8503,11536.0,1265853.21,Independent Pharmacy,EGP,20.26678550165249,527.6735112334605
2025-02-01,Egypt,Giza,P0003,Respira,Molecule C,Gamma Pharma,R03AC02,Respiratory,Inhaler,100 mcg,1,3710,7723.0,330294.81,Chain Pharmacy,EGP,6.075449360345837,-69.97720795245085
2025-02-01,Egypt,Alexandria,P0003,Respira,Molecule C,Gamma Pharma,R03AC02,Respiratory,Inhaler,100 mcg,1,5248,7160.0,607283.41,Chain Pharmacy,EGP,9.18308800788771,-2.9838249185464405
2025-02-01,Egypt,Delta,P0003,Respira,Molecule C,Gamma Pharma,R03AC02,Respiratory,Inhaler,100 mcg,1,6992,13639.0,533994.54,Hospital,EGP,7.190987677308644,-67.18991504509664
2025-02-01,Egypt,Upper Egypt,P0003,Respira,Molecule C,Gamma Pharma,R03AC02,Respiratory,Inhaler,100 mcg,1,4503,9774.0,390182.15,Hospital,EGP,6.689385054159298,-35.87534997973867
2025-02-01,Egypt,Canal,P0003,Respira,Molecule C,Gamma Pharma,R03AC02,Respiratory,Inhaler,100 mcg,1,5639,8092.0,820023.98,Hospital,EGP,14.874231196826596,403.4684771027391
2025-02-01,Egypt,Cairo,P0004,PainFree,Molecule D,Delta Pharma,N02BE01,Pain,Tablet,500 mg,20,3039,6206.0,637474.34,Independent Pharmacy,EGP,10.206203696862678,36.09475257501102
2025-02-01,Egypt,Giza,P0004,PainFree,Molecule D,Delta Pharma,N02BE01,Pain,Tablet,500 mg,20,6619,14036.0,1059834.32,Hospital,EGP,19.494613740726248,50.60781957818643
2025-02-01,Egypt,Alexandria,P0004,PainFree,Molecule D,Delta Pharma,N02BE01,Pain,Tablet,500 mg,20,3924,5788.0,828477.89,Independent Pharmacy,EGP,12.527899249642127,142.30227818476968
2025-02-01,Egypt,Delta,P0004,PainFree,Molecule D,Delta Pharma,N02BE01,Pain,Tablet,500 mg,20,7940,11831.0,1233697.9,Independent Pharmacy,EGP,16.61347772661037,198.99396611360402
2025-02-01,Egypt,Upper Egypt,P0004,PainFree,Molecule D,Delta Pharma,N02BE01,Pain,Tablet,500 mg,20,2838,4266.0,326148.18,Hospital,EGP,5.591569887892761,183.20520791363907
2025-02-01,Egypt,Canal,P0004,PainFree,Molecule D,Delta Pharma,N02BE01,Pain,Tablet,500 mg,20,8183,11311.0,1443768.78,Hospital,EGP,26.188198335956315,158.67366162510274
2025-02-01,Egypt,Cairo,P0005,Infecto,Molecule E,Epsilon Pharma,J01CA04,Anti-infective,Capsule,500 mg,14,4390,5717.0,442549.59,Chain Pharmacy,EGP,7.0853852117452485,31.353148527944043
2025-02-01,Egypt,Giza,P0005,Infecto,Molecule E,Epsilon Pharma,J01CA04,Anti-infective,Capsule,500 mg,14,4506,6002.0,631307.43,Hospital,EGP,11.612281530475983,339.5392321222324
2025-02-01,Egypt,Alexandria,P0005,Infecto,Molecule E,Epsilon Pharma,J01CA04,Anti-infective,Capsule,500 mg,14,1177,2023.0,252516.55,Chain Pharmacy,EGP,3.818450601339788,-70.97834494315002
2025-02-01,Egypt,Delta,P0005,Infecto,Molecule E,Epsilon Pharma,J01CA04,Anti-infective,Capsule,500 mg,14,8144,11371.0,1783178.66,Hospital,EGP,24.013009141441295,8.251102558748059
2025-02-01,Egypt,Upper Egypt,P0005,Infecto,Molecule E,Epsilon Pharma,J01CA04,Anti-infective,Capsule,500 mg,14,2785,5474.0,598090.39,Chain Pharmacy,EGP,10.253818417634703,8.871306423333714
2025-02-01,Egypt,Canal,P0005,Infecto,Molecule E,Epsilon Pharma,J01CA04,Anti-infective,Capsule,500 mg,14,810,1053.0,82122.35,Independent Pharmacy,EGP,1.489598902128097,-92.3694091528102
2025-02-01,Egypt,Cairo,P0006,NeuroCalm,Molecule F,Zeta Pharma,N06AB10,CNS,Tablet,20 mg,28,2462,4348.0,95185.81,Chain Pharmacy,EGP,1.523960581551986,-76.63458393356262
2025-02-01,Egypt,Giza,P0006,NeuroCalm,Molecule F,Zeta Pharma,N06AB10,CNS,Tablet,20 mg,28,6571,14300.0,1419306.08,Independent Pharmacy,EGP,26.10674450461682,869.6596681992276
2025-02-01,Egypt,Alexandria,P0006,NeuroCalm,Molecule F,Zeta Pharma,N06AB10,CNS,Tablet,20 mg,28,5290,7069.0,932997.78,Hospital,EGP,14.108405702872496,772.8431741256111
2025-02-01,Egypt,Delta,P0006,NeuroCalm,Molecule F,Zeta Pharma,N06AB10,CNS,Tablet,20 mg,28,8910,19050.0,1377651.67,Chain Pharmacy,EGP,18.55201774646174,127.69551019508243
2025-02-01,Egypt,Upper Egypt,P0006,NeuroCalm,Molecule F,Zeta Pharma,N06AB10,CNS,Tablet,20 mg,28,1024,1918.0,131606.95,Hospital,EGP,2.2563040476185034,-54.729343584692145
2025-02-01,Egypt,Canal,P0006,NeuroCalm,Molecule F,Zeta Pharma,N06AB10,CNS,Tablet,20 mg,28,858,1765.0,132485.18,Independent Pharmacy,EGP,2.403118988633951,-88.53851045737842
2025-02-01,Egypt,Cairo,P0007,ArthroRelief,Molecule G,Eta Pharma,M01AE01,Musculoskeletal,Tablet,400 mg,30,8286,12618.0,550386.23,Independent Pharmacy,EGP,8.811890334798907,78.301427140372
2025-02-01,Egypt,Giza,P0007,ArthroRelief,Molecule G,Eta Pharma,M01AE01,Musculoskeletal,Tablet,400 mg,30,2870,5015.0,460520.07,Chain Pharmacy,EGP,8.470815404904243,-71.87291627016383
2025-02-01,Egypt,Alexandria,P0007,ArthroRelief,Molecule G,Eta Pharma,M01AE01,Musculoskeletal,Tablet,400 mg,30,1528,2905.0,122655.45,Chain Pharmacy,EGP,1.8547448743858663,32.91472563620954
2025-02-01,Egypt,Delta,P0007,ArthroRelief,Molecule G,Eta Pharma,M01AE01,Musculoskeletal,Tablet,400 mg,30,6383,13736.0,612890.36,Chain Pharmacy,EGP,8.253430880213228,80.15705627264327
2025-02-01,Egypt,Upper Egypt,P0007,ArthroRelief,Molecule G,Eta Pharma,M01AE01,Musculoskeletal,Tablet,400 mg,30,2342,4332.0,368705.89,Chain Pharmacy,EGP,6.321190423361249,-30.45179036433342
2025-02-01,Egypt,Canal,P0007,ArthroRelief,Molecule G,Eta Pharma,M01AE01,Musculoskeletal,Tablet,400 mg,30,4856,9891.0,460279.5,Chain Pharmacy,EGP,8.348906696801413,48.613709419716564
2025-02-01,Egypt,Cairo,P0008,Dermacare,Molecule H,Theta Pharma,D07AC01,Dermatology,Cream,0.05%,1,8014,16917.0,818134.88,Independent Pharmacy,EGP,13.098646820495244,167.23221711722988
2025-02-01,Egypt,Giza,P0008,Dermacare,Molecule H,Theta Pharma,D07AC01,Dermatology,Cream,0.05%,1,2126,4222.0,93844.47,Independent Pharmacy,EGP,1.7261770635557185,-90.3392160319868
2025-02-01,Egypt,Alexandria,P0008,Dermacare,Molecule H,Theta Pharma,D07AC01,Dermatology,Cream,0.05%,1,7930,13605.0,923048.1,Hospital,EGP,13.957950766041073,1.9679664717633383
2025-02-01,Egypt,Delta,P0008,Dermacare,Molecule H,Theta Pharma,D07AC01,Dermatology,Cream,0.05%,1,6544,10083.0,555581.73,Chain Pharmacy,EGP,7.481689558413496,-66.8067790075081
2025-02-01,Egypt,Upper Egypt,P0008,Dermacare,Molecule H,Theta Pharma,D07AC01,Dermatology,Cream,0.05%,1,5898,9448.0,444953.91,Hospital,EGP,7.628406464375013,-71.39257496773617
2025-02-01,Egypt,Canal,P0008,Dermacare,Molecule H,Theta Pharma,D07AC01,Dermatology,Cream,0.05%,1,3204,4588.0,273521.5,Hospital,EGP,4.9613451893233735,-14.135263466927327
2025-02-01,Egypt,Cairo,P0009,LipiControl,Molecule I,Iota Pharma,C10AA01,Cardiovascular,Tablet,20 mg,30,6006,7853.0,847784.79,Independent Pharmacy,EGP,13.57335301973402,243.904240705809
2025-02-01,Egypt,Giza,P0009,LipiControl,Molecule I,Iota Pharma,C10AA01,Cardiovascular,Tablet,20 mg,30,2345,3146.0,195823.62,Chain Pharmacy,EGP,3.6019835942006058,-25.633018147266473
2025-02-01,Egypt,Alexandria,P0009,LipiControl,Molecule I,Iota Pharma,C10AA01,Cardiovascular,Tablet,20 mg,30,7850,10873.0,914812.08,Independent Pharmacy,EGP,13.833409085419953,71.65317367572345
2025-02-01,Egypt,Delta,P0009,LipiControl,Molecule I,Iota Pharma,C10AA01,Cardiovascular,Tablet,20 mg,30,3905,5929.0,278602.89,Independent Pharmacy,EGP,3.7517798381469882,-64.61837952741618
2025-02-01,Egypt,Upper Egypt,P0009,LipiControl,Molecule I,Iota Pharma,C10AA01,Cardiovascular,Tablet,20 mg,30,3309,4773.0,655887.66,Hospital,EGP,11.24470996433721,156.61739668627507
2025-02-01,Egypt,Canal,P0009,LipiControl,Molecule I,Iota Pharma,C10AA01,Cardiovascular,Tablet,20 mg,30,7533,13845.0,1119582.21,Independent Pharmacy,EGP,20.307850796502397,74.5908391030498
2025-02-01,Egypt,Cairo,P0010,GastroEase,Molecule J,Kappa Pharma,A02BC02,Gastrointestinal,Capsule,40 mg,14,5467,7537.0,1011154.31,Chain Pharmacy,EGP,16.18896041654105,21.705800966155664
2025-02-01,Egypt,Giza,P0010,GastroEase,Molecule J,Kappa Pharma,A02BC02,Gastrointestinal,Capsule,40 mg,14,4172,7788.0,418724.22,Chain Pharmacy,EGP,7.70202170164378,-14.371202576363606
2025-02-01,Egypt,Alexandria,P0010,GastroEase,Molecule J,Kappa Pharma,A02BC02,Gastrointestinal,Capsule,40 mg,14,7244,15658.0,1222098.82,Independent Pharmacy,EGP,18.480071797771853,436.15903735734804
2025-02-01,Egypt,Delta,P0010,GastroEase,Molecule J,Kappa Pharma,A02BC02,Gastrointestinal,Capsule,40 mg,14,1188,2043.0,78521.32,Hospital,EGP,1.0574000335771387,-89.68636598069018
2025-02-01,Egypt,Upper Egypt,P0010,GastroEase,Molecule J,Kappa Pharma,A02BC02,Gastrointestinal,Capsule,40 mg,14,2297,3499.0,488799.03,Hospital,EGP,8.380098694339457,102.37862009718914
2025-02-01,Egypt,Canal,P0010,GastroEase,Molecule J,Kappa Pharma,A02BC02,Gastrointestinal,Capsule,40 mg,14,3133,4874.0,411496.45,Independent Pharmacy,EGP,7.464041885669485,55.011228522613486
2025-03-01,Egypt,Cairo,P0001,CardioSafe,Molecule A,Alpha Pharma,C09AA05,Cardiology,Tablet,20 mg,28,8459,13004.0,1190279.17,Independent Pharmacy,EGP,15.186229433754589,1813.4484519733394
2025-03-01,Egypt,Giza,P0001,CardioSafe,Molecule A,Alpha Pharma,C09AA05,Cardiology,Tablet,20 mg,28,3424,4488.0,210220.01,Hospital,EGP,3.35287219431881,-58.07637748967615
2025-03-01,Egypt,Alexandria,P0001,CardioSafe,Molecule A,Alpha Pharma,C09AA05,Cardiology,Tablet,20 mg,28,3308,5472.0,226516.06,Chain Pharmacy,EGP,4.17213269392722,-56.83957039572888
2025-03-01,Egypt,Delta,P0001,CardioSafe,Molecule A,Alpha Pharma,C09AA05,Cardiology,Tablet,20 mg,28,6437,9705.0,1125807.96,Hospital,EGP,21.50854778856122,67.06094085688301
2025-03-01,Egypt,Upper Egypt,P0001,CardioSafe,Molecule A,Alpha Pharma,C09AA05,Cardiology,Tablet,20 mg,28,2376,4067.0,166618.69,Hospital,EGP,2.8817361984500973,-89.09082401054789
2025-03-01,Egypt,Canal,P0001,CardioSafe,Molecule A,Alpha Pharma,C09AA05,Cardiology,Tablet,20 mg,28,3573,7103.0,575123.43,Hospital,EGP,11.470102883070108,-10.168396701941496
2025-03-01,Egypt,Cairo,P0002,GlucoMax,Molecule B,Beta Pharma,A10BA02,Diabetes,Tablet,500 mg,30,8741,16553.0,550484.14,Hospital,EGP,7.023376246837188,6.844382428276141
2025-03-01,Egypt,Giza,P0002,GlucoMax,Molecule B,Beta Pharma,A10BA02,Diabetes,Tablet,500 mg,30,3618,7246.0,221277.14,Independent Pharmacy,EGP,3.5292262137385997,-32.010695671878544
2025-03-01,Egypt,Alexandria,P0002,GlucoMax,Molecule B,Beta Pharma,A10BA02,Diabetes,Tablet,500 mg,30,2572,5581.0,123230.43,Chain Pharmacy,EGP,2.2697450498199103,-56.662354604166524
2025-03-01,Egypt,Delta,P0002,GlucoMax,Molecule B,Beta Pharma,A10BA02,Diabetes,Tablet,500 mg,30,4129,7386.0,890883.44,Hospital,EGP,17.020317606634983,199.07838235100587
2025-03-01,Egypt,Upper Egypt,P0002,GlucoMax,Molecule B,Beta Pharma,A10BA02,Diabetes,Tablet,500 mg,30,1465,2218.0,110289.2,Chain Pharmacy,EGP,1.9074953712461817,-87.76135139008542
2025-03-01,Egypt,Canal,P0002,GlucoMax,Molecule B,Beta Pharma,A10BA02,Diabetes,Tablet,500 mg,30,1490,2271.0,285129.48,Hospital,EGP,5.68654361829126,120.09681405942074
2025-03-01,Egypt,Cairo,P0003,Respira,Molecule C,Gamma Pharma,R03AC02,Respiratory,Inhaler,100 mcg,1,4448,6341.0,205168.83,Hospital,EGP,2.6176555917003834,-83.79205200261727
2025-03-01,Egypt,Giza,P0003,Respira,Molecule C,Gamma Pharma,R03AC02,Respiratory,Inhaler,100 mcg,1,2725,4872.0,520365.37,Chain Pharmacy,EGP,8.299488616518568,57.54573013121218
2025-03-01,Egypt,Alexandria,P0003,Respira,Molecule C,Gamma Pharma,R03AC02,Respiratory,Inhaler,100 mcg,1,6531,10018.0,232519.61,Chain Pharmacy,EGP,4.282710315816931,-61.71151620954045
2025-03-01,Egypt,Delta,P0003,Respira,Molecule C,Gamma Pharma,R03AC02,Respiratory,Inhaler,100 mcg,1,2881,3860.0,549965.74,Hospital,EGP,10.507088971782927,2.9908920042515774
2025-03-01,Egypt,Upper Egypt,P0003,Respira,Molecule C,Gamma Pharma,R03AC02,Respiratory,Inhaler,100 mcg,1,7490,10279.0,843782.28,Independent Pharmacy,EGP,14.593548538202741,116.25342932781524
2025-03-01,Egypt,Canal,P0003,Respira,Molecule C,Gamma Pharma,R03AC02,Respiratory,Inhaler,100 mcg,1,6649,12787.0,828996.9,Chain Pharmacy,EGP,16.533285268426955,1.094226537131271
2025-03-01,Egypt,Cairo,P0004,PainFree,Molecule D,Delta Pharma,N02BE01,Pain,Tablet,500 mg,20,6174,9984.0,991507.38,Hospital,EGP,12.650190759820568,55.536829921656135
2025-03-01,Egypt,Giza,P0004,PainFree,Molecule D,Delta Pharma,N02BE01,Pain,Tablet,500 mg,20,2304,4065.0,283247.99,Chain Pharmacy,EGP,4.5176208952120795,-73.27431423432297
2025-03-01,Egypt,Alexandria,P0004,PainFree,Molecule D,Delta Pharma,N02BE01,Pain,Tablet,500 mg,20,7600,16495.0,1300820.29,Independent Pharmacy,EGP,23.959426368412416,57.01327768686741
2025-03-01,Egypt,Delta,P0004,PainFree,Molecule D,Delta Pharma,N02BE01,Pain,Tablet,500 mg,20,2130,2903.0,76229.9,Hospital,EGP,1.4563713398040308,-93.82102376927122
2025-03-01,Egypt,Upper Egypt,P0004,PainFree,Molecule D,Delta Pharma,N02BE01,Pain,Tablet,500 mg,20,8710,15735.0,837053.38,Independent Pharmacy,EGP,14.477169549112437,156.6481836568887
2025-03-01,Egypt,Canal,P0004,PainFree,Molecule D,Delta Pharma,N02BE01,Pain,Tablet,500 mg,20,5199,8246.0,1019012.12,Hospital,EGP,20.322896348520146,-29.419992029471643
2025-03-01,Egypt,Cairo,P0005,Infecto,Molecule E,Epsilon Pharma,J01CA04,Anti-infective,Capsule,500 mg,14,5093,6904.0,323322.14,Hospital,EGP,4.1251198229844865,-26.9410372744894
2025-03-01,Egypt,Giza,P0005,Infecto,Molecule E,Epsilon Pharma,J01CA04,Anti-infective,Capsule,500 mg,14,2304,3032.0,338251.45,Independent Pharmacy,EGP,5.394890245667001,-46.42048644984267
2025-03-01,Egypt,Alexandria,P0005,Infecto,Molecule E,Epsilon Pharma,J01CA04,Anti-infective,Capsule,500 mg,14,6669,9595.0,1452333.14,Chain Pharmacy,EGP,26.750096994747214,475.14374404370716
2025-03-01,Egypt,Delta,P0005,Infecto,Molecule E,Epsilon Pharma,J01CA04,Anti-infective,Capsule,500 mg,14,3734,5294.0,552168.09,Chain Pharmacy,EGP,10.549164842539906,-69.03461765295016
2025-03-01,Egypt,Upper Egypt,P0005,Infecto,Molecule E,Epsilon Pharma,J01CA04,Anti-infective,Capsule,500 mg,14,5435,7926.0,1005777.64,Chain Pharmacy,EGP,17.39532241418841,68.164822043036
2025-03-01,Egypt,Canal,P0005,Infecto,Molecule E,Epsilon Pharma,J01CA04,Anti-infective,Capsule,500 mg,14,1693,3175.0,69027.96,Chain Pharmacy,EGP,1.3766745740274362,-15.944977219965084
2025-03-01,Egypt,Cairo,P0006,NeuroCalm,Molecule F,Zeta Pharma,N06AB10,CNS,Tablet,20 mg,28,4528,7260.0,236781.31,Hospital,EGP,3.020984815927653,148.756941817273
2025-03-01,Egypt,Giza,P0006,NeuroCalm,Molecule F,Zeta Pharma,N06AB10,CNS,Tablet,20 mg,28,8459,16409.0,409779.67,Chain Pharmacy,EGP,6.535718751702742,-71.12816778745851
2025-03-01,Egypt,Alexandria,P0006,NeuroCalm,Molecule F,Zeta Pharma,N06AB10,CNS,Tablet,20 mg,28,2777,5291.0,256290.4,Independent Pharmacy,EGP,4.720537506169253,-72.53043838968192
2025-03-01,Egypt,Delta,P0006,NeuroCalm,Molecule F,Zeta Pharma,N06AB10,CNS,Tablet,20 mg,28,4636,6642.0,154962.19,Independent Pharmacy,EGP,2.9605508110238477,-88.75171472045615
2025-03-01,Egypt,Upper Egypt,P0006,NeuroCalm,Molecule F,Zeta Pharma,N06AB10,CNS,Tablet,20 mg,28,2226,4534.0,208650.86,Independent Pharmacy,EGP,3.608699216754996,58.54091292291172
2025-03-01,Egypt,Canal,P0006,NeuroCalm,Molecule F,Zeta Pharma,N06AB10,CNS,Tablet,20 mg,28,4046,5557.0,599990.43,Independent Pharmacy,EGP,11.966043464717607,352.87361952484054
2025-03-01,Egypt,Cairo,P0007,ArthroRelief,Molecule G,Eta Pharma,M01AE01,Musculoskeletal,Tablet,400 mg,30,8103,12137.0,1143074.46,Hospital,EGP,14.583966053463854,107.68587542606215
2025-03-01,Egypt,Giza,P0007,ArthroRelief,Molecule G,Eta Pharma,M01AE01,Musculoskeletal,Tablet,400 mg,30,7689,16862.0,424741.58,Independent Pharmacy,EGP,6.774351468031223,-7.769148910274415
2025-03-01,Egypt,Alexandria,P0007,ArthroRelief,Molecule G,Eta Pharma,M01AE01,Musculoskeletal,Tablet,400 mg,30,4375,6313.0,484484.51,Independent Pharmacy,EGP,8.923577709555381,294.99631691865306
2025-03-01,Egypt,Delta,P0007,ArthroRelief,Molecule G,Eta Pharma,M01AE01,Musculoskeletal,Tablet,400 mg,30,1209,2091.0,145571.07,Chain Pharmacy,EGP,2.781133574261627,-76.24843210129785
2025-03-01,Egypt,Upper Egypt,P0007,ArthroRelief,Molecule G,Eta Pharma,M01AE01,Musculoskeletal,Tablet,400 mg,30,7288,9486.0,1130336.86,Chain Pharmacy,EGP,19.54962343002709,206.56870168252536
2025-03-01,Egypt,Canal,P0007,ArthroRelief,Molecule G,Eta Pharma,M01AE01,Musculoskeletal,Tablet,400 mg,30,7715,14925.0,1233240.88,Hospital,EGP,24.59541558445622,167.9330450302479
2025-03-01,Egypt,Cairo,P0008,Dermacare,Molecule H,Theta Pharma,D07AC01,Dermatology,Cream,0.05%,1,3887,5674.0,747200.54,Chain Pharmacy,EGP,9.533191136551036,-8.670250069279529
2025-03-01,Egypt,Giza,P0008,Dermacare,Molecule H,Theta Pharma,D07AC01,Dermatology,Cream,0.05%,1,7828,14700.0,1616416.87,Chain Pharmacy,EGP,25.780795928279343,1622.4423239856328
2025-03-01,Egypt,Alexandria,P0008,Dermacare,Molecule H,Theta Pharma,D07AC01,Dermatology,Cream,0.05%,1,3090,4845.0,562216.35,Chain Pharmacy,EGP,10.355297610665792,-39.09132687668172
2025-03-01,Egypt,Delta,P0008,Dermacare,Molecule H,Theta Pharma,D07AC01,Dermatology,Cream,0.05%,1,925,1977.0,89771.33,Independent Pharmacy,EGP,1.7150802001326226,-83.84192187169293
2025-03-01,Egypt,Upper Egypt,P0008,Dermacare,Molecule H,Theta Pharma,D07AC01,Dermatology,Cream,0.05%,1,2003,4064.0,179751.99,Independent Pharmacy,EGP,3.10888182067954,-59.60211025002566
2025-03-01,Egypt,Canal,P0008,Dermacare,Molecule H,Theta Pharma,D07AC01,Dermatology,Cream,0.05%,1,3091,5512.0,96442.76,Chain Pharmacy,EGP,1.9234277753685647,-64.74033668285675
2025-03-01,Egypt,Cairo,P0009,LipiControl,Molecule I,Iota Pharma,C10AA01,Cardiovascular,Tablet,20 mg,30,8812,15222.0,1902362.27,Hospital,EGP,24.271373158902037,124.39212078810709
2025-03-01,Egypt,Giza,P0009,LipiControl,Molecule I,Iota Pharma,C10AA01,Cardiovascular,Tablet,20 mg,30,6153,10864.0,1132994.81,Independent Pharmacy,EGP,18.070529036491454,478.5792388068406
2025-03-01,Egypt,Alexandria,P0009,LipiControl,Molecule I,Iota Pharma,C10AA01,Cardiovascular,Tablet,20 mg,30,8581,11490.0,339894.47,Independent Pharmacy,EGP,6.260416284708752,-62.84543269258097
2025-03-01,Egypt,Delta,P0009,LipiControl,Molecule I,Iota Pharma,C10AA01,Cardiovascular,Tablet,20 mg,30,6258,10174.0,412788.51,Independent Pharmacy,EGP,7.886319611653822,48.16375738241623
2025-03-01,Egypt,Upper Egypt,P0009,LipiControl,Molecule I,Iota Pharma,C10AA01,Cardiovascular,Tablet,20 mg,30,1654,2677.0,346068.07,Chain Pharmacy,EGP,5.9853842593934825,-47.236685318946236
2025-03-01,Egypt,Canal,P0009,LipiControl,Molecule I,Iota Pharma,C10AA01,Cardiovascular,Tablet,20 mg,30,1386,2179.0,185582.82,Independent Pharmacy,EGP,3.7012125183811078,-83.42392203606022
2025-03-01,Egypt,Cairo,P0010,GastroEase,Molecule J,Kappa Pharma,A02BC02,Gastrointestinal,Capsule,40 mg,14,5161,7104.0,547704.57,Hospital,EGP,6.987912980058199,-45.83373036307387
2025-03-01,Egypt,Giza,P0010,GastroEase,Molecule J,Kappa Pharma,A02BC02,Gastrointestinal,Capsule,40 mg,14,5622,8523.0,1112553.7,Hospital,EGP,17.744506650040172,165.70082332471716
2025-03-01,Egypt,Alexandria,P0010,GastroEase,Molecule J,Kappa Pharma,A02BC02,Gastrointestinal,Capsule,40 mg,14,3859,6563.0,450957.82,Independent Pharmacy,EGP,8.306059466177128,-63.099725437915076
2025-03-01,Egypt,Delta,P0010,GastroEase,Molecule J,Kappa Pharma,A02BC02,Gastrointestinal,Capsule,40 mg,14,5633,9716.0,1236086.88,Independent Pharmacy,EGP,23.615425253605007,1474.20542599131
2025-03-01,Egypt,Upper Egypt,P0010,GastroEase,Molecule J,Kappa Pharma,A02BC02,Gastrointestinal,Capsule,40 mg,14,4949,6447.0,953556.62,Hospital,EGP,16.492139201945015,95.08152870106963
2025-03-01,Egypt,Canal,P0010,GastroEase,Molecule J,Kappa Pharma,A02BC02,Gastrointestinal,Capsule,40 mg,14,949,1662.0,121561.95,Independent Pharmacy,EGP,2.424397964740585,-70.45856653198345
2025-04-01,Egypt,Cairo,P0001,CardioSafe,Molecule A,Alpha Pharma,C09AA05,Cardiology,Tablet,20 mg,28,2836,5554.0,390032.18,Hospital,EGP,10.512290316921343,-67.23187384687242
2025-04-01,Egypt,Giza,P0001,CardioSafe,Molecule A,Alpha Pharma,C09AA05,Cardiology,Tablet,20 mg,28,4168,7894.0,798946.48,Independent Pharmacy,EGP,12.445126865928312,280.052536387949
2025-04-01,Egypt,Alexandria,P0001,CardioSafe,Molecule A,Alpha Pharma,C09AA05,Cardiology,Tablet,20 mg,28,5949,9706.0,488567.56,Hospital,EGP,6.99595599018954,115.68782363599297
2025-04-01,Egypt,Delta,P0001,CardioSafe,Molecule A,Alpha Pharma,C09AA05,Cardiology,Tablet,20 mg,28,7256,12307.0,1581366.36,Hospital,EGP,21.137568215938526,40.465018563201504
2025-04-01,Egypt,Upper Egypt,P0001,CardioSafe,Molecule A,Alpha Pharma,C09AA05,Cardiology,Tablet,20 mg,28,1542,2505.0,111172.76,Chain Pharmacy,EGP,2.032683919529744,-33.27713715670193
2025-04-01,Egypt,Canal,P0001,CardioSafe,Molecule A,Alpha Pharma,C09AA05,Cardiology,Tablet,20 mg,28,7349,12219.0,793880.2,Independent Pharmacy,EGP,10.170921845012751,38.036490706003725
2025-04-01,Egypt,Cairo,P0002,GlucoMax,Molecule B,Beta Pharma,A10BA02,Diabetes,Tablet,500 mg,30,6141,9038.0,799991.34,Hospital,EGP,21.561659904838955,45.32504787513041
2025-04-01,Egypt,Giza,P0002,GlucoMax,Molecule B,Beta Pharma,A10BA02,Diabetes,Tablet,500 mg,30,3494,4895.0,409587.92,Independent Pharmacy,EGP,6.380119012667403,85.10177779774266
2025-04-01,Egypt,Alexandria,P0002,GlucoMax,Molecule B,Beta Pharma,A10BA02,Diabetes,Tablet,500 mg,30,8906,17326.0,1372575.84,Independent Pharmacy,EGP,19.654354803739814,1013.8286541725126
2025-04-01,Egypt,Delta,P0002,GlucoMax,Molecule B,Beta Pharma,A10BA02,Diabetes,Tablet,500 mg,30,7712,12752.0,1157654.68,Independent Pharmacy,EGP,15.473963142228778,29.944572771495224
2025-04-01,Egypt,Upper Egypt,P0002,GlucoMax,Molecule B,Beta Pharma,A10BA02,Diabetes,Tablet,500 mg,30,2182,3191.0,338452.71,Chain Pharmacy,EGP,6.1882729288925065,206.87747304359814
2025-04-01,Egypt,Canal,P0002,GlucoMax,Molecule B,Beta Pharma,A10BA02,Diabetes,Tablet,500 mg,30,6799,10189.0,1299127.67,Chain Pharmacy,EGP,16.643979782168035,355.62727151187596
2025-04-01,Egypt,Cairo,P0003,Respira,Molecule C,Gamma Pharma,R03AC02,Respiratory,Inhaler,100 mcg,1,3993,5944.0,168724.9,Chain Pharmacy,EGP,4.547535366167791,-17.76289799966203
2025-04-01,Egypt,Giza,P0003,Respira,Molecule C,Gamma Pharma,R03AC02,Respiratory,Inhaler,100 mcg,1,4253,7091.0,540907.74,Chain Pharmacy,EGP,8.425677583638102,3.9476819912132033
2025-04-01,Egypt,Alexandria,P0003,Respira,Molecule C,Gamma Pharma,R03AC02,Respiratory,Inhaler,100 mcg,1,4084,7364.0,333862.9,Independent Pharmacy,EGP,4.780690218476748,43.584835704825096
2025-04-01,Egypt,Delta,P0003,Respira,Molecule C,Gamma Pharma,R03AC02,Respiratory,Inhaler,100 mcg,1,7233,12764.0,459247.09,Hospital,EGP,6.138594406957196,-16.49532750894628
2025-04-01,Egypt,Upper Egypt,P0003,Respira,Molecule C,Gamma Pharma,R03AC02,Respiratory,Inhaler,100 mcg,1,6561,12798.0,1272590.67,Hospital,EGP,23.268061268359105,50.819790858845714
2025-04-01,Egypt,Canal,P0003,Respira,Molecule C,Gamma Pharma,R03AC02,Respiratory,Inhaler,100 mcg,1,4793,6939.0,157344.61,Independent Pharmacy,EGP,2.0158453769775484,-81.01987956770405
2025-04-01,Egypt,Cairo,P0004,PainFree,Molecule D,Delta Pharma,N02BE01,Pain,Tablet,500 mg,20,5059,10079.0,501598.14,Hospital,EGP,13.519256975431503,-49.41054901679098
2025-04-01,Egypt,Giza,P0004,PainFree,Molecule D,Delta Pharma,N02BE01,Pain,Tablet,500 mg,20,3642,6561.0,372125.66,Chain Pharmacy,EGP,5.796572317043445,31.378040846821186
2025-04-01,Egypt,Alexandria,P0004,PainFree,Molecule D,Delta Pharma,N02BE01,Pain,Tablet,500 mg,20,6042,11527.0,791143.27,Hospital,EGP,11.328634874682717,-39.18120157858239
2025-04-01,Egypt,Delta,P0004,PainFree,Molecule D,Delta Pharma,N02BE01,Pain,Tablet,500 mg,20,7844,10437.0,1667787.83,Independent Pharmacy,EGP,22.292733624570772,2087.839456696126
2025-04-01,Egypt,Upper Egypt,P0004,PainFree,Molecule D,Delta Pharma,N02BE01,Pain,Tablet,500 mg,20,4476,6904.0,566583.52,Independent Pharmacy,EGP,10.359419071493402,-32.312139997571
2025-04-01,Egypt,Canal,P0004,PainFree,Molecule D,Delta Pharma,N02BE01,Pain,Tablet,500 mg,20,8346,14973.0,1739370.56,Hospital,EGP,22.284221253126184,70.69184221282865
2025-04-01,Egypt,Cairo,P0005,Infecto,Molecule E,Epsilon Pharma,J01CA04,Anti-infective,Capsule,500 mg,14,8764,11436.0,308885.09,Independent Pharmacy,EGP,8.325184195438382,-4.465221589836066
2025-04-01,Egypt,Giza,P0005,Infecto,Molecule E,Epsilon Pharma,J01CA04,Anti-infective,Capsule,500 mg,14,6057,9477.0,382005.41,Hospital,EGP,5.950468410500989,12.935335532190617
2025-04-01,Egypt,Alexandria,P0005,Infecto,Molecule E,Epsilon Pharma,J01CA04,Anti-infective,Capsule,500 mg,14,2028,4237.0,316148.26,Chain Pharmacy,EGP,4.527028592186923,-78.23169827275304
2025-04-01,Egypt,Delta,P0005,Infecto,Molecule E,Epsilon Pharma,J01CA04,Anti-infective,Capsule,500 mg,14,5879,9088.0,587684.5,Independent Pharmacy,EGP,7.855372115162311,6.4321735796069035
2025-04-01,Egypt,Upper Egypt,P0005,Infecto,Molecule E,Epsilon Pharma,J01CA04,Anti-infective,Capsule,500 mg,14,7680,13139.0,1149007.93,Chain Pharmacy,EGP,21.008473143269605,14.24075106700522
2025-04-01,Egypt,Canal,P0005,Infecto,Molecule E,Epsilon Pharma,J01CA04,Anti-infective,Capsule,500 mg,14,8551,12945.0,1470868.46,Hospital,EGP,18.84426409797633,2030.8299709277226
2025-04-01,Egypt,Cairo,P0006,NeuroCalm,Molecule F,Zeta Pharma,N06AB10,CNS,Tablet,20 mg,28,1744,3828.0,132507.84,Hospital,EGP,3.5713998864097896,-44.03788035466144
2025-04-01,Egypt,Giza,P0006,NeuroCalm,Molecule F,Zeta Pharma,N06AB10,CNS,Tablet,20 mg,28,3704,5111.0,197214.58,Hospital,EGP,3.071996096548004,-51.87301995728583
2025-04-01,Egypt,Alexandria,P0006,NeuroCalm,Molecule F,Zeta Pharma,N06AB10,CNS,Tablet,20 mg,28,5059,7274.0,781492.78,Chain Pharmacy,EGP,11.190446405264558,204.92471821028025
2025-04-01,Egypt,Delta,P0006,NeuroCalm,Molecule F,Zeta Pharma,N06AB10,CNS,Tablet,20 mg,28,5133,10994.0,299472.31,Hospital,EGP,4.002941090393303,93.25508370783866
2025-04-01,Egypt,Upper Egypt,P0006,NeuroCalm,Molecule F,Zeta Pharma,N06AB10,CNS,Tablet,20 mg,28,5463,10704.0,1154786.03,Independent Pharmacy,EGP,21.11411998477498,453.4537600276367
2025-04-01,Egypt,Canal,P0006,NeuroCalm,Molecule F,Zeta Pharma,N06AB10,CNS,Tablet,20 mg,28,844,1110.0,182509.06,Independent Pharmacy,EGP,2.3382437114148242,-69.58133815567692
2025-04-01,Egypt,Cairo,P0007,ArthroRelief,Molecule G,Eta Pharma,M01AE01,Musculoskeletal,Tablet,400 mg,30,2424,4642.0,399681.21,Chain Pharmacy,EGP,10.772354511205732,-65.03454289408232
2025-04-01,Egypt,Giza,P0007,ArthroRelief,Molecule G,Eta Pharma,M01AE01,Musculoskeletal,Tablet,400 mg,30,7076,10452.0,1547776.22,Chain Pharmacy,EGP,24.109589190463634,264.4042149110996
2025-04-01,Egypt,Alexandria,P0007,ArthroRelief,Molecule G,Eta Pharma,M01AE01,Musculoskeletal,Tablet,400 mg,30,5968,10592.0,795646.9,Hospital,EGP,11.393123800791722,64.22545686754775
2025-04-01,Egypt,Delta,P0007,ArthroRelief,Molecule G,Eta Pharma,M01AE01,Musculoskeletal,Tablet,400 mg,30,5957,9727.0,487447.92,Hospital,EGP,6.5155449877644696,234.85219281550926
2025-04-01,Egypt,Upper Egypt,P0007,ArthroRelief,Molecule G,Eta Pharma,M01AE01,Musculoskeletal,Tablet,400 mg,30,6063,12077.0,184641.37,Chain Pharmacy,EGP,3.3759847617252787,-83.66492533915951
2025-04-01,Egypt,Canal,P0007,ArthroRelief,Molecule G,Eta Pharma,M01AE01,Musculoskeletal,Tablet,400 mg,30,5556,9672.0,684846.48,Independent Pharmacy,EGP,8.774019082365436,-44.4677442090632
2025-04-01,Egypt,Cairo,P0008,Dermacare,Molecule H,Theta Pharma,D07AC01,Dermatology,Cream,0.05%,1,2925,4793.0,376145.08,Independent Pharmacy,EGP,10.1380001061492,-49.65942074934796
2025-04-01,Egypt,Giza,P0008,Dermacare,Molecule H,Theta Pharma,D07AC01,Dermatology,Cream,0.05%,1,6546,12517.0,455247.05,Hospital,EGP,7.091347711538337,-71.83603695004743
2025-04-01,Egypt,Alexandria,P0008,Dermacare,Molecule H,Theta Pharma,D07AC01,Dermatology,Cream,0.05%,1,5241,7960.0,1086696.9,Hospital,EGP,15.56076233771109,93.28802870994413
2025-04-01,Egypt,Delta,P0008,Dermacare,Molecule H,Theta Pharma,D07AC01,Dermatology,Cream,0.05%,1,2878,6152.0,170618.19,Independent Pharmacy,EGP,2.280593366109647,90.05866349534979
2025-04-01,Egypt,Upper Egypt,P0008,Dermacare,Molecule H,Theta Pharma,D07AC01,Dermatology,Cream,0.05%,1,4478,5896.0,318813.79,Chain Pharmacy,EGP,5.829194707924248,77.36314908113118
2025-04-01,Egypt,Canal,P0008,Dermacare,Molecule H,Theta Pharma,D07AC01,Dermatology,Cream,0.05%,1,1364,2699.0,158456.75,Independent Pharmacy,EGP,2.0300937346273713,64.30134309719051
2025-04-01,Egypt,Cairo,P0009,LipiControl,Molecule I,Iota Pharma,C10AA01,Cardiovascular,Tablet,20 mg,30,3743,5325.0,343746.03,Independent Pharmacy,EGP,9.26476903174798,-81.93056940726647
2025-04-01,Egypt,Giza,P0009,LipiControl,Molecule I,Iota Pharma,C10AA01,Cardiovascular,Tablet,20 mg,30,4653,10236.0,786415.6,Independent Pharmacy,EGP,12.249934327697561,-30.589655569560826
2025-04-01,Egypt,Alexandria,P0009,LipiControl,Molecule I,Iota Pharma,C10AA01,Cardiovascular,Tablet,20 mg,30,6975,10239.0,891152.53,Independent Pharmacy,EGP,12.760699626528751,162.18506291084998
2025-04-01,Egypt,Delta,P0009,LipiControl,Molecule I,Iota Pharma,C10AA01,Cardiovascular,Tablet,20 mg,30,3907,7165.0,778346.38,Hospital,EGP,10.403882439284223,88.55815051635037
2025-04-01,Egypt,Upper Egypt,P0009,LipiControl,Molecule I,Iota Pharma,C10AA01,Cardiovascular,Tablet,20 mg,30,5842,10149.0,213220.88,Independent Pharmacy,EGP,3.898532824803316,-38.38758947047614
2025-04-01,Egypt,Canal,P0009,LipiControl,Molecule I,Iota Pharma,C10AA01,Cardiovascular,Tablet,20 mg,30,4841,9539.0,962712.46,Chain Pharmacy,EGP,12.333943068336966,418.75085204546406
2025-04-01,Egypt,Cairo,P0010,GastroEase,Molecule J,Kappa Pharma,A02BC02,Gastrointestinal,Capsule,40 mg,14,2254,3945.0,288937.51,Independent Pharmacy,EGP,7.78754970568932,-47.24573687599503
2025-04-01,Egypt,Giza,P0010,GastroEase,Molecule J,Kappa Pharma,A02BC02,Gastrointestinal,Capsule,40 mg,14,4709,7566.0,929526.94,Independent Pharmacy,EGP,14.479168483974213,-16.451049508891124
2025-04-01,Egypt,Alexandria,P0010,GastroEase,Molecule J,Kappa Pharma,A02BC02,Gastrointestinal,Capsule,40 mg,14,3292,5505.0,126284.15,Hospital,EGP,1.8083033504281258,-71.99646077763991
2025-04-01,Egypt,Delta,P0010,GastroEase,Molecule J,Kappa Pharma,A02BC02,Gastrointestinal,Capsule,40 mg,14,2300,5051.0,291681.69,Independent Pharmacy,EGP,3.898806611590773,-76.40281644280537
2025-04-01,Egypt,Upper Egypt,P0010,GastroEase,Molecule J,Kappa Pharma,A02BC02,Gastrointestinal,Capsule,40 mg,14,1756,2891.0,159989.92,Independent Pharmacy,EGP,2.9252573892278124,-83.2217703024284
2025-04-01,Egypt,Canal,P0010,GastroEase,Molecule J,Kappa Pharma,A02BC02,Gastrointestinal,Capsule,40 mg,14,2137,3825.0,356274.57,Independent Pharmacy,EGP,4.564468047994553,193.08066380968717
2025-05-01,Egypt,Cairo,P0001,CardioSafe,Molecule A,Alpha Pharma,C09AA05,Cardiology,Tablet,20 mg,28,5190,8680.0,810972.93,Independent Pharmacy,EGP,15.974270071793228,107.9246204761874
2025-05-01,Egypt,Giza,P0001,CardioSafe,Molecule A,Alpha Pharma,C09AA05,Cardiology,Tablet,20 mg,28,4897,7425.0,616773.85,Chain Pharmacy,EGP,10.909085721877927,-22.801606185185275
2025-05-01,Egypt,Alexandria,P0001,CardioSafe,Molecule A,Alpha Pharma,C09AA05,Cardiology,Tablet,20 mg,28,8116,17455.0,1704514.44,Chain Pharmacy,EGP,24.34141736491979,248.879987038026
2025-05-01,Egypt,Delta,P0001,CardioSafe,Molecule A,Alpha Pharma,C09AA05,Cardiology,Tablet,20 mg,28,3329,6685.0,495227.55,Chain Pharmacy,EGP,7.591500192236535,-68.68356615351297
2025-05-01,Egypt,Upper Egypt,P0001,CardioSafe,Molecule A,Alpha Pharma,C09AA05,Cardiology,Tablet,20 mg,28,1816,2909.0,280918.94,Hospital,EGP,8.611563969439672,152.68684523079216
2025-05-01,Egypt,Canal,P0001,CardioSafe,Molecule A,Alpha Pharma,C09AA05,Cardiology,Tablet,20 mg,28,8006,15964.0,306803.12,Independent Pharmacy,EGP,5.8744339455025445,-61.35397759006964
2025-05-01,Egypt,Cairo,P0002,GlucoMax,Molecule B,Beta Pharma,A10BA02,Diabetes,Tablet,500 mg,30,8038,13119.0,999328.5,Chain Pharmacy,EGP,19.68443428739356,24.917414731014475
2025-05-01,Egypt,Giza,P0002,GlucoMax,Molecule B,Beta Pharma,A10BA02,Diabetes,Tablet,500 mg,30,5680,7610.0,1169148.38,Hospital,EGP,20.679119095296773,185.44503460941914
2025-05-01,Egypt,Alexandria,P0002,GlucoMax,Molecule B,Beta Pharma,A10BA02,Diabetes,Tablet,500 mg,30,6842,12849.0,1028301.56,Independent Pharmacy,EGP,14.684720094807826,-25.08235027654283
2025-05-01,Egypt,Delta,P0002,GlucoMax,Molecule B,Beta Pharma,A10BA02,Diabetes,Tablet,500 mg,30,7708,15493.0,1059294.38,Hospital,EGP,16.238259542315607,-8.496514694692902
2025-05-01,Egypt,Upper Egypt,P0002,GlucoMax,Molecule B,Beta Pharma,A10BA02,Diabetes,Tablet,500 mg,30,6429,12535.0,232443.89,Hospital,EGP,7.125562370555716,-31.32160472285773
2025-05-01,Egypt,Canal,P0002,GlucoMax,Molecule B,Beta Pharma,A10BA02,Diabetes,Tablet,500 mg,30,7178,9515.0,861459.79,Chain Pharmacy,EGP,16.494580084653293,-33.68936634226257
2025-05-01,Egypt,Cairo,P0003,Respira,Molecule C,Gamma Pharma,R03AC02,Respiratory,Inhaler,100 mcg,1,1195,1745.0,81920.91,Hospital,EGP,1.6136503358590115,-51.447053754365825
2025-05-01,Egypt,Giza,P0003,Respira,Molecule C,Gamma Pharma,R03AC02,Respiratory,Inhaler,100 mcg,1,4006,6141.0,125640.35,Hospital,EGP,2.222242963570433,-76.77231425825039
2025-05-01,Egypt,Alexandria,P0003,Respira,Molecule C,Gamma Pharma,R03AC02,Respiratory,Inhaler,100 mcg,1,3836,7369.0,193846.79,Chain Pharmacy,EGP,2.768240332560609,-41.93820577248925
2025-05-01,Egypt,Delta,P0003,Respira,Molecule C,Gamma Pharma,R03AC02,Respiratory,Inhaler,100 mcg,1,7099,9894.0,1452105.43,Hospital,EGP,22.259784721170533,216.19262519442418
2025-05-01,Egypt,Upper Egypt,P0003,Respira,Molecule C,Gamma Pharma,R03AC02,Respiratory,Inhaler,100 mcg,1,6590,9298.0,563418.49,Independent Pharmacy,EGP,17.27158150390325,-55.72665246712833
2025-05-01,Egypt,Canal,P0003,Respira,Molecule C,Gamma Pharma,R03AC02,Respiratory,Inhaler,100 mcg,1,1641,2463.0,93553.4,Hospital,EGP,1.791289699652265,-40.54235477147898
2025-05-01,Egypt,Cairo,P0004,PainFree,Molecule D,Delta Pharma,N02BE01,Pain,Tablet,500 mg,20,984,1364.0,81500.55,Independent Pharmacy,EGP,1.605370226968843,-83.75182372087744
2025-05-01,Egypt,Giza,P0004,PainFree,Molecule D,Delta Pharma,N02BE01,Pain,Tablet,500 mg,20,7106,11406.0,738956.41,Independent Pharmacy,EGP,13.070169595259548,98.57711774028162
2025-05-01,Egypt,Alexandria,P0004,PainFree,Molecule D,Delta Pharma,N02BE01,Pain,Tablet,500 mg,20,8597,12007.0,938166.68,Hospital,EGP,13.397543710888801,18.58366437219392
2025-05-01,Egypt,Delta,P0004,PainFree,Molecule D,Delta Pharma,N02BE01,Pain,Tablet,500 mg,20,4082,8820.0,333391.22,Chain Pharmacy,EGP,5.110659757761806,-80.0099740504762
2025-05-01,Egypt,Upper Egypt,P0004,PainFree,Molecule D,Delta Pharma,N02BE01,Pain,Tablet,500 mg,20,1854,2736.0,239951.32,Hospital,EGP,7.355702473216969,-57.649435338324
2025-05-01,Egypt,Canal,P0004,PainFree,Molecule D,Delta Pharma,N02BE01,Pain,Tablet,500 mg,20,3919,7718.0,424013.1,Hospital,EGP,8.118681935104718,-75.62261258463522
2025-05-01,Egypt,Cairo,P0005,Infecto,Molecule E,Epsilon Pharma,J01CA04,Anti-infective,Capsule,500 mg,14,3453,4694.0,111200.81,Chain Pharmacy,EGP,2.1903958879887213,-63.99929501291241
2025-05-01,Egypt,Giza,P0005,Infecto,Molecule E,Epsilon Pharma,J01CA04,Anti-infective,Capsule,500 mg,14,2060,3491.0,306044.92,Independent Pharmacy,EGP,5.413119033865123,-19.884663413536472
2025-05-01,Egypt,Alexandria,P0005,Infecto,Molecule E,Epsilon Pharma,J01CA04,Anti-infective,Capsule,500 mg,14,4241,6041.0,705483.88,Hospital,EGP,10.074703484062587,123.14969565228667
2025-05-01,Egypt,Delta,P0005,Infecto,Molecule E,Epsilon Pharma,J01CA04,Anti-infective,Capsule,500 mg,14,2599,4007.0,260571.12,Chain Pharmacy,EGP,3.994377347486603,-55.66139314547176
2025-05-01,Egypt,Upper Egypt,P0005,Infecto,Molecule E,Epsilon Pharma,J01CA04,Anti-infective,Capsule,500 mg,14,7954,13772.0,366892.29,Chain Pharmacy,EGP,11.247075135728519,-68.06877651401415
2025-05-01,Egypt,Canal,P0005,Infecto,Molecule E,Epsilon Pharma,J01CA04,Anti-infective,Capsule,500 mg,14,7106,9731.0,1184704.77,Hospital,EGP,22.683830321825884,-19.45542363455125
2025-05-01,Egypt,Cairo,P0006,NeuroCalm,Molecule F,Zeta Pharma,N06AB10,CNS,Tablet,20 mg,28,6437,13321.0,372976.76,Chain Pharmacy,EGP,7.3467698789186535,181.4752395028098
2025-05-01,Egypt,Giza,P0006,NeuroCalm,Molecule F,Zeta Pharma,N06AB10,CNS,Tablet,20 mg,28,6852,10514.0,1349205.87,Chain Pharmacy,EGP,23.863856245349716,584.1308943791073
2025-05-01,Egypt,Alexandria,P0006,NeuroCalm,Molecule F,Zeta Pharma,N06AB10,CNS,Tablet,20 mg,28,5275,9625.0,1055279.37,Chain Pharmacy,EGP,15.069978275901036,35.03379647346199
2025-05-01,Egypt,Delta,P0006,NeuroCalm,Molecule F,Zeta Pharma,N06AB10,CNS,Tablet,20 mg,28,1729,2817.0,366919.19,Independent Pharmacy,EGP,5.624620644429563,22.521908619865382
2025-05-01,Egypt,Upper Egypt,P0006,NeuroCalm,Molecule F,Zeta Pharma,N06AB10,CNS,Tablet,20 mg,28,2317,3101.0,333282.3,Hospital,EGP,10.216761626439228,-71.1390429619243
2025-05-01,Egypt,Canal,P0006,NeuroCalm,Molecule F,Zeta Pharma,N06AB10,CNS,Tablet,20 mg,28,2702,3550.0,91469.19,Chain Pharmacy,EGP,1.7513828239544043,-49.88238392110507
2025-05-01,Egypt,Cairo,P0007,ArthroRelief,Molecule G,Eta Pharma,M01AE01,Musculoskeletal,Tablet,400 mg,30,1504,2963.0,132112.66,Independent Pharmacy,EGP,2.6023104257536613,-66.94549138299497
2025-05-01,Egypt,Giza,P0007,ArthroRelief,Molecule G,Eta Pharma,M01AE01,Musculoskeletal,Tablet,400 mg,30,1125,2251.0,218960.28,Hospital,EGP,3.872823830333263,-85.85323400303953
2025-05-01,Egypt,Alexandria,P0007,ArthroRelief,Molecule G,Eta Pharma,M01AE01,Musculoskeletal,Tablet,400 mg,30,1736,3360.0,351492.91,Independent Pharmacy,EGP,5.019514896641291,-55.82300264099565
2025-05-01,Egypt,Delta,P0007,ArthroRelief,Molecule G,Eta Pharma,M01AE01,Musculoskeletal,Tablet,400 mg,30,2821,6199.0,431587.13,Hospital,EGP,6.615936008329533,-11.45984785410511
2025-05-01,Egypt,Upper Egypt,P0007,ArthroRelief,Molecule G,Eta Pharma,M01AE01,Musculoskeletal,Tablet,400 mg,30,2987,4852.0,109462.95,Hospital,EGP,3.3555843411931443,-40.715913232229596
2025-05-01,Egypt,Canal,P0007,ArthroRelief,Molecule G,Eta Pharma,M01AE01,Musculoskeletal,Tablet,400 mg,30,3850,5699.0,594735.91,Hospital,EGP,11.387553093701742,-13.15777661586286
2025-05-01,Egypt,Cairo,P0008,Dermacare,Molecule H,Theta Pharma,D07AC01,Dermatology,Cream,0.05%,1,3462,6560.0,319136.74,Chain Pharmacy,EGP,6.286247402353684,-15.155944615838123
2025-05-01,Egypt,Giza,P0008,Dermacare,Molecule H,Theta Pharma,D07AC01,Dermatology,Cream,0.05%,1,3674,6450.0,274816.98,Hospital,EGP,4.860779996829652,-39.63344078780962
2025-05-01,Egypt,Alexandria,P0008,Dermacare,Molecule H,Theta Pharma,D07AC01,Dermatology,Cream,0.05%,1,817,1668.0,138529.82,Chain Pharmacy,EGP,1.978283132706821,-87.252211725275
2025-05-01,Egypt,Delta,P0008,Dermacare,Molecule H,Theta Pharma,D07AC01,Dermatology,Cream,0.05%,1,7149,11813.0,695012.58,Chain Pharmacy,EGP,10.654068285734123,307.34963839435875
2025-05-01,Egypt,Upper Egypt,P0008,Dermacare,Molecule H,Theta Pharma,D07AC01,Dermatology,Cream,0.05%,1,2502,3862.0,410594.12,Hospital,EGP,12.586753779776435,28.788067793428883
2025-05-01,Egypt,Canal,P0008,Dermacare,Molecule H,Theta Pharma,D07AC01,Dermatology,Cream,0.05%,1,7820,13667.0,1305292.02,Hospital,EGP,24.992743721385843,723.7528663184119
2025-05-01,Egypt,Cairo,P0009,LipiControl,Molecule I,Iota Pharma,C10AA01,Cardiovascular,Tablet,20 mg,30,2383,5171.0,515362.22,Hospital,EGP,10.151430439335277,49.92528640985321
2025-05-01,Egypt,Giza,P0009,LipiControl,Molecule I,Iota Pharma,C10AA01,Cardiovascular,Tablet,20 mg,30,3272,5160.0,247034.56,Independent Pharmacy,EGP,4.3693830263821924,-68.58727624426575
2025-05-01,Egypt,Alexandria,P0009,LipiControl,Molecule I,Iota Pharma,C10AA01,Cardiovascular,Tablet,20 mg,30,6962,10397.0,407625.62,Hospital,EGP,5.821121318898416,-54.25860262103504
2025-05-01,Egypt,Delta,P0009,LipiControl,Molecule I,Iota Pharma,C10AA01,Cardiovascular,Tablet,20 mg,30,6042,10570.0,541430.06,Hospital,EGP,8.299753122726388,-30.43841740485771
2025-05-01,Egypt,Upper Egypt,P0009,LipiControl,Molecule I,Iota Pharma,C10AA01,Cardiovascular,Tablet,20 mg,30,3317,6525.0,278850.96,Chain Pharmacy,EGP,8.54817008771165,30.780325078857196
2025-05-01,Egypt,Canal,P0009,LipiControl,Molecule I,Iota Pharma,C10AA01,Cardiovascular,Tablet,20 mg,30,1439,2168.0,75743.88,Hospital,EGP,1.4502864893814356,-92.13224268438366
2025-05-01,Egypt,Cairo,P0010,GastroEase,Molecule J,Kappa Pharma,A02BC02,Gastrointestinal,Capsule,40 mg,14,8241,12928.0,1652232.75,Chain Pharmacy,EGP,32.545121043635355,471.83047988473356
2025-05-01,Egypt,Giza,P0010,GastroEase,Molecule J,Kappa Pharma,A02BC02,Gastrointestinal,Capsule,40 mg,14,3253,5824.0,607181.38,Independent Pharmacy,EGP,10.73942049123538,-34.67845267615374
2025-05-01,Egypt,Alexandria,P0010,GastroEase,Molecule J,Kappa Pharma,A02BC02,Gastrointestinal,Capsule,40 mg,14,5523,9209.0,479286.41,Independent Pharmacy,EGP,6.844477388612832,279.530138976269
2025-05-01,Egypt,Delta,P0010,GastroEase,Molecule J,Kappa Pharma,A02BC02,Gastrointestinal,Capsule,40 mg,14,6920,15119.0,887909.11,Independent Pharmacy,EGP,13.611040377809294,204.4103008317046
2025-05-01,Egypt,Upper Egypt,P0010,GastroEase,Molecule J,Kappa Pharma,A02BC02,Gastrointestinal,Capsule,40 mg,14,3196,5875.0,446297.65,Hospital,EGP,13.68124471203543,178.95360532713562
2025-05-01,Egypt,Canal,P0010,GastroEase,Molecule J,Kappa Pharma,A02BC02,Gastrointestinal,Capsule,40 mg,14,7638,15257.0,284908.79,Independent Pharmacy,EGP,5.455217884837859,-20.031118134533155
2025-06-01,Egypt,Cairo,P0001,CardioSafe,Molecule A,Alpha Pharma,C09AA05,Cardiology,Tablet,20 mg,28,7852,14963.0,449989.55,Independent Pharmacy,EGP,6.808105982764334,-44.5123834158065
2025-06-01,Egypt,Giza,P0001,CardioSafe,Molecule A,Alpha Pharma,C09AA05,Cardiology,Tablet,20 mg,28,6149,8300.0,1313925.29,Chain Pharmacy,EGP,18.790959479143453,113.03193869195329
2025-06-01,Egypt,Alexandria,P0001,CardioSafe,Molecule A,Alpha Pharma,C09AA05,Cardiology,Tablet,20 mg,28,3758,7949.0,692624.52,Hospital,EGP,14.676331038147453,-59.36528880330283
2025-06-01,Egypt,Delta,P0001,CardioSafe,Molecule A,Alpha Pharma,C09AA05,Cardiology,Tablet,20 mg,28,4224,7969.0,476675.2,Independent Pharmacy,EGP,9.952463043519403,-3.7462273655817335
2025-06-01,Egypt,Upper Egypt,P0001,CardioSafe,Molecule A,Alpha Pharma,C09AA05,Cardiology,Tablet,20 mg,28,1313,2046.0,221584.46,Independent Pharmacy,EGP,2.8972900126561743,-21.12156624256094
2025-06-01,Egypt,Canal,P0001,CardioSafe,Molecule A,Alpha Pharma,C09AA05,Cardiology,Tablet,20 mg,28,2150,3683.0,167867.28,Hospital,EGP,2.6988626774313316,-45.28501535447228
2025-06-01,Egypt,Cairo,P0002,GlucoMax,Molecule B,Beta Pharma,A10BA02,Diabetes,Tablet,500 mg,30,7937,15080.0,449669.1,Chain Pharmacy,EGP,6.803257742261468,-55.00287443017986
2025-06-01,Egypt,Giza,P0002,GlucoMax,Molecule B,Beta Pharma,A10BA02,Diabetes,Tablet,500 mg,30,4087,8252.0,192655.8,Hospital,EGP,2.755245947980775,-83.521698075654
2025-06-01,Egypt,Alexandria,P0002,GlucoMax,Molecule B,Beta Pharma,A10BA02,Diabetes,Tablet,500 mg,30,4059,5461.0,302933.69,Independent Pharmacy,EGP,6.418997579016605,-70.54038408732941
2025-06-01,Egypt,Delta,P0002,GlucoMax,Molecule B,Beta Pharma,A10BA02,Diabetes,Tablet,500 mg,30,6604,13106.0,653322.47,Chain Pharmacy,EGP,13.640667142271745,-38.32474878229789
2025-06-01,Egypt,Upper Egypt,P0002,GlucoMax,Molecule B,Beta Pharma,A10BA02,Diabetes,Tablet,500 mg,30,4292,8654.0,776939.78,Hospital,EGP,10.158744277596385,234.2483125712618
2025-06-01,Egypt,Canal,P0002,GlucoMax,Molecule B,Beta Pharma,A10BA02,Diabetes,Tablet,500 mg,30,7850,13143.0,1621638.65,Hospital,EGP,26.07166821768441,88.24310418481632
2025-06-01,Egypt,Cairo,P0003,Respira,Molecule C,Gamma Pharma,R03AC02,Respiratory,Inhaler,100 mcg,1,8793,13054.0,1084114.14,Hospital,EGP,16.40207858723255,1223.3668180687932
2025-06-01,Egypt,Giza,P0003,Respira,Molecule C,Gamma Pharma,R03AC02,Respiratory,Inhaler,100 mcg,1,7586,16305.0,572655.47,Hospital,EGP,8.1897698553925,355.7894577657575
2025-06-01,Egypt,Alexandria,P0003,Respira,Molecule C,Gamma Pharma,R03AC02,Respiratory,Inhaler,100 mcg,1,8159,13228.0,482297.95,Hospital,EGP,10.219627184466251,148.80368150537856
2025-06-01,Egypt,Delta,P0003,Respira,Molecule C,Gamma Pharma,R03AC02,Respiratory,Inhaler,100 mcg,1,5785,11613.0,178028.29,Independent Pharmacy,EGP,3.7170383039141845,-87.73998868663413
2025-06-01,Egypt,Upper Egypt,P0003,Respira,Molecule C,Gamma Pharma,R03AC02,Respiratory,Inhaler,100 mcg,1,8150,10719.0,402343.69,Hospital,EGP,5.2607766568658825,-28.58883811214644
2025-06-01,Egypt,Canal,P0003,Respira,Molecule C,Gamma Pharma,R03AC02,Respiratory,Inhaler,100 mcg,1,3857,5945.0,213021.1,Hospital,EGP,3.4248168928177516,127.70000876504758
2025-06-01,Egypt,Cairo,P0004,PainFree,Molecule D,Delta Pharma,N02BE01,Pain,Tablet,500 mg,20,3317,4450.0,558009.97,Hospital,EGP,8.442398307247682,584.6701893422804
2025-06-01,Egypt,Giza,P0004,PainFree,Molecule D,Delta Pharma,N02BE01,Pain,Tablet,500 mg,20,1660,2719.0,83428.84,Independent Pharmacy,EGP,1.1931484718069032,-88.70991050744117
2025-06-01,Egypt,Alexandria,P0004,PainFree,Molecule D,Delta Pharma,N02BE01,Pain,Tablet,500 mg,20,4241,7277.0,867901.59,Independent Pharmacy,EGP,18.390355344876504,-7.489616877035122
2025-06-01,Egypt,Delta,P0004,PainFree,Molecule D,Delta Pharma,N02BE01,Pain,Tablet,500 mg,20,1894,3721.0,312165.03,Hospital,EGP,6.517668476468097,-6.366751349960554
2025-06-01,Egypt,Upper Egypt,P0004,PainFree,Molecule D,Delta Pharma,N02BE01,Pain,Tablet,500 mg,20,8802,13075.0,1446905.28,Hospital,EGP,18.918764506335354,502.9995084002872
2025-06-01,Egypt,Canal,P0004,PainFree,Molecule D,Delta Pharma,N02BE01,Pain,Tablet,500 mg,20,3245,6872.0,177832.31,Hospital,EGP,2.8590740512409485,-58.05971324942555
2025-06-01,Egypt,Cairo,P0005,Infecto,Molecule E,Epsilon Pharma,J01CA04,Anti-infective,Capsule,500 mg,14,8366,14671.0,1330238.72,Independent Pharmacy,EGP,20.125814450883958,1096.2491280414233
2025-06-01,Egypt,Giza,P0005,Infecto,Molecule E,Epsilon Pharma,J01CA04,Anti-infective,Capsule,500 mg,14,4845,9022.0,636864.18,Independent Pharmacy,EGP,9.108043730627882,108.09500121746835
2025-06-01,Egypt,Alexandria,P0005,Infecto,Molecule E,Epsilon Pharma,J01CA04,Anti-infective,Capsule,500 mg,14,1280,2352.0,109720.77,Independent Pharmacy,EGP,2.324922516864459,-84.44744478073687
2025-06-01,Egypt,Delta,P0005,Infecto,Molecule E,Epsilon Pharma,J01CA04,Anti-infective,Capsule,500 mg,14,6955,13847.0,323756.02,Chain Pharmacy,EGP,6.7596758215382895,24.24861972424266
2025-06-01,Egypt,Upper Egypt,P0005,Infecto,Molecule E,Epsilon Pharma,J01CA04,Anti-infective,Capsule,500 mg,14,8988,13773.0,1600882.13,Chain Pharmacy,EGP,20.93206268476022,336.335724034975
2025-06-01,Egypt,Canal,P0005,Infecto,Molecule E,Epsilon Pharma,J01CA04,Anti-infective,Capsule,500 mg,14,2398,3740.0,476626.04,Independent Pharmacy,EGP,7.662888386872611,-59.76836997119543
2025-06-01,Egypt,Cairo,P0006,NeuroCalm,Molecule F,Zeta Pharma,N06AB10,CNS,Tablet,20 mg,28,802,1681.0,74259.01,Independent Pharmacy,EGP,1.1234998907311435,-80.09017773654315
2025-06-01,Egypt,Giza,P0006,NeuroCalm,Molecule F,Zeta Pharma,N06AB10,CNS,Tablet,20 mg,28,8839,12524.0,1599360.41,Chain Pharmacy,EGP,22.873078770602135,18.540872491163984
2025-06-01,Egypt,Alexandria,P0006,NeuroCalm,Molecule F,Zeta Pharma,N06AB10,CNS,Tablet,20 mg,28,5110,8505.0,289549.37,Hospital,EGP,6.135391230456353,-72.56182786933473
2025-06-01,Egypt,Delta,P0006,NeuroCalm,Molecule F,Zeta Pharma,N06AB10,CNS,Tablet,20 mg,28,4182,8000.0,312643.77,Chain Pharmacy,EGP,6.5276640503042325,-14.7921998846667
2025-06-01,Egypt,Upper Egypt,P0006,NeuroCalm,Molecule F,Zeta Pharma,N06AB10,CNS,Tablet,20 mg,28,4400,6222.0,171159.63,Chain Pharmacy,EGP,2.2379687030801985,-48.64424843443531
2025-06-01,Egypt,Canal,P0006,NeuroCalm,Molecule F,Zeta Pharma,N06AB10,CNS,Tablet,20 mg,28,7990,15957.0,1156136.99,Chain Pharmacy,EGP,18.58763049183141,1163.9632973682176
2025-06-01,Egypt,Cairo,P0007,ArthroRelief,Molecule G,Eta Pharma,M01AE01,Musculoskeletal,Tablet,400 mg,30,6134,13143.0,1177853.04,Independent Pharmacy,EGP,17.82029900125716,791.5519829817976
2025-06-01,Egypt,Giza,P0007,ArthroRelief,Molecule G,Eta Pharma,M01AE01,Musculoskeletal,Tablet,400 mg,30,3443,5243.0,626455.35,Hospital,EGP,8.959182981661483,186.10456197809023
2025-06-01,Egypt,Alexandria,P0007,ArthroRelief,Molecule G,Eta Pharma,M01AE01,Musculoskeletal,Tablet,400 mg,30,7367,15250.0,1447197.97,Hospital,EGP,30.66532568823146,311.7289222135377
2025-06-01,Egypt,Delta,P0007,ArthroRelief,Molecule G,Eta Pharma,M01AE01,Musculoskeletal,Tablet,400 mg,30,2768,3753.0,519065.72,Hospital,EGP,10.83753129061002,20.269045094092576
2025-06-01,Egypt,Upper Egypt,P0007,ArthroRelief,Molecule G,Eta Pharma,M01AE01,Musculoskeletal,Tablet,400 mg,30,4117,5546.0,675364.52,Hospital,EGP,8.83061419874991,516.9800101312819
2025-06-01,Egypt,Canal,P0007,ArthroRelief,Molecule G,Eta Pharma,M01AE01,Musculoskeletal,Tablet,400 mg,30,3019,5470.0,292416.02,Hospital,EGP,4.70127759656923,-50.83262754387909
2025-06-01,Egypt,Cairo,P0008,Dermacare,Molecule H,Theta Pharma,D07AC01,Dermatology,Cream,0.05%,1,5876,9535.0,534744.72,Hospital,EGP,8.090407271643615,67.55974883994867
2025-06-01,Egypt,Giza,P0008,Dermacare,Molecule H,Theta Pharma,D07AC01,Dermatology,Cream,0.05%,1,4929,7496.0,880312.79,Chain Pharmacy,EGP,12.589697520672367,220.326928125038
2025-06-01,Egypt,Alexandria,P0008,Dermacare,Molecule H,Theta Pharma,D07AC01,Dermatology,Cream,0.05%,1,2157,3777.0,98958.35,Independent Pharmacy,EGP,2.096872781213202,-28.565308176968685
2025-06-01,Egypt,Delta,P0008,Dermacare,Molecule H,Theta Pharma,D07AC01,Dermatology,Cream,0.05%,1,7898,14948.0,1330319.09,Independent Pharmacy,EGP,27.77562495240651,91.40935405802297
2025-06-01,Egypt,Upper Egypt,P0008,Dermacare,Molecule H,Theta Pharma,D07AC01,Dermatology,Cream,0.05%,1,4992,9421.0,931212.32,Hospital,EGP,12.175908700449416,126.79631164713219
2025-06-01,Egypt,Canal,P0008,Dermacare,Molecule H,Theta Pharma,D07AC01,Dermatology,Cream,0.05%,1,3298,4307.0,241166.05,Hospital,EGP,3.87731338357623,-81.52397729360209
2025-06-01,Egypt,Cairo,P0009,LipiControl,Molecule I,Iota Pharma,C10AA01,Cardiovascular,Tablet,20 mg,30,8023,15316.0,699830.06,Independent Pharmacy,EGP,10.588061919225288,35.793822837847934
2025-06-01,Egypt,Giza,P0009,LipiControl,Molecule I,Iota Pharma,C10AA01,Cardiovascular,Tablet,20 mg,30,4237,7767.0,754682.8,Independent Pharmacy,EGP,10.793013896860545,205.49685031924278
2025-06-01,Egypt,Alexandria,P0009,LipiControl,Molecule I,Iota Pharma,C10AA01,Cardiovascular,Tablet,20 mg,30,1102,2233.0,107113.72,Hospital,EGP,2.26968056725372,-73.722525095454
2025-06-01,Egypt,Delta,P0009,LipiControl,Molecule I,Iota Pharma,C10AA01,Cardiovascular,Tablet,20 mg,30,5009,10230.0,498763.66,Independent Pharmacy,EGP,10.413646217802972,-7.880316065199644
2025-06-01,Egypt,Upper Egypt,P0009,LipiControl,Molecule I,Iota Pharma,C10AA01,Cardiovascular,Tablet,20 mg,30,1581,2407.0,84120.66,Independent Pharmacy,EGP,1.0999054178981944,-69.83311084889219
2025-06-01,Egypt,Canal,P0009,LipiControl,Molecule I,Iota Pharma,C10AA01,Cardiovascular,Tablet,20 mg,30,5618,10640.0,375044.14,Independent Pharmacy,EGP,6.02971962037707,395.1477795961865
2025-06-01,Egypt,Cairo,P0010,GastroEase,Molecule J,Kappa Pharma,A02BC02,Gastrointestinal,Capsule,40 mg,14,1209,1628.0,250906.04,Hospital,EGP,3.7960768467527912,-84.81412258654237
2025-06-01,Egypt,Giza,P0010,GastroEase,Molecule J,Kappa Pharma,A02BC02,Gastrointestinal,Capsule,40 mg,14,3940,6623.0,331985.84,Independent Pharmacy,EGP,4.7478593452519675,-45.32344848914833
2025-06-01,Egypt,Alexandria,P0010,GastroEase,Molecule J,Kappa Pharma,A02BC02,Gastrointestinal,Capsule,40 mg,14,5938,7894.0,321032.25,Chain Pharmacy,EGP,6.802496069473996,-33.018703785070805
2025-06-01,Egypt,Delta,P0010,GastroEase,Molecule J,Kappa Pharma,A02BC02,Gastrointestinal,Capsule,40 mg,14,5413,11275.0,184780.67,Chain Pharmacy,EGP,3.858020701164554,-79.18923593429513
2025-06-01,Egypt,Upper Egypt,P0010,GastroEase,Molecule J,Kappa Pharma,A02BC02,Gastrointestinal,Capsule,40 mg,14,8446,13551.0,1337477.86,Chain Pharmacy,EGP,17.487964841608267,199.68292685386086
2025-06-01,Egypt,Canal,P0010,GastroEase,Molecule J,Kappa Pharma,A02BC02,Gastrointestinal,Capsule,40 mg,14,6884,9466.0,1498178.11,Chain Pharmacy,EGP,24.086748681599015,425.8448186172144
2025-07-01,Egypt,Cairo,P0001,CardioSafe,Molecule A,Alpha Pharma,C09AA05,Cardiology,Tablet,20 mg,28,1170,2118.0,119606.14,Chain Pharmacy,EGP,2.2552710833008476,-73.42024053669691
2025-07-01,Egypt,Giza,P0001,CardioSafe,Molecule A,Alpha Pharma,C09AA05,Cardiology,Tablet,20 mg,28,5249,9110.0,858165.71,Chain Pharmacy,EGP,8.13993575340264,-34.68687173225808
2025-07-01,Egypt,Alexandria,P0001,CardioSafe,Molecule A,Alpha Pharma,C09AA05,Cardiology,Tablet,20 mg,28,6391,12529.0,836505.73,Hospital,EGP,12.74184061071606,20.773334735536064
2025-07-01,Egypt,Delta,P0001,CardioSafe,Molecule A,Alpha Pharma,C09AA05,Cardiology,Tablet,20 mg,28,5351,8020.0,1109487.48,Chain Pharmacy,EGP,14.497103346760253,132.75544437805866
2025-07-01,Egypt,Upper Egypt,P0001,CardioSafe,Molecule A,Alpha Pharma,C09AA05,Cardiology,Tablet,20 mg,28,1533,3160.0,230784.95,Chain Pharmacy,EGP,3.7140784218128475,4.152136842087217
2025-07-01,Egypt,Canal,P0001,CardioSafe,Molecule A,Alpha Pharma,C09AA05,Cardiology,Tablet,20 mg,28,6771,11064.0,1477083.97,Chain Pharmacy,EGP,19.514170050434405,779.9117791150246
2025-07-01,Egypt,Cairo,P0002,GlucoMax,Molecule B,Beta Pharma,A10BA02,Diabetes,Tablet,500 mg,30,4519,7793.0,801557.92,Hospital,EGP,15.114026742830877,78.2550591090204
2025-07-01,Egypt,Giza,P0002,GlucoMax,Molecule B,Beta Pharma,A10BA02,Diabetes,Tablet,500 mg,30,4963,8747.0,975931.36,Hospital,EGP,9.256975054539133,406.5673392651558
2025-07-01,Egypt,Alexandria,P0002,GlucoMax,Molecule B,Beta Pharma,A10BA02,Diabetes,Tablet,500 mg,30,2629,3722.0,561176.41,Independent Pharmacy,EGP,8.547963408109407,85.24727639240126
2025-07-01,Egypt,Delta,P0002,GlucoMax,Molecule B,Beta Pharma,A10BA02,Diabetes,Tablet,500 mg,30,8850,15294.0,1525484.93,Hospital,EGP,19.93272847399353,133.49647380106182
2025-07-01,Egypt,Upper Egypt,P0002,GlucoMax,Molecule B,Beta Pharma,A10BA02,Diabetes,Tablet,500 mg,30,957,1871.0,198905.34,Independent Pharmacy,EGP,3.201032091899181,-74.39887297314085
2025-07-01,Egypt,Canal,P0002,GlucoMax,Molecule B,Beta Pharma,A10BA02,Diabetes,Tablet,500 mg,30,7612,16044.0,1059438.39,Chain Pharmacy,EGP,13.996537312918264,-34.668651983596966
2025-07-01,Egypt,Cairo,P0003,Respira,Molecule C,Gamma Pharma,R03AC02,Respiratory,Inhaler,100 mcg,1,4799,7569.0,230739.88,Hospital,EGP,4.350788171312171,-78.71627428455088
2025-07-01,Egypt,Giza,P0003,Respira,Molecule C,Gamma Pharma,R03AC02,Respiratory,Inhaler,100 mcg,1,8662,16197.0,740384.15,Independent Pharmacy,EGP,7.022745541578006,29.289632036519286
2025-07-01,Egypt,Alexandria,P0003,Respira,Molecule C,Gamma Pharma,R03AC02,Respiratory,Inhaler,100 mcg,1,7543,12798.0,923228.91,Independent Pharmacy,EGP,14.062827302360647,91.42293887004911
2025-07-01,Egypt,Delta,P0003,Respira,Molecule C,Gamma Pharma,R03AC02,Respiratory,Inhaler,100 mcg,1,8300,14743.0,1590112.21,Chain Pharmacy,EGP,20.777179965397487,793.1795109642404
2025-07-01,Egypt,Upper Egypt,P0003,Respira,Molecule C,Gamma Pharma,R03AC02,Respiratory,Inhaler,100 mcg,1,1840,2446.0,211983.81,Independent Pharmacy,EGP,3.4115070956519236,-47.31275392935825
2025-07-01,Egypt,Canal,P0003,Respira,Molecule C,Gamma Pharma,R03AC02,Respiratory,Inhaler,100 mcg,1,7213,14142.0,665262.39,Independent Pharmacy,EGP,8.788967770477132,212.29882391932065
2025-07-01,Egypt,Cairo,P0004,PainFree,Molecule D,Delta Pharma,N02BE01,Pain,Tablet,500 mg,20,5634,8184.0,363507.71,Chain Pharmacy,EGP,6.8542336281390766,-34.85641304939408
2025-07-01,Egypt,Giza,P0004,PainFree,Molecule D,Delta Pharma,N02BE01,Pain,Tablet,500 mg,20,8430,18101.0,1619616.01,Independent Pharmacy,EGP,15.36249947178888,1841.314310495028
2025-07-01,Egypt,Alexandria,P0004,PainFree,Molecule D,Delta Pharma,N02BE01,Pain,Tablet,500 mg,20,4176,6833.0,836062.78,Chain Pharmacy,EGP,12.735093498178628,-3.6684815844155727
2025-07-01,Egypt,Delta,P0004,PainFree,Molecule D,Delta Pharma,N02BE01,Pain,Tablet,500 mg,20,5494,9946.0,1025975.52,Hospital,EGP,13.405895436229793,228.66446315271122
2025-07-01,Egypt,Upper Egypt,P0004,PainFree,Molecule D,Delta Pharma,N02BE01,Pain,Tablet,500 mg,20,4003,7390.0,748126.19,Independent Pharmacy,EGP,12.039777026500463,-48.294736335470425
2025-07-01,Egypt,Canal,P0004,PainFree,Molecule D,Delta Pharma,N02BE01,Pain,Tablet,500 mg,20,4133,8140.0,368997.46,Hospital,EGP,4.874928798136214,107.49742271244185
2025-07-01,Egypt,Cairo,P0005,Infecto,Molecule E,Epsilon Pharma,J01CA04,Anti-infective,Capsule,500 mg,14,8544,17278.0,406767.35,Hospital,EGP,7.669929337121947,-69.42147722177265
2025-07-01,Egypt,Giza,P0005,Infecto,Molecule E,Epsilon Pharma,J01CA04,Anti-infective,Capsule,500 mg,14,8956,16203.0,796882.1,Hospital,EGP,7.558644002492919,25.125909891807694
2025-07-01,Egypt,Alexandria,P0005,Infecto,Molecule E,Epsilon Pharma,J01CA04,Anti-infective,Capsule,500 mg,14,8645,12660.0,1300679.94,Chain Pharmacy,EGP,19.81224501718085,1085.4455086306812
2025-07-01,Egypt,Delta,P0005,Infecto,Molecule E,Epsilon Pharma,J01CA04,Anti-infective,Capsule,500 mg,14,4473,7276.0,362491.02,Chain Pharmacy,EGP,4.736484073900986,11.964256293983343
2025-07-01,Egypt,Upper Egypt,P0005,Infecto,Molecule E,Epsilon Pharma,J01CA04,Anti-infective,Capsule,500 mg,14,8903,16901.0,1818742.88,Hospital,EGP,29.269472231329434,13.608793921636186
2025-07-01,Egypt,Canal,P0005,Infecto,Molecule E,Epsilon Pharma,J01CA04,Anti-infective,Capsule,500 mg,14,4675,8385.0,246993.08,Independent Pharmacy,EGP,3.2630947612277916,-48.17885317386352
2025-07-01,Egypt,Cairo,P0006,NeuroCalm,Molecule F,Zeta Pharma,N06AB10,CNS,Tablet,20 mg,28,3600,5156.0,701820.68,Chain Pharmacy,EGP,13.23339993470684,845.0983523750184
2025-07-01,Egypt,Giza,P0006,NeuroCalm,Molecule F,Zeta Pharma,N06AB10,CNS,Tablet,20 mg,28,5303,7732.0,532013.51,Independent Pharmacy,EGP,5.046293205239152,-66.7358584923332
2025-07-01,Egypt,Alexandria,P0006,NeuroCalm,Molecule F,Zeta Pharma,N06AB10,CNS,Tablet,20 mg,28,3841,7588.0,454347.26,Hospital,EGP,6.920718126862764,56.915299107713494
2025-07-01,Egypt,Delta,P0006,NeuroCalm,Molecule F,Zeta Pharma,N06AB10,CNS,Tablet,20 mg,28,6309,10767.0,919690.59,Chain Pharmacy,EGP,12.017124817192991,194.16565377266272
2025-07-01,Egypt,Upper Egypt,P0006,NeuroCalm,Molecule F,Zeta Pharma,N06AB10,CNS,Tablet,20 mg,28,5881,11251.0,426883.72,Hospital,EGP,6.869943698994225,149.4067789232776
2025-07-01,Egypt,Canal,P0006,NeuroCalm,Molecule F,Zeta Pharma,N06AB10,CNS,Tablet,20 mg,28,5292,11000.0,857430.53,Independent Pharmacy,EGP,11.327754893213077,-25.83659744335314
2025-07-01,Egypt,Cairo,P0007,ArthroRelief,Molecule G,Eta Pharma,M01AE01,Musculoskeletal,Tablet,400 mg,30,6569,13717.0,1122220.09,Independent Pharmacy,EGP,21.160372854405924,-4.723250533869649
2025-07-01,Egypt,Giza,P0007,ArthroRelief,Molecule G,Eta Pharma,M01AE01,Musculoskeletal,Tablet,400 mg,30,4138,7176.0,584301.0,Chain Pharmacy,EGP,5.5422543049977095,-6.7290270567567205
2025-07-01,Egypt,Alexandria,P0007,ArthroRelief,Molecule G,Eta Pharma,M01AE01,Musculoskeletal,Tablet,400 mg,30,2394,5223.0,237504.48,Independent Pharmacy,EGP,3.617720859474568,-83.58866686359434
2025-07-01,Egypt,Delta,P0007,ArthroRelief,Molecule G,Eta Pharma,M01AE01,Musculoskeletal,Tablet,400 mg,30,4215,6630.0,132975.48,Hospital,EGP,1.737522334316969,-74.38176422053068
2025-07-01,Egypt,Upper Egypt,P0007,ArthroRelief,Molecule G,Eta Pharma,M01AE01,Musculoskeletal,Tablet,400 mg,30,2836,6029.0,339646.96,Chain Pharmacy,EGP,5.466021268589357,-49.70909043311899
2025-07-01,Egypt,Canal,P0007,ArthroRelief,Molecule G,Eta Pharma,M01AE01,Musculoskeletal,Tablet,400 mg,30,7427,12805.0,1058699.79,Hospital,EGP,13.986779461440635,262.0525954768142
2025-07-01,Egypt,Cairo,P0008,Dermacare,Molecule H,Theta Pharma,D07AC01,Dermatology,Cream,0.05%,1,5273,10038.0,1149861.83,Independent Pharmacy,EGP,21.68158035189828,115.03004835653172
2025-07-01,Egypt,Giza,P0008,Dermacare,Molecule H,Theta Pharma,D07AC01,Dermatology,Cream,0.05%,1,8297,17094.0,1739090.67,Hospital,EGP,16.49574919876716,97.5537206496795
2025-07-01,Egypt,Alexandria,P0008,Dermacare,Molecule H,Theta Pharma,D07AC01,Dermatology,Cream,0.05%,1,8256,11875.0,1094060.73,Hospital,EGP,16.664975433107504,1005.5769725344046
2025-07-01,Egypt,Delta,P0008,Dermacare,Molecule H,Theta Pharma,D07AC01,Dermatology,Cream,0.05%,1,5500,9125.0,259450.02,Independent Pharmacy,EGP,3.3901002229056383,-80.49715876812684
2025-07-01,Egypt,Upper Egypt,P0008,Dermacare,Molecule H,Theta Pharma,D07AC01,Dermatology,Cream,0.05%,1,8992,13856.0,645935.77,Hospital,EGP,10.395201702858294,-30.63496303399422
2025-07-01,Egypt,Canal,P0008,Dermacare,Molecule H,Theta Pharma,D07AC01,Dermatology,Cream,0.05%,1,3900,6840.0,529833.37,Independent Pharmacy,EGP,6.999777054363896,119.69649956948749
2025-07-01,Egypt,Cairo,P0009,LipiControl,Molecule I,Iota Pharma,C10AA01,Cardiovascular,Tablet,20 mg,30,1655,2697.0,313951.61,Hospital,EGP,5.9198130429486735,-55.13887900156791
2025-07-01,Egypt,Giza,P0009,LipiControl,Molecule I,Iota Pharma,C10AA01,Cardiovascular,Tablet,20 mg,30,7730,12498.0,1556789.11,Hospital,EGP,14.766569194423857,106.28389967281619
2025-07-01,Egypt,Alexandria,P0009,LipiControl,Molecule I,Iota Pharma,C10AA01,Cardiovascular,Tablet,20 mg,30,943,1363.0,152738.31,Chain Pharmacy,EGP,2.3265437777337628,42.594534108235614
2025-07-01,Egypt,Delta,P0009,LipiControl,Molecule I,Iota Pharma,C10AA01,Cardiovascular,Tablet,20 mg,30,5484,11490.0,379841.15,Independent Pharmacy,EGP,4.963189315937359,-23.84345924480543
2025-07-01,Egypt,Upper Egypt,P0009,LipiControl,Molecule I,Iota Pharma,C10AA01,Cardiovascular,Tablet,20 mg,30,8995,16489.0,1186564.37,Independent Pharmacy,EGP,19.095669465053746,1310.550475947288
2025-07-01,Egypt,Canal,P0009,LipiControl,Molecule I,Iota Pharma,C10AA01,Cardiovascular,Tablet,20 mg,30,7208,10111.0,888256.88,Hospital,EGP,11.735010437347245,136.8406236129966
2025-07-01,Egypt,Cairo,P0010,GastroEase,Molecule J,Kappa Pharma,A02BC02,Gastrointestinal,Capsule,40 mg,14,2674,3885.0,93370.93,Independent Pharmacy,EGP,1.7605848533353519,-62.78649569376648
2025-07-01,Egypt,Giza,P0010,GastroEase,Molecule J,Kappa Pharma,A02BC02,Gastrointestinal,Capsule,40 mg,14,5648,9891.0,1139485.88,Hospital,EGP,10.808334272770546,243.23327766027606
2025-07-01,Egypt,Alexandria,P0010,GastroEase,Molecule J,Kappa Pharma,A02BC02,Gastrointestinal,Capsule,40 mg,14,2004,3720.0,168726.01,Hospital,EGP,2.570071966275813,-47.44266035577422
2025-07-01,Egypt,Delta,P0010,GastroEase,Molecule J,Kappa Pharma,A02BC02,Gastrointestinal,Capsule,40 mg,14,5579,11577.0,347658.26,Chain Pharmacy,EGP,4.542672013364988,88.14644410586885
2025-07-01,Egypt,Upper Egypt,P0010,GastroEase,Molecule J,Kappa Pharma,A02BC02,Gastrointestinal,Capsule,40 mg,14,3881,5983.0,406213.76,Chain Pharmacy,EGP,6.5372969973105395,-69.62837500726928
2025-07-01,Egypt,Canal,P0010,GastroEase,Molecule J,Kappa Pharma,A02BC02,Gastrointestinal,Capsule,40 mg,14,4651,7180.0,417293.36,Chain Pharmacy,EGP,5.512979460441333,-72.14661212744592
2025-08-01,Egypt,Cairo,P0001,CardioSafe,Molecule A,Alpha Pharma,C09AA05,Cardiology,Tablet,20 mg,28,5337,10730.0,989954.72,Chain Pharmacy,EGP,12.182491971115232,727.6788465876416
2025-08-01,Egypt,Giza,P0001,CardioSafe,Molecule A,Alpha Pharma,C09AA05,Cardiology,Tablet,20 mg,28,8303,14017.0,707467.05,Chain Pharmacy,EGP,8.086306241219079,-17.56055482571075
2025-08-01,Egypt,Alexandria,P0001,CardioSafe,Molecule A,Alpha Pharma,C09AA05,Cardiology,Tablet,20 mg,28,1820,3796.0,228626.73,Independent Pharmacy,EGP,3.3487949302676534,-72.6688387418458
2025-08-01,Egypt,Delta,P0001,CardioSafe,Molecule A,Alpha Pharma,C09AA05,Cardiology,Tablet,20 mg,28,2820,5814.0,265214.92,Independent Pharmacy,EGP,4.594938263755063,-76.09572665029081
2025-08-01,Egypt,Upper Egypt,P0001,CardioSafe,Molecule A,Alpha Pharma,C09AA05,Cardiology,Tablet,20 mg,28,7891,11969.0,1327028.63,Independent Pharmacy,EGP,26.37927436380203,475.00657213566126
2025-08-01,Egypt,Canal,P0001,CardioSafe,Molecule A,Alpha Pharma,C09AA05,Cardiology,Tablet,20 mg,28,2805,3989.0,435867.65,Independent Pharmacy,EGP,8.439043162663513,-70.49134247933108
2025-08-01,Egypt,Cairo,P0002,GlucoMax,Molecule B,Beta Pharma,A10BA02,Diabetes,Tablet,500 mg,30,3485,5616.0,533896.44,Chain Pharmacy,EGP,6.570188476607298,-33.39265614143019
2025-08-01,Egypt,Giza,P0002,GlucoMax,Molecule B,Beta Pharma,A10BA02,Diabetes,Tablet,500 mg,30,5823,8871.0,320449.83,Hospital,EGP,3.662722469303118,-67.16471637923388
2025-08-01,Egypt,Alexandria,P0002,GlucoMax,Molecule B,Beta Pharma,A10BA02,Diabetes,Tablet,500 mg,30,1785,3560.0,94289.36,Chain Pharmacy,EGP,1.381097174185108,-83.19791097419792
2025-08-01,Egypt,Delta,P0002,GlucoMax,Molecule B,Beta Pharma,A10BA02,Diabetes,Tablet,500 mg,30,7354,12634.0,525028.0,Independent Pharmacy,EGP,9.096287820997375,-65.58287861945644
2025-08-01,Egypt,Upper Egypt,P0002,GlucoMax,Molecule B,Beta Pharma,A10BA02,Diabetes,Tablet,500 mg,30,6251,10354.0,355480.05,Hospital,EGP,7.066392960796984,78.7182033423537
2025-08-01,Egypt,Canal,P0002,GlucoMax,Molecule B,Beta Pharma,A10BA02,Diabetes,Tablet,500 mg,30,2628,4745.0,388117.59,Hospital,EGP,7.514531289943038,-63.36572341880115
2025-08-01,Egypt,Cairo,P0003,Respira,Molecule C,Gamma Pharma,R03AC02,Respiratory,Inhaler,100 mcg,1,1339,2073.0,283186.83,Chain Pharmacy,EGP,3.4849283639968642,22.72990260721295
2025-08-01,Egypt,Giza,P0003,Respira,Molecule C,Gamma Pharma,R03AC02,Respiratory,Inhaler,100 mcg,1,2974,5327.0,428904.84,Chain Pharmacy,EGP,4.902356773479514,-42.06995922319514
2025-08-01,Egypt,Alexandria,P0003,Respira,Molecule C,Gamma Pharma,R03AC02,Respiratory,Inhaler,100 mcg,1,7099,14364.0,1509751.09,Chain Pharmacy,EGP,22.1139793940895,63.52944255179358
2025-08-01,Egypt,Delta,P0003,Respira,Molecule C,Gamma Pharma,R03AC02,Respiratory,Inhaler,100 mcg,1,3212,6105.0,548874.29,Independent Pharmacy,EGP,9.509432867172002,-65.48204041524843
2025-08-01,Egypt,Upper Egypt,P0003,Respira,Molecule C,Gamma Pharma,R03AC02,Respiratory,Inhaler,100 mcg,1,864,1609.0,102485.32,Chain Pharmacy,EGP,2.037249471054779,-51.65417585427867
2025-08-01,Egypt,Canal,P0003,Respira,Molecule C,Gamma Pharma,R03AC02,Respiratory,Inhaler,100 mcg,1,2018,2669.0,119105.0,Independent Pharmacy,EGP,2.306049177747047,-82.09653787883605
2025-08-01,Egypt,Cairo,P0004,PainFree,Molecule D,Delta Pharma,N02BE01,Pain,Tablet,500 mg,20,2591,4338.0,310559.96,Independent Pharmacy,EGP,3.821785120889032,-14.565784588172836
2025-08-01,Egypt,Giza,P0004,PainFree,Molecule D,Delta Pharma,N02BE01,Pain,Tablet,500 mg,20,5894,12957.0,395215.95,Hospital,EGP,4.517294767458537,-75.59816971678367
2025-08-01,Egypt,Alexandria,P0004,PainFree,Molecule D,Delta Pharma,N02BE01,Pain,Tablet,500 mg,20,7412,15334.0,1248553.48,Independent Pharmacy,EGP,18.288104649845778,49.337287805109554
2025-08-01,Egypt,Delta,P0004,PainFree,Molecule D,Delta Pharma,N02BE01,Pain,Tablet,500 mg,20,7552,11139.0,854808.08,Independent Pharmacy,EGP,14.809839336938504,-16.683384414474144
2025-08-01,Egypt,Upper Egypt,P0004,PainFree,Molecule D,Delta Pharma,N02BE01,Pain,Tablet,500 mg,20,6032,12606.0,547663.3,Independent Pharmacy,EGP,10.886698389985169,-26.795331145939414
2025-08-01,Egypt,Canal,P0004,PainFree,Molecule D,Delta Pharma,N02BE01,Pain,Tablet,500 mg,20,6191,9261.0,1087648.55,Chain Pharmacy,EGP,21.058486582471502,194.7577335627188
2025-08-01,Egypt,Cairo,P0005,Infecto,Molecule E,Epsilon Pharma,J01CA04,Anti-infective,Capsule,500 mg,14,6966,11596.0,1109873.91,Hospital,EGP,13.658230749710723,172.85226063497964
2025-08-01,Egypt,Giza,P0005,Infecto,Molecule E,Epsilon Pharma,J01CA04,Anti-infective,Capsule,500 mg,14,8823,18924.0,964299.19,Independent Pharmacy,EGP,11.021882303210448,21.00901626476488
2025-08-01,Egypt,Alexandria,P0005,Infecto,Molecule E,Epsilon Pharma,J01CA04,Anti-infective,Capsule,500 mg,14,3374,5392.0,487996.69,Hospital,EGP,7.147899291825569,-62.481416450537395
2025-08-01,Egypt,Delta,P0005,Infecto,Molecule E,Epsilon Pharma,J01CA04,Anti-infective,Capsule,500 mg,14,5338,8336.0,396260.36,Independent Pharmacy,EGP,6.865344870391741,9.315910777596637
2025-08-01,Egypt,Upper Egypt,P0005,Infecto,Molecule E,Epsilon Pharma,J01CA04,Anti-infective,Capsule,500 mg,14,1447,2142.0,313905.82,Hospital,EGP,6.239961642857891,-82.7405059037262
2025-08-01,Egypt,Canal,P0005,Infecto,Molecule E,Epsilon Pharma,J01CA04,Anti-infective,Capsule,500 mg,14,2988,4473.0,632741.38,Hospital,EGP,12.250810117757709,156.17777631664822
2025-08-01,Egypt,Cairo,P0006,NeuroCalm,Molecule F,Zeta Pharma,N06AB10,CNS,Tablet,20 mg,28,2093,3915.0,284730.4,Independent Pharmacy,EGP,3.5039237066645113,-59.429750630887646
2025-08-01,Egypt,Giza,P0006,NeuroCalm,Molecule F,Zeta Pharma,N06AB10,CNS,Tablet,20 mg,28,8102,14527.0,1343820.15,Hospital,EGP,15.359784269841198,152.5913580653243
2025-08-01,Egypt,Alexandria,P0006,NeuroCalm,Molecule F,Zeta Pharma,N06AB10,CNS,Tablet,20 mg,28,5756,9582.0,421985.36,Chain Pharmacy,EGP,6.18100269472065,-7.122723706972511
2025-08-01,Egypt,Delta,P0006,NeuroCalm,Molecule F,Zeta Pharma,N06AB10,CNS,Tablet,20 mg,28,7941,13355.0,517309.69,Chain Pharmacy,EGP,8.962565487613857,-43.75176873343892
2025-08-01,Egypt,Upper Egypt,P0006,NeuroCalm,Molecule F,Zeta Pharma,N06AB10,CNS,Tablet,20 mg,28,4508,6805.0,556857.43,Chain Pharmacy,EGP,11.069463457990118,30.447099270967758
2025-08-01,Egypt,Canal,P0006,NeuroCalm,Molecule F,Zeta Pharma,N06AB10,CNS,Tablet,20 mg,28,2474,4581.0,208994.84,Chain Pharmacy,EGP,4.046449594352677,-75.62544921277762
2025-08-01,Egypt,Cairo,P0007,ArthroRelief,Molecule G,Eta Pharma,M01AE01,Musculoskeletal,Tablet,400 mg,30,7439,11345.0,1110317.87,Independent Pharmacy,EGP,13.663694170437177,-1.0605958765183
2025-08-01,Egypt,Giza,P0007,ArthroRelief,Molecule G,Eta Pharma,M01AE01,Musculoskeletal,Tablet,400 mg,30,6045,11391.0,428405.5,Independent Pharmacy,EGP,4.896649347022706,-26.680683414883767
2025-08-01,Egypt,Alexandria,P0007,ArthroRelief,Molecule G,Eta Pharma,M01AE01,Musculoskeletal,Tablet,400 mg,30,8156,16523.0,1149825.7,Chain Pharmacy,EGP,16.841996011802536,384.12800465911204
2025-08-01,Egypt,Delta,P0007,ArthroRelief,Molecule G,Eta Pharma,M01AE01,Musculoskeletal,Tablet,400 mg,30,5127,8742.0,1097830.89,Independent Pharmacy,EGP,19.02029178295578,725.5889657251095
2025-08-01,Egypt,Upper Egypt,P0007,ArthroRelief,Molecule G,Eta Pharma,M01AE01,Musculoskeletal,Tablet,400 mg,30,4195,6175.0,223833.85,Hospital,EGP,4.449470348696328,-34.09808525888175
2025-08-01,Egypt,Canal,P0007,ArthroRelief,Molecule G,Eta Pharma,M01AE01,Musculoskeletal,Tablet,400 mg,30,4815,9207.0,366155.82,Hospital,EGP,7.0893189004516675,-65.41457517432775
2025-08-01,Egypt,Cairo,P0008,Dermacare,Molecule H,Theta Pharma,D07AC01,Dermatology,Cream,0.05%,1,8832,17847.0,1517330.18,Independent Pharmacy,EGP,18.672432548612754,31.95760920249
2025-08-01,Egypt,Giza,P0008,Dermacare,Molecule H,Theta Pharma,D07AC01,Dermatology,Cream,0.05%,1,8407,14178.0,696746.51,Chain Pharmacy,EGP,7.963771107588135,-59.936159625305784
2025-08-01,Egypt,Alexandria,P0008,Dermacare,Molecule H,Theta Pharma,D07AC01,Dermatology,Cream,0.05%,1,3181,4696.0,307394.17,Independent Pharmacy,EGP,4.502535806245548,-71.90337231096852
2025-08-01,Egypt,Delta,P0008,Dermacare,Molecule H,Theta Pharma,D07AC01,Dermatology,Cream,0.05%,1,6953,13671.0,1121021.94,Chain Pharmacy,EGP,19.42208457433289,332.0762588493922
2025-08-01,Egypt,Upper Egypt,P0008,Dermacare,Molecule H,Theta Pharma,D07AC01,Dermatology,Cream,0.05%,1,4441,7170.0,759892.17,Hospital,EGP,15.105479705690222,17.642063699305588
2025-08-01,Egypt,Canal,P0008,Dermacare,Molecule H,Theta Pharma,D07AC01,Dermatology,Cream,0.05%,1,6047,10754.0,519498.06,Independent Pharmacy,EGP,10.058251745134008,-1.9506717744108837
2025-08-01,Egypt,Cairo,P0009,LipiControl,Molecule I,Iota Pharma,C10AA01,Cardiovascular,Tablet,20 mg,30,6686,11891.0,1330833.85,Hospital,EGP,16.377388142069137,323.8977624609093
2025-08-01,Egypt,Giza,P0009,LipiControl,Molecule I,Iota Pharma,C10AA01,Cardiovascular,Tablet,20 mg,30,8904,18614.0,1942950.64,Chain Pharmacy,EGP,22.207810083328404,24.804999438877108
2025-08-01,Egypt,Alexandria,P0009,LipiControl,Molecule I,Iota Pharma,C10AA01,Cardiovascular,Tablet,20 mg,30,2981,4589.0,607216.53,Hospital,EGP,8.894164025521935,297.55352144461995
2025-08-01,Egypt,Delta,P0009,LipiControl,Molecule I,Iota Pharma,C10AA01,Cardiovascular,Tablet,20 mg,30,2903,5182.0,309832.87,Hospital,EGP,5.367959350597802,-18.43093619530165
2025-08-01,Egypt,Upper Egypt,P0009,LipiControl,Molecule I,Iota Pharma,C10AA01,Cardiovascular,Tablet,20 mg,30,5819,9284.0,717783.35,Independent Pharmacy,EGP,14.268421566322154,-39.50742427905535
2025-08-01,Egypt,Canal,P0009,LipiControl,Molecule I,Iota Pharma,C10AA01,Cardiovascular,Tablet,20 mg,30,4064,6213.0,556064.7,Hospital,EGP,10.766236045582959,-37.39821075182667
2025-08-01,Egypt,Cairo,P0010,GastroEase,Molecule J,Kappa Pharma,A02BC02,Gastrointestinal,Capsule,40 mg,14,4106,7667.0,655360.35,Hospital,EGP,8.064936749897274,601.8890676145135
2025-08-01,Egypt,Giza,P0010,GastroEase,Molecule J,Kappa Pharma,A02BC02,Gastrointestinal,Capsule,40 mg,14,8225,17927.0,1520692.32,Independent Pharmacy,EGP,17.381422637548873,33.454248682748066
2025-08-01,Egypt,Alexandria,P0010,GastroEase,Molecule J,Kappa Pharma,A02BC02,Gastrointestinal,Capsule,40 mg,14,4690,7322.0,771495.27,Chain Pharmacy,EGP,11.300426021495712,357.2473858654039
2025-08-01,Egypt,Delta,P0010,GastroEase,Molecule J,Kappa Pharma,A02BC02,Gastrointestinal,Capsule,40 mg,14,3191,6202.0,135711.96,Independent Pharmacy,EGP,2.351255645244983,-60.963976521081364
2025-08-01,Egypt,Upper Egypt,P0010,GastroEase,Molecule J,Kappa Pharma,A02BC02,Gastrointestinal,Capsule,40 mg,14,2528,4177.0,125642.99,Chain Pharmacy,EGP,2.4975880928043246,-69.06973559930614
2025-08-01,Egypt,Canal,P0010,GastroEase,Molecule J,Kappa Pharma,A02BC02,Gastrointestinal,Capsule,40 mg,14,5711,11225.0,850700.6,Hospital,EGP,16.470823383895887,103.86152322193674
2025-09-01,Egypt,Cairo,P0001,CardioSafe,Molecule A,Alpha Pharma,C09AA05,Cardiology,Tablet,20 mg,28,5485,8301.0,804224.11,Independent Pharmacy,EGP,8.733477333436507,-18.761525779684142
2025-09-01,Egypt,Giza,P0001,CardioSafe,Molecule A,Alpha Pharma,C09AA05,Cardiology,Tablet,20 mg,28,6611,9958.0,1211887.71,Independent Pharmacy,EGP,17.467664825001584,71.29952695323405
2025-09-01,Egypt,Alexandria,P0001,CardioSafe,Molecule A,Alpha Pharma,C09AA05,Cardiology,Tablet,20 mg,28,1707,3174.0,273885.76,Independent Pharmacy,EGP,6.348137259908191,19.79603609779137
2025-09-01,Egypt,Delta,P0001,CardioSafe,Molecule A,Alpha Pharma,C09AA05,Cardiology,Tablet,20 mg,28,8492,15433.0,1690023.0,Hospital,EGP,25.059383220371345,537.2277245940764
2025-09-01,Egypt,Upper Egypt,P0001,CardioSafe,Molecule A,Alpha Pharma,C09AA05,Cardiology,Tablet,20 mg,28,6618,12685.0,715479.57,Independent Pharmacy,EGP,16.608380149643203,-46.08408938396453
2025-09-01,Egypt,Canal,P0001,CardioSafe,Molecule A,Alpha Pharma,C09AA05,Cardiology,Tablet,20 mg,28,2353,3681.0,358922.58,Independent Pharmacy,EGP,6.877846461724105,-17.653310586367212
2025-09-01,Egypt,Cairo,P0002,GlucoMax,Molecule B,Beta Pharma,A10BA02,Diabetes,Tablet,500 mg,30,6871,11522.0,1438047.17,Independent Pharmacy,EGP,15.61648327554805,169.3494584829972
2025-09-01,Egypt,Giza,P0002,GlucoMax,Molecule B,Beta Pharma,A10BA02,Diabetes,Tablet,500 mg,30,5078,7879.0,176195.48,Hospital,EGP,2.539611189158994,-45.016204252628256
2025-09-01,Egypt,Alexandria,P0002,GlucoMax,Molecule B,Beta Pharma,A10BA02,Diabetes,Tablet,500 mg,30,1208,2044.0,228226.73,Chain Pharmacy,EGP,5.289850076250794,142.04929379094312
2025-09-01,Egypt,Delta,P0002,GlucoMax,Molecule B,Beta Pharma,A10BA02,Diabetes,Tablet,500 mg,30,5270,11345.0,162757.17,Independent Pharmacy,EGP,2.4133365610368185,-69.00028760370876
2025-09-01,Egypt,Upper Egypt,P0002,GlucoMax,Molecule B,Beta Pharma,A10BA02,Diabetes,Tablet,500 mg,30,2037,4384.0,263722.32,Chain Pharmacy,EGP,6.121768850095682,-25.812343055538555
2025-09-01,Egypt,Canal,P0002,GlucoMax,Molecule B,Beta Pharma,A10BA02,Diabetes,Tablet,500 mg,30,6200,10603.0,1070702.43,Hospital,EGP,20.517313008657467,175.8706272498497
2025-09-01,Egypt,Cairo,P0003,Respira,Molecule C,Gamma Pharma,R03AC02,Respiratory,Inhaler,100 mcg,1,6513,14059.0,782373.59,Chain Pharmacy,EGP,8.496191459050323,176.27470882032185
2025-09-01,Egypt,Giza,P0003,Respira,Molecule C,Gamma Pharma,R03AC02,Respiratory,Inhaler,100 mcg,1,1655,2275.0,80688.88,Hospital,EGP,1.1630172493000805,-81.18723024902214
2025-09-01,Egypt,Alexandria,P0003,Respira,Molecule C,Gamma Pharma,R03AC02,Respiratory,Inhaler,100 mcg,1,5725,9979.0,858004.39,Chain Pharmacy,EGP,19.88686683573399,-43.169149160872614
2025-09-01,Egypt,Delta,P0003,Respira,Molecule C,Gamma Pharma,R03AC02,Respiratory,Inhaler,100 mcg,1,3086,6316.0,533177.19,Independent Pharmacy,EGP,7.905863724085852,-2.859871611038678
2025-09-01,Egypt,Upper Egypt,P0003,Respira,Molecule C,Gamma Pharma,R03AC02,Respiratory,Inhaler,100 mcg,1,2579,5435.0,552623.76,Independent Pharmacy,EGP,12.828018954902081,439.22235887051914
2025-09-01,Egypt,Canal,P0003,Respira,Molecule C,Gamma Pharma,R03AC02,Respiratory,Inhaler,100 mcg,1,5003,6548.0,707532.82,Hospital,EGP,13.558082923037826,494.0412409218756
2025-09-01,Egypt,Cairo,P0004,PainFree,Molecule D,Delta Pharma,N02BE01,Pain,Tablet,500 mg,20,1146,2071.0,89596.37,Chain Pharmacy,EGP,0.9729724051088082,-71.15005746394351
2025-09-01,Egypt,Giza,P0004,PainFree,Molecule D,Delta Pharma,N02BE01,Pain,Tablet,500 mg,20,2394,4302.0,212995.01,Independent Pharmacy,EGP,3.0700248986581937,-46.10667661565785
2025-09-01,Egypt,Alexandria,P0004,PainFree,Molecule D,Delta Pharma,N02BE01,Pain,Tablet,500 mg,20,5155,10069.0,588478.92,Hospital,EGP,13.639792586232055,-52.86714350433751
2025-09-01,Egypt,Delta,P0004,PainFree,Molecule D,Delta Pharma,N02BE01,Pain,Tablet,500 mg,20,4881,7192.0,891742.8,Chain Pharmacy,EGP,13.222615644406593,4.320820177553775
2025-09-01,Egypt,Upper Egypt,P0004,PainFree,Molecule D,Delta Pharma,N02BE01,Pain,Tablet,500 mg,20,5441,9721.0,427602.4,Hospital,EGP,9.92590635690659,-21.922392827856097
2025-09-01,Egypt,Canal,P0004,PainFree,Molecule D,Delta Pharma,N02BE01,Pain,Tablet,500 mg,20,8272,16331.0,337111.36,Independent Pharmacy,EGP,6.459889412872828,-69.00548803195665
2025-09-01,Egypt,Cairo,P0005,Infecto,Molecule E,Epsilon Pharma,J01CA04,Anti-infective,Capsule,500 mg,14,4583,9797.0,863214.86,Independent Pharmacy,EGP,9.374087794626758,-22.224060569186634
2025-09-01,Egypt,Giza,P0005,Infecto,Molecule E,Epsilon Pharma,J01CA04,Anti-infective,Capsule,500 mg,14,4528,6725.0,477937.39,Hospital,EGP,6.888798415041328,-50.43681515484836
2025-09-01,Egypt,Alexandria,P0005,Infecto,Molecule E,Epsilon Pharma,J01CA04,Anti-infective,Capsule,500 mg,14,7225,10027.0,1077100.98,Hospital,EGP,24.965098089881078,120.71891102376125
2025-09-01,Egypt,Delta,P0005,Infecto,Molecule E,Epsilon Pharma,J01CA04,Anti-infective,Capsule,500 mg,14,935,1393.0,161125.22,Independent Pharmacy,EGP,2.3891382747138006,-59.33854700984978
2025-09-01,Egypt,Upper Egypt,P0005,Infecto,Molecule E,Epsilon Pharma,J01CA04,Anti-infective,Capsule,500 mg,14,8392,15831.0,805553.76,Chain Pharmacy,EGP,18.699266391428125,156.62275392026817
2025-09-01,Egypt,Canal,P0005,Infecto,Molecule E,Epsilon Pharma,J01CA04,Anti-infective,Capsule,500 mg,14,4435,7875.0,347723.78,Hospital,EGP,6.66324969003157,-45.04488073784585
2025-09-01,Egypt,Cairo,P0006,NeuroCalm,Molecule F,Zeta Pharma,N06AB10,CNS,Tablet,20 mg,28,4041,5333.0,321497.13,Independent Pharmacy,EGP,3.491300326248476,12.912822094163445
2025-09-01,Egypt,Giza,P0006,NeuroCalm,Molecule F,Zeta Pharma,N06AB10,CNS,Tablet,20 mg,28,6140,11757.0,686309.72,Chain Pharmacy,EGP,9.892193852762716,-48.92845445128948
2025-09-01,Egypt,Alexandria,P0006,NeuroCalm,Molecule F,Zeta Pharma,N06AB10,CNS,Tablet,20 mg,28,3469,7430.0,241991.39,Chain Pharmacy,EGP,5.608888024831867,-42.65407927895887
2025-09-01,Egypt,Delta,P0006,NeuroCalm,Molecule F,Zeta Pharma,N06AB10,CNS,Tablet,20 mg,28,4126,5999.0,489136.23,Chain Pharmacy,EGP,7.2528316091187515,-5.446149674868838
2025-09-01,Egypt,Upper Egypt,P0006,NeuroCalm,Molecule F,Zeta Pharma,N06AB10,CNS,Tablet,20 mg,28,6064,9981.0,442433.42,Independent Pharmacy,EGP,10.270177847659234,-20.548169753252655
2025-09-01,Egypt,Canal,P0006,NeuroCalm,Molecule F,Zeta Pharma,N06AB10,CNS,Tablet,20 mg,28,1522,3198.0,227484.09,Chain Pharmacy,EGP,4.3591591353907795,8.846749517834995
2025-09-01,Egypt,Cairo,P0007,ArthroRelief,Molecule G,Eta Pharma,M01AE01,Musculoskeletal,Tablet,400 mg,30,7817,14076.0,1491843.06,Hospital,EGP,16.20068011832493,34.36179857215122
2025-09-01,Egypt,Giza,P0007,ArthroRelief,Molecule G,Eta Pharma,M01AE01,Musculoskeletal,Tablet,400 mg,30,2569,3387.0,460247.21,Hospital,EGP,6.633819234722759,7.432609992168637
2025-09-01,Egypt,Alexandria,P0007,ArthroRelief,Molecule G,Eta Pharma,M01AE01,Musculoskeletal,Tablet,400 mg,30,1081,1496.0,74604.07,Chain Pharmacy,EGP,1.729176706769271,-93.51170616555187
2025-09-01,Egypt,Delta,P0007,ArthroRelief,Molecule G,Eta Pharma,M01AE01,Musculoskeletal,Tablet,400 mg,30,7126,14226.0,868105.21,Independent Pharmacy,EGP,12.872121345680467,-20.92541593541788
2025-09-01,Egypt,Upper Egypt,P0007,ArthroRelief,Molecule G,Eta Pharma,M01AE01,Musculoskeletal,Tablet,400 mg,30,1547,2114.0,222001.65,Independent Pharmacy,EGP,5.1533096843674215,-0.8185535833833968
2025-09-01,Egypt,Canal,P0007,ArthroRelief,Molecule G,Eta Pharma,M01AE01,Musculoskeletal,Tablet,400 mg,30,4659,7515.0,394805.01,Chain Pharmacy,EGP,7.565442779051265,7.824316434462242
2025-09-01,Egypt,Cairo,P0008,Dermacare,Molecule H,Theta Pharma,D07AC01,Dermatology,Cream,0.05%,1,6870,12240.0,1375927.65,Independent Pharmacy,EGP,14.94189591471407,-9.31916677489405
2025-09-01,Egypt,Giza,P0008,Dermacare,Molecule H,Theta Pharma,D07AC01,Dermatology,Cream,0.05%,1,8567,17005.0,1881387.41,Chain Pharmacy,EGP,27.117565771714798,170.0246621974468
2025-09-01,Egypt,Alexandria,P0008,Dermacare,Molecule H,Theta Pharma,D07AC01,Dermatology,Cream,0.05%,1,8893,12851.0,374042.2,Chain Pharmacy,EGP,8.66956802207618,21.681618099653633
2025-09-01,Egypt,Delta,P0008,Dermacare,Molecule H,Theta Pharma,D07AC01,Dermatology,Cream,0.05%,1,1699,2518.0,316445.59,Hospital,EGP,4.6922031878894614,-71.77168628831653
2025-09-01,Egypt,Upper Egypt,P0008,Dermacare,Molecule H,Theta Pharma,D07AC01,Dermatology,Cream,0.05%,1,866,1777.0,89294.2,Chain Pharmacy,EGP,2.0727803852711966,-88.24909592106997
2025-09-01,Egypt,Canal,P0008,Dermacare,Molecule H,Theta Pharma,D07AC01,Dermatology,Cream,0.05%,1,1562,2192.0,279029.47,Independent Pharmacy,EGP,5.3468964057826955,-46.28864061590529
2025-09-01,Egypt,Cairo,P0009,LipiControl,Molecule I,Iota Pharma,C10AA01,Cardiovascular,Tablet,20 mg,30,6936,12899.0,816246.51,Chain Pharmacy,EGP,8.8640346701141,-38.66653527034949
2025-09-01,Egypt,Giza,P0009,LipiControl,Molecule I,Iota Pharma,C10AA01,Cardiovascular,Tablet,20 mg,30,6256,9152.0,966192.1,Hospital,EGP,13.926306554725612,-50.27191735555361
2025-09-01,Egypt,Alexandria,P0009,LipiControl,Molecule I,Iota Pharma,C10AA01,Cardiovascular,Tablet,20 mg,30,4539,7162.0,520695.07,Chain Pharmacy,EGP,12.06869526519927,-14.248864404267781
2025-09-01,Egypt,Delta,P0009,LipiControl,Molecule I,Iota Pharma,C10AA01,Cardiovascular,Tablet,20 mg,30,2825,4357.0,518914.62,Hospital,EGP,7.694380680756045,67.48210736969259
2025-09-01,Egypt,Upper Egypt,P0009,LipiControl,Molecule I,Iota Pharma,C10AA01,Cardiovascular,Tablet,20 mg,30,8331,16007.0,598408.67,Independent Pharmacy,EGP,13.89082105615174,-16.631018259200346
2025-09-01,Egypt,Canal,P0009,LipiControl,Molecule I,Iota Pharma,C10AA01,Cardiovascular,Tablet,20 mg,30,5695,9542.0,932993.28,Hospital,EGP,17.878464290712408,67.78502213861086
2025-09-01,Egypt,Cairo,P0010,GastroEase,Molecule J,Kappa Pharma,A02BC02,Gastrointestinal,Capsule,40 mg,14,8676,15491.0,1225550.73,Hospital,EGP,13.308876702827979,87.00410087366438
2025-09-01,Egypt,Giza,P0010,GastroEase,Molecule J,Kappa Pharma,A02BC02,Gastrointestinal,Capsule,40 mg,14,3775,8265.0,784051.03,Independent Pharmacy,EGP,11.300998008913929,-48.44117908085443
2025-09-01,Egypt,Alexandria,P0010,GastroEase,Molecule J,Kappa Pharma,A02BC02,Gastrointestinal,Capsule,40 mg,14,2527,4417.0,77397.68,Independent Pharmacy,EGP,1.7939271331172928,-89.9678347995575
2025-09-01,Egypt,Delta,P0010,GastroEase,Molecule J,Kappa Pharma,A02BC02,Gastrointestinal,Capsule,40 mg,14,8892,13244.0,1112645.58,Independent Pharmacy,EGP,16.498125751940858,719.8581613588074
2025-09-01,Egypt,Upper Egypt,P0010,GastroEase,Molecule J,Kappa Pharma,A02BC02,Gastrointestinal,Capsule,40 mg,14,5157,8294.0,190823.37,Hospital,EGP,4.429570323574747,51.87745054459463
2025-09-01,Egypt,Canal,P0010,GastroEase,Molecule J,Kappa Pharma,A02BC02,Gastrointestinal,Capsule,40 mg,14,7488,14519.0,562226.62,Independent Pharmacy,EGP,10.773655892739049,-33.91016533901586
2025-10-01,Egypt,Cairo,P0001,CardioSafe,Molecule A,Alpha Pharma,C09AA05,Cardiology,Tablet,20 mg,28,8734,12036.0,1766337.35,Independent Pharmacy,EGP,22.90398276679728,119.6324790610916
2025-10-01,Egypt,Giza,P0001,CardioSafe,Molecule A,Alpha Pharma,C09AA05,Cardiology,Tablet,20 mg,28,8896,13350.0,994464.38,Chain Pharmacy,EGP,10.982483505193253,-17.9408808428299
2025-10-01,Egypt,Alexandria,P0001,CardioSafe,Molecule A,Alpha Pharma,C09AA05,Cardiology,Tablet,20 mg,28,6124,8543.0,444191.49,Hospital,EGP,6.045004297022978,62.181301430202126
2025-10-01,Egypt,Delta,P0001,CardioSafe,Molecule A,Alpha Pharma,C09AA05,Cardiology,Tablet,20 mg,28,2270,4681.0,416349.23,Independent Pharmacy,EGP,10.172234809916104,-75.36428616651962
2025-10-01,Egypt,Upper Egypt,P0001,CardioSafe,Molecule A,Alpha Pharma,C09AA05,Cardiology,Tablet,20 mg,28,4368,5967.0,466357.98,Chain Pharmacy,EGP,6.25792037412639,-34.818826483053876
2025-10-01,Egypt,Canal,P0001,CardioSafe,Molecule A,Alpha Pharma,C09AA05,Cardiology,Tablet,20 mg,28,5552,9001.0,812354.3,Independent Pharmacy,EGP,8.801879068960872,126.33134421356273
2025-10-01,Egypt,Cairo,P0002,GlucoMax,Molecule B,Beta Pharma,A10BA02,Diabetes,Tablet,500 mg,30,4100,6660.0,327435.67,Chain Pharmacy,EGP,4.24583726484339,-77.23053340454751
2025-10-01,Egypt,Giza,P0002,GlucoMax,Molecule B,Beta Pharma,A10BA02,Diabetes,Tablet,500 mg,30,6986,13385.0,1031011.4,Hospital,EGP,11.386094788197646,485.15201411523157
2025-10-01,Egypt,Alexandria,P0002,GlucoMax,Molecule B,Beta Pharma,A10BA02,Diabetes,Tablet,500 mg,30,3950,5605.0,250936.6,Independent Pharmacy,EGP,3.4149974941670687,9.950574150538817
2025-10-01,Egypt,Delta,P0002,GlucoMax,Molecule B,Beta Pharma,A10BA02,Diabetes,Tablet,500 mg,30,3627,7412.0,299414.41,Hospital,EGP,7.315285977573424,83.96388312723792
2025-10-01,Egypt,Upper Egypt,P0002,GlucoMax,Molecule B,Beta Pharma,A10BA02,Diabetes,Tablet,500 mg,30,4933,9051.0,879469.57,Hospital,EGP,11.80134312385343,233.4831765472107
2025-10-01,Egypt,Canal,P0002,GlucoMax,Molecule B,Beta Pharma,A10BA02,Diabetes,Tablet,500 mg,30,6512,8998.0,735892.64,Hospital,EGP,7.973415078886586,-31.270106485141714
2025-10-01,Egypt,Cairo,P0003,Respira,Molecule C,Gamma Pharma,R03AC02,Respiratory,Inhaler,100 mcg,1,8612,18849.0,1799313.32,Hospital,EGP,23.331580048029217,129.98134689081212
2025-10-01,Egypt,Giza,P0003,Respira,Molecule C,Gamma Pharma,R03AC02,Respiratory,Inhaler,100 mcg,1,5849,9720.0,1032018.22,Chain Pharmacy,EGP,11.397213722435087,1179.0092265501762
2025-10-01,Egypt,Alexandria,P0003,Respira,Molecule C,Gamma Pharma,R03AC02,Respiratory,Inhaler,100 mcg,1,6021,8762.0,916726.11,Chain Pharmacy,EGP,12.47573039758857,6.843988292414216
2025-10-01,Egypt,Delta,P0003,Respira,Molecule C,Gamma Pharma,R03AC02,Respiratory,Inhaler,100 mcg,1,3942,5949.0,691309.03,Independent Pharmacy,EGP,16.89004631850847,29.658403053589023
2025-10-01,Egypt,Upper Egypt,P0003,Respira,Molecule C,Gamma Pharma,R03AC02,Respiratory,Inhaler,100 mcg,1,8691,13436.0,1601031.78,Chain Pharmacy,EGP,21.483773893363722,189.71461161930497
2025-10-01,Egypt,Canal,P0003,Respira,Molecule C,Gamma Pharma,R03AC02,Respiratory,Inhaler,100 mcg,1,6003,8011.0,1231158.06,Chain Pharmacy,EGP,13.339628237206934,74.00720153165477
2025-10-01,Egypt,Cairo,P0004,PainFree,Molecule D,Delta Pharma,N02BE01,Pain,Tablet,500 mg,20,5908,9975.0,1249323.46,Chain Pharmacy,EGP,16.199896921160363,1294.3907102486405
2025-10-01,Egypt,Giza,P0004,PainFree,Molecule D,Delta Pharma,N02BE01,Pain,Tablet,500 mg,20,7297,10157.0,502711.06,Chain Pharmacy,EGP,5.551748293215102,136.0201114570712
2025-10-01,Egypt,Alexandria,P0004,PainFree,Molecule D,Delta Pharma,N02BE01,Pain,Tablet,500 mg,20,4631,9842.0,653252.42,Independent Pharmacy,EGP,8.890115580423794,11.006936323224625
2025-10-01,Egypt,Delta,P0004,PainFree,Molecule D,Delta Pharma,N02BE01,Pain,Tablet,500 mg,20,1357,1859.0,289650.3,Chain Pharmacy,EGP,7.0767294666610585,-67.51862756839753
2025-10-01,Egypt,Upper Egypt,P0004,PainFree,Molecule D,Delta Pharma,N02BE01,Pain,Tablet,500 mg,20,7229,13958.0,268953.9,Chain Pharmacy,EGP,3.6090131673328543,-37.10187314196553
2025-10-01,Egypt,Canal,P0004,PainFree,Molecule D,Delta Pharma,N02BE01,Pain,Tablet,500 mg,20,8438,12720.0,1089638.09,Independent Pharmacy,EGP,11.806255838263555,223.22793571833358
2025-10-01,Egypt,Cairo,P0005,Infecto,Molecule E,Epsilon Pharma,J01CA04,Anti-infective,Capsule,500 mg,14,1590,2448.0,120132.69,Chain Pharmacy,EGP,1.5577528615861518,-86.0831068176931
2025-10-01,Egypt,Giza,P0005,Infecto,Molecule E,Epsilon Pharma,J01CA04,Anti-infective,Capsule,500 mg,14,4436,9678.0,659261.46,Chain Pharmacy,EGP,7.2806309161718,37.938875215433534
2025-10-01,Egypt,Alexandria,P0005,Infecto,Molecule E,Epsilon Pharma,J01CA04,Anti-infective,Capsule,500 mg,14,8647,16371.0,1629365.94,Hospital,EGP,22.17404954949246,51.27327616023523
2025-10-01,Egypt,Delta,P0005,Infecto,Molecule E,Epsilon Pharma,J01CA04,Anti-infective,Capsule,500 mg,14,3217,6384.0,148490.68,Chain Pharmacy,EGP,3.6279208779709116,-7.8414415818951255
2025-10-01,Egypt,Upper Egypt,P0005,Infecto,Molecule E,Epsilon Pharma,J01CA04,Anti-infective,Capsule,500 mg,14,4072,5913.0,276636.92,Chain Pharmacy,EGP,3.712109349782269,-65.65878855807216
2025-10-01,Egypt,Canal,P0005,Infecto,Molecule E,Epsilon Pharma,J01CA04,Anti-infective,Capsule,500 mg,14,4269,8709.0,804879.23,Hospital,EGP,8.72088649937391,131.47086172823728
2025-10-01,Egypt,Cairo,P0006,NeuroCalm,Molecule F,Zeta Pharma,N06AB10,CNS,Tablet,20 mg,28,6077,11275.0,339071.79,Chain Pharmacy,EGP,4.396722084185734,5.466506030707019
2025-10-01,Egypt,Giza,P0006,NeuroCalm,Molecule F,Zeta Pharma,N06AB10,CNS,Tablet,20 mg,28,931,1879.0,30775.31,Hospital,EGP,0.3398707296506778,-95.51582775193683
2025-10-01,Egypt,Alexandria,P0006,NeuroCalm,Molecule F,Zeta Pharma,N06AB10,CNS,Tablet,20 mg,28,6336,9808.0,1047196.42,Independent Pharmacy,EGP,14.251301524770499,332.7411896762112
2025-10-01,Egypt,Delta,P0006,NeuroCalm,Molecule F,Zeta Pharma,N06AB10,CNS,Tablet,20 mg,28,6367,12375.0,827618.83,Chain Pharmacy,EGP,20.22036421652092,69.20006722871459
2025-10-01,Egypt,Upper Egypt,P0006,NeuroCalm,Molecule F,Zeta Pharma,N06AB10,CNS,Tablet,20 mg,28,5785,9046.0,1175150.97,Independent Pharmacy,EGP,15.76900474145932,165.61080535010214
2025-10-01,Egypt,Canal,P0006,NeuroCalm,Molecule F,Zeta Pharma,N06AB10,CNS,Tablet,20 mg,28,6473,14011.0,1131330.31,Independent Pharmacy,EGP,12.257992080142882,397.3228281591034
2025-10-01,Egypt,Cairo,P0007,ArthroRelief,Molecule G,Eta Pharma,M01AE01,Musculoskeletal,Tablet,400 mg,30,3101,4972.0,624453.46,Hospital,EGP,8.097247836890803,-58.14214800851774
2025-10-01,Egypt,Giza,P0007,ArthroRelief,Molecule G,Eta Pharma,M01AE01,Musculoskeletal,Tablet,400 mg,30,2649,4495.0,384530.2,Hospital,EGP,4.246604165700397,-16.451378379892844
2025-10-01,Egypt,Alexandria,P0007,ArthroRelief,Molecule G,Eta Pharma,M01AE01,Musculoskeletal,Tablet,400 mg,30,6563,12906.0,743559.97,Independent Pharmacy,EGP,10.119111497935894,896.6748060796145
2025-10-01,Egypt,Delta,P0007,ArthroRelief,Molecule G,Eta Pharma,M01AE01,Musculoskeletal,Tablet,400 mg,30,1458,2238.0,106095.84,Hospital,EGP,2.5921311223159686,-87.77845832764902
2025-10-01,Egypt,Upper Egypt,P0007,ArthroRelief,Molecule G,Eta Pharma,M01AE01,Musculoskeletal,Tablet,400 mg,30,1587,3024.0,249865.0,Chain Pharmacy,EGP,3.3528648406125496,12.550965274357196
2025-10-01,Egypt,Canal,P0007,ArthroRelief,Molecule G,Eta Pharma,M01AE01,Musculoskeletal,Tablet,400 mg,30,2182,4510.0,265185.19,Chain Pharmacy,EGP,2.8732881370350496,-32.83135135493848
2025-10-01,Egypt,Cairo,P0008,Dermacare,Molecule H,Theta Pharma,D07AC01,Dermatology,Cream,0.05%,1,4428,8308.0,725293.23,Hospital,EGP,9.404830646192664,-47.286964543520874
2025-10-01,Egypt,Giza,P0008,Dermacare,Molecule H,Theta Pharma,D07AC01,Dermatology,Cream,0.05%,1,7704,14144.0,1452404.63,Independent Pharmacy,EGP,16.03980013023826,-22.801405905017724
2025-10-01,Egypt,Alexandria,P0008,Dermacare,Molecule H,Theta Pharma,D07AC01,Dermatology,Cream,0.05%,1,6118,8535.0,595824.37,Chain Pharmacy,EGP,8.108576949371562,59.29335513479494
2025-10-01,Egypt,Delta,P0008,Dermacare,Molecule H,Theta Pharma,D07AC01,Dermatology,Cream,0.05%,1,8323,16315.0,686008.87,Hospital,EGP,16.76055293131012,116.78572610223448
2025-10-01,Egypt,Upper Egypt,P0008,Dermacare,Molecule H,Theta Pharma,D07AC01,Dermatology,Cream,0.05%,1,4517,7971.0,774005.76,Hospital,EGP,10.386155320415405,766.8040701411738
2025-10-01,Egypt,Canal,P0008,Dermacare,Molecule H,Theta Pharma,D07AC01,Dermatology,Cream,0.05%,1,6797,11701.0,879914.89,Chain Pharmacy,EGP,9.533899743939322,215.34837162540578
2025-10-01,Egypt,Cairo,P0009,LipiControl,Molecule I,Iota Pharma,C10AA01,Cardiovascular,Tablet,20 mg,30,6760,13656.0,485871.55,Chain Pharmacy,EGP,6.300265126634548,-40.47490016220713
2025-10-01,Egypt,Giza,P0009,LipiControl,Molecule I,Iota Pharma,C10AA01,Cardiovascular,Tablet,20 mg,30,8177,16016.0,1528105.51,Chain Pharmacy,EGP,16.875811638190523,58.157524782080095
2025-10-01,Egypt,Alexandria,P0009,LipiControl,Molecule I,Iota Pharma,C10AA01,Cardiovascular,Tablet,20 mg,30,4664,9766.0,273455.83,Independent Pharmacy,EGP,3.7214618123277985,-47.48253906072127
2025-10-01,Egypt,Delta,P0009,LipiControl,Molecule I,Iota Pharma,C10AA01,Cardiovascular,Tablet,20 mg,30,8302,13631.0,441325.28,Independent Pharmacy,EGP,10.782449088982275,-14.95223626576564
2025-10-01,Egypt,Upper Egypt,P0009,LipiControl,Molecule I,Iota Pharma,C10AA01,Cardiovascular,Tablet,20 mg,30,8789,12353.0,1588985.63,Independent Pharmacy,EGP,21.32213015454578,165.53519520363898
2025-10-01,Egypt,Canal,P0009,LipiControl,Molecule I,Iota Pharma,C10AA01,Cardiovascular,Tablet,20 mg,30,8185,16871.0,1134362.74,Chain Pharmacy,EGP,12.29084853470352,21.583162956972203
2025-10-01,Egypt,Cairo,P0010,GastroEase,Molecule J,Kappa Pharma,A02BC02,Gastrointestinal,Capsule,40 mg,14,5910,8228.0,274689.76,Independent Pharmacy,EGP,3.561884443679845,-77.58642271789108
2025-10-01,Egypt,Giza,P0010,GastroEase,Molecule J,Kappa Pharma,A02BC02,Gastrointestinal,Capsule,40 mg,14,7752,14197.0,1439722.37,Independent Pharmacy,EGP,15.89974211100727,83.62610530592633
2025-10-01,Egypt,Alexandria,P0010,GastroEase,Molecule J,Kappa Pharma,A02BC02,Gastrointestinal,Capsule,40 mg,14,6740,12599.0,793566.52,Chain Pharmacy,EGP,10.79965089689938,925.3104744224892
2025-10-01,Egypt,Delta,P0010,GastroEase,Molecule J,Kappa Pharma,A02BC02,Gastrointestinal,Capsule,40 mg,14,4930,9537.0,186734.18,Chain Pharmacy,EGP,4.5622851902407495,-83.21710135225631
2025-10-01,Egypt,Upper Egypt,P0010,GastroEase,Molecule J,Kappa Pharma,A02BC02,Gastrointestinal,Capsule,40 mg,14,4606,8194.0,171826.19,Chain Pharmacy,EGP,2.305685034508281,-9.955373914631105
2025-10-01,Egypt,Canal,P0010,GastroEase,Molecule J,Kappa Pharma,A02BC02,Gastrointestinal,Capsule,40 mg,14,7206,10755.0,1144612.67,Independent Pharmacy,EGP,12.401906781487359,103.58564132022066
2025-11-01,Egypt,Cairo,P0001,CardioSafe,Molecule A,Alpha Pharma,C09AA05,Cardiology,Tablet,20 mg,28,6479,13809.0,935501.98,Independent Pharmacy,EGP,13.761800305049407,-47.03718516737474
2025-11-01,Egypt,Giza,P0001,CardioSafe,Molecule A,Alpha Pharma,C09AA05,Cardiology,Tablet,20 mg,28,880,1271.0,185872.92,Chain Pharmacy,EGP,5.044768352067069,-81.30924307213498
2025-11-01,Egypt,Alexandria,P0001,CardioSafe,Molecule A,Alpha Pharma,C09AA05,Cardiology,Tablet,20 mg,28,5895,9521.0,426886.92,Chain Pharmacy,EGP,7.57635505411796,-3.8957455038141298
2025-11-01,Egypt,Delta,P0001,CardioSafe,Molecule A,Alpha Pharma,C09AA05,Cardiology,Tablet,20 mg,28,1409,2566.0,212119.64,Hospital,EGP,5.872284738146637,-49.052472127785606
2025-11-01,Egypt,Upper Egypt,P0001,CardioSafe,Molecule A,Alpha Pharma,C09AA05,Cardiology,Tablet,20 mg,28,8161,12771.0,709623.39,Chain Pharmacy,EGP,10.53827628096731,52.16280634889105
2025-11-01,Egypt,Canal,P0001,CardioSafe,Molecule A,Alpha Pharma,C09AA05,Cardiology,Tablet,20 mg,28,4180,7402.0,913007.97,Hospital,EGP,17.50388047385731,12.390365878533526
2025-11-01,Egypt,Cairo,P0002,GlucoMax,Molecule B,Beta Pharma,A10BA02,Diabetes,Tablet,500 mg,30,2183,3423.0,248662.21,Chain Pharmacy,EGP,3.657971603044881,-24.057690477033244
2025-11-01,Egypt,Giza,P0002,GlucoMax,Molecule B,Beta Pharma,A10BA02,Diabetes,Tablet,500 mg,30,1784,3378.0,354491.92,Hospital,EGP,9.621248856904446,-65.6170707714774
2025-11-01,Egypt,Alexandria,P0002,GlucoMax,Molecule B,Beta Pharma,A10BA02,Diabetes,Tablet,500 mg,30,5783,9551.0,1153463.65,Hospital,EGP,20.471580985472336,359.66337712394284
2025-11-01,Egypt,Delta,P0002,GlucoMax,Molecule B,Beta Pharma,A10BA02,Diabetes,Tablet,500 mg,30,2286,4367.0,81161.3,Independent Pharmacy,EGP,2.2468558937689154,-72.89332200143606
2025-11-01,Egypt,Upper Egypt,P0002,GlucoMax,Molecule B,Beta Pharma,A10BA02,Diabetes,Tablet,500 mg,30,6744,11138.0,695437.42,Chain Pharmacy,EGP,10.327607251056227,-20.92535731509163
2025-11-01,Egypt,Canal,P0002,GlucoMax,Molecule B,Beta Pharma,A10BA02,Diabetes,Tablet,500 mg,30,3847,7056.0,730715.99,Hospital,EGP,14.00904019413578,-0.7034517969903953
2025-11-01,Egypt,Cairo,P0003,Respira,Molecule C,Gamma Pharma,R03AC02,Respiratory,Inhaler,100 mcg,1,7855,12927.0,841185.76,Chain Pharmacy,EGP,12.374351627316939,-53.249623028411754
2025-11-01,Egypt,Giza,P0003,Respira,Molecule C,Gamma Pharma,R03AC02,Respiratory,Inhaler,100 mcg,1,2729,4806.0,543152.24,Chain Pharmacy,EGP,14.741669903858709,-47.369898178735646
2025-11-01,Egypt,Alexandria,P0003,Respira,Molecule C,Gamma Pharma,R03AC02,Respiratory,Inhaler,100 mcg,1,5505,10310.0,328636.6,Chain Pharmacy,EGP,5.832616200510763,-64.15105925149224
2025-11-01,Egypt,Delta,P0003,Respira,Molecule C,Gamma Pharma,R03AC02,Respiratory,Inhaler,100 mcg,1,2946,3901.0,218903.58,Chain Pharmacy,EGP,6.060090201735497,-68.33491673036588
2025-11-01,Egypt,Upper Egypt,P0003,Respira,Molecule C,Gamma Pharma,R03AC02,Respiratory,Inhaler,100 mcg,1,8286,18108.0,1134249.07,Chain Pharmacy,EGP,16.844188395608313,-29.155118332504305
2025-11-01,Egypt,Canal,P0003,Respira,Molecule C,Gamma Pharma,R03AC02,Respiratory,Inhaler,100 mcg,1,1850,2986.0,371406.86,Hospital,EGP,7.120486894118412,-69.83272318421893
2025-11-01,Egypt,Cairo,P0004,PainFree,Molecule D,Delta Pharma,N02BE01,Pain,Tablet,500 mg,20,4484,6375.0,705143.24,Chain Pharmacy,EGP,10.373083823227748,-43.557992579439755
2025-11-01,Egypt,Giza,P0004,PainFree,Molecule D,Delta Pharma,N02BE01,Pain,Tablet,500 mg,20,1721,3549.0,229446.08,Chain Pharmacy,EGP,6.227385478690758,-54.35825899672866
2025-11-01,Egypt,Alexandria,P0004,PainFree,Molecule D,Delta Pharma,N02BE01,Pain,Tablet,500 mg,20,4971,8737.0,636894.83,Chain Pharmacy,EGP,11.303558713422513,-2.504022870669209
2025-11-01,Egypt,Delta,P0004,PainFree,Molecule D,Delta Pharma,N02BE01,Pain,Tablet,500 mg,20,2743,5153.0,238799.71,Hospital,EGP,6.61089134653841,-17.55585614791354
2025-11-01,Egypt,Upper Egypt,P0004,PainFree,Molecule D,Delta Pharma,N02BE01,Pain,Tablet,500 mg,20,5558,8598.0,693030.64,Chain Pharmacy,EGP,10.29186531675005,157.67636758567173
2025-11-01,Egypt,Canal,P0004,PainFree,Molecule D,Delta Pharma,N02BE01,Pain,Tablet,500 mg,20,8852,16065.0,268430.58,Chain Pharmacy,EGP,5.146260429520887,-75.36516184011151
2025-11-01,Egypt,Cairo,P0005,Infecto,Molecule E,Epsilon Pharma,J01CA04,Anti-infective,Capsule,500 mg,14,3420,5551.0,573525.62,Hospital,EGP,8.43690897615166,377.4101204260056
2025-11-01,Egypt,Giza,P0005,Infecto,Molecule E,Epsilon Pharma,J01CA04,Anti-infective,Capsule,500 mg,14,1539,3260.0,53392.99,Independent Pharmacy,EGP,1.4491366799113798,-91.90109035040514
2025-11-01,Egypt,Alexandria,P0005,Infecto,Molecule E,Epsilon Pharma,J01CA04,Anti-infective,Capsule,500 mg,14,3785,7793.0,443465.75,Independent Pharmacy,EGP,7.870594808434777,-72.78292499473753
2025-11-01,Egypt,Delta,P0005,Infecto,Molecule E,Epsilon Pharma,J01CA04,Anti-infective,Capsule,500 mg,14,3660,7596.0,585322.42,Chain Pharmacy,EGP,16.203968259898307,294.1812509714415
2025-11-01,Egypt,Upper Egypt,P0005,Infecto,Molecule E,Epsilon Pharma,J01CA04,Anti-infective,Capsule,500 mg,14,1741,3553.0,331032.56,Chain Pharmacy,EGP,4.916005622751369,19.66318884695506
2025-11-01,Egypt,Canal,P0005,Infecto,Molecule E,Epsilon Pharma,J01CA04,Anti-infective,Capsule,500 mg,14,6841,9399.0,305263.54,Independent Pharmacy,EGP,5.852409499981211,-62.0733734177735
2025-11-01,Egypt,Cairo,P0006,NeuroCalm,Molecule F,Zeta Pharma,N06AB10,CNS,Tablet,20 mg,28,3518,5711.0,726135.2,Hospital,EGP,10.681888259463772,114.15382270521532
2025-11-01,Egypt,Giza,P0006,NeuroCalm,Molecule F,Zeta Pharma,N06AB10,CNS,Tablet,20 mg,28,5093,10182.0,742569.87,Chain Pharmacy,EGP,20.15405460555824,2312.875353652002
2025-11-01,Egypt,Alexandria,P0006,NeuroCalm,Molecule F,Zeta Pharma,N06AB10,CNS,Tablet,20 mg,28,5937,7757.0,787675.47,Hospital,EGP,13.979601502288332,-24.782451987374067
2025-11-01,Egypt,Delta,P0006,NeuroCalm,Molecule F,Zeta Pharma,N06AB10,CNS,Tablet,20 mg,28,1998,3919.0,288688.56,Chain Pharmacy,EGP,7.992005949875878,-65.11817402704577
2025-11-01,Egypt,Upper Egypt,P0006,NeuroCalm,Molecule F,Zeta Pharma,N06AB10,CNS,Tablet,20 mg,28,6463,11267.0,746306.13,Hospital,EGP,11.083034041647789,-36.492744417340695
2025-11-01,Egypt,Canal,P0006,NeuroCalm,Molecule F,Zeta Pharma,N06AB10,CNS,Tablet,20 mg,28,5034,9017.0,376723.98,Chain Pharmacy,EGP,7.222424923142579,-66.70079669305422
2025-11-01,Egypt,Cairo,P0007,ArthroRelief,Molecule G,Eta Pharma,M01AE01,Musculoskeletal,Tablet,400 mg,30,5346,7161.0,1127803.27,Chain Pharmacy,EGP,16.59066866445512,80.60645704485327
2025-11-01,Egypt,Giza,P0007,ArthroRelief,Molecule G,Eta Pharma,M01AE01,Musculoskeletal,Tablet,400 mg,30,2488,4097.0,86147.04,Hospital,EGP,2.3381128408390843,-77.59680774097848
2025-11-01,Egypt,Alexandria,P0007,ArthroRelief,Molecule G,Eta Pharma,M01AE01,Musculoskeletal,Tablet,400 mg,30,8827,17426.0,963243.79,Independent Pharmacy,EGP,17.095574061426476,29.544869124678684
2025-11-01,Egypt,Delta,P0007,ArthroRelief,Molecule G,Eta Pharma,M01AE01,Musculoskeletal,Tablet,400 mg,30,5212,9413.0,934541.94,Independent Pharmacy,EGP,25.87170321154585,780.8469210479883
2025-11-01,Egypt,Upper Egypt,P0007,ArthroRelief,Molecule G,Eta Pharma,M01AE01,Musculoskeletal,Tablet,400 mg,30,5428,11042.0,749117.49,Hospital,EGP,11.12478419929868,199.80889280211315
2025-11-01,Egypt,Canal,P0007,ArthroRelief,Molecule G,Eta Pharma,M01AE01,Musculoskeletal,Tablet,400 mg,30,1599,2757.0,239313.44,Hospital,EGP,4.5880364544327294,-9.7561066664394
2025-11-01,Egypt,Cairo,P0008,Dermacare,Molecule H,Theta Pharma,D07AC01,Dermatology,Cream,0.05%,1,5121,10506.0,755697.14,Independent Pharmacy,EGP,11.116762288174916,4.191947303851173
2025-11-01,Egypt,Giza,P0008,Dermacare,Molecule H,Theta Pharma,D07AC01,Dermatology,Cream,0.05%,1,2448,5327.0,180097.21,Independent Pharmacy,EGP,4.888010073245618,-87.60006638095061
2025-11-01,Egypt,Alexandria,P0008,Dermacare,Molecule H,Theta Pharma,D07AC01,Dermatology,Cream,0.05%,1,1687,3551.0,98525.7,Hospital,EGP,1.7486262759128575,-83.46396942441277
2025-11-01,Egypt,Delta,P0008,Dermacare,Molecule H,Theta Pharma,D07AC01,Dermatology,Cream,0.05%,1,4858,8303.0,447329.13,Hospital,EGP,12.383785032953162,-34.79251514634206
2025-11-01,Egypt,Upper Egypt,P0008,Dermacare,Molecule H,Theta Pharma,D07AC01,Dermatology,Cream,0.05%,1,3690,7236.0,246414.37,Hospital,EGP,3.6593815075071054,-68.16375500874825
2025-11-01,Egypt,Canal,P0008,Dermacare,Molecule H,Theta Pharma,D07AC01,Dermatology,Cream,0.05%,1,5899,11284.0,283582.32,Hospital,EGP,5.4367444719887335,-67.77161936650486
2025-11-01,Egypt,Cairo,P0009,LipiControl,Molecule I,Iota Pharma,C10AA01,Cardiovascular,Tablet,20 mg,30,7887,14788.0,784447.46,Chain Pharmacy,EGP,11.539696895481967,61.45161411488282
2025-11-01,Egypt,Giza,P0009,LipiControl,Molecule I,Iota Pharma,C10AA01,Cardiovascular,Tablet,20 mg,30,3331,5676.0,115265.31,Independent Pharmacy,EGP,3.1284104644140736,-92.45697962308898
2025-11-01,Egypt,Alexandria,P0009,LipiControl,Molecule I,Iota Pharma,C10AA01,Cardiovascular,Tablet,20 mg,30,953,1578.0,160879.78,Independent Pharmacy,EGP,2.855281521177518,-41.16791000579509
2025-11-01,Egypt,Delta,P0009,LipiControl,Molecule I,Iota Pharma,C10AA01,Cardiovascular,Tablet,20 mg,30,1759,2706.0,324104.05,Independent Pharmacy,EGP,8.972442468724322,-26.561186343098232
2025-11-01,Egypt,Upper Egypt,P0009,LipiControl,Molecule I,Iota Pharma,C10AA01,Cardiovascular,Tablet,20 mg,30,5637,8959.0,1152475.22,Independent Pharmacy,EGP,17.114856199044652,-27.4710105465208
2025-11-01,Egypt,Canal,P0009,LipiControl,Molecule I,Iota Pharma,C10AA01,Cardiovascular,Tablet,20 mg,30,2290,3173.0,158141.74,Independent Pharmacy,EGP,3.031840034088442,-86.0589796875733
2025-11-01,Egypt,Cairo,P0010,GastroEase,Molecule J,Kappa Pharma,A02BC02,Gastrointestinal,Capsule,40 mg,14,3032,6139.0,99714.97,Independent Pharmacy,EGP,1.4668675576335954,-63.699058166565806
2025-11-01,Egypt,Giza,P0010,GastroEase,Molecule J,Kappa Pharma,A02BC02,Gastrointestinal,Capsule,40 mg,14,5594,8111.0,1194033.3,Chain Pharmacy,EGP,32.407202744510634,-17.06503108651427
2025-11-01,Egypt,Alexandria,P0010,GastroEase,Molecule J,Kappa Pharma,A02BC02,Gastrointestinal,Capsule,40 mg,14,2942,5501.0,634790.48,Independent Pharmacy,EGP,11.26621087723645,-20.007905575451957
2025-11-01,Egypt,Delta,P0010,GastroEase,Molecule J,Kappa Pharma,A02BC02,Gastrointestinal,Capsule,40 mg,14,1650,2528.0,281246.2,Chain Pharmacy,EGP,7.7859728968130275,50.61313359985837
2025-11-01,Egypt,Upper Egypt,P0010,GastroEase,Molecule J,Kappa Pharma,A02BC02,Gastrointestinal,Capsule,40 mg,14,3719,5448.0,276084.69,Independent Pharmacy,EGP,4.100001185368499,60.67672221562965
2025-11-01,Egypt,Canal,P0010,GastroEase,Molecule J,Kappa Pharma,A02BC02,Gastrointestinal,Capsule,40 mg,14,7564,14075.0,1569445.37,Independent Pharmacy,EGP,30.088876624733917,37.115848106067205
2025-12-01,Egypt,Cairo,P0001,CardioSafe,Molecule A,Alpha Pharma,C09AA05,Cardiology,Tablet,20 mg,28,2194,4195.0,67269.1,Chain Pharmacy,EGP,1.9093955750007119,-92.8093043694039
2025-12-01,Egypt,Giza,P0001,CardioSafe,Molecule A,Alpha Pharma,C09AA05,Cardiology,Tablet,20 mg,28,4339,8425.0,214705.91,Independent Pharmacy,EGP,4.138729549402913,15.512205866244532
2025-12-01,Egypt,Alexandria,P0001,CardioSafe,Molecule A,Alpha Pharma,C09AA05,Cardiology,Tablet,20 mg,28,4488,7301.0,170058.74,Hospital,EGP,2.2694240749802774,-60.16304739437788
2025-12-01,Egypt,Delta,P0001,CardioSafe,Molecule A,Alpha Pharma,C09AA05,Cardiology,Tablet,20 mg,28,7396,12577.0,1067184.09,Independent Pharmacy,EGP,21.522850707773422,403.10479972528714
2025-12-01,Egypt,Upper Egypt,P0001,CardioSafe,Molecule A,Alpha Pharma,C09AA05,Cardiology,Tablet,20 mg,28,2415,4463.0,228576.19,Chain Pharmacy,EGP,4.408654956917022,-67.7890845734383
2025-12-01,Egypt,Canal,P0001,CardioSafe,Molecule A,Alpha Pharma,C09AA05,Cardiology,Tablet,20 mg,28,2364,4909.0,421181.4,Independent Pharmacy,EGP,6.997085727966851,-53.86881452962562
2025-12-01,Egypt,Cairo,P0002,GlucoMax,Molecule B,Beta Pharma,A10BA02,Diabetes,Tablet,500 mg,30,3674,6219.0,369072.53,Chain Pharmacy,EGP,10.475916217644022,48.423248550714646
2025-12-01,Egypt,Giza,P0002,GlucoMax,Molecule B,Beta Pharma,A10BA02,Diabetes,Tablet,500 mg,30,5772,10523.0,904919.83,Independent Pharmacy,EGP,17.443480900277315,155.2723430198353
2025-12-01,Egypt,Alexandria,P0002,GlucoMax,Molecule B,Beta Pharma,A10BA02,Diabetes,Tablet,500 mg,30,6588,10616.0,395464.59,Independent Pharmacy,EGP,5.277452140055869,-65.71503662035643
2025-12-01,Egypt,Delta,P0002,GlucoMax,Molecule B,Beta Pharma,A10BA02,Diabetes,Tablet,500 mg,30,3854,7826.0,757313.16,Chain Pharmacy,EGP,15.273408060002211,833.0963895354067
2025-12-01,Egypt,Upper Egypt,P0002,GlucoMax,Molecule B,Beta Pharma,A10BA02,Diabetes,Tablet,500 mg,30,6350,10995.0,346528.8,Chain Pharmacy,EGP,6.683661635249531,-50.171102383302866
2025-12-01,Egypt,Canal,P0002,GlucoMax,Molecule B,Beta Pharma,A10BA02,Diabetes,Tablet,500 mg,30,8784,13875.0,1920207.64,Hospital,EGP,31.90040555584104,162.7844013650228
2025-12-01,Egypt,Cairo,P0003,Respira,Molecule C,Gamma Pharma,R03AC02,Respiratory,Inhaler,100 mcg,1,3343,4572.0,204703.75,Hospital,EGP,5.810400829445495,-75.66485790249232
2025-12-01,Egypt,Giza,P0003,Respira,Molecule C,Gamma Pharma,R03AC02,Respiratory,Inhaler,100 mcg,1,1405,2609.0,181543.43,Hospital,EGP,3.4994805603672448,-66.57595851947514
2025-12-01,Egypt,Alexandria,P0003,Respira,Molecule C,Gamma Pharma,R03AC02,Respiratory,Inhaler,100 mcg,1,6240,10247.0,1136115.47,Hospital,EGP,15.161395407113643,245.7057035035051
2025-12-01,Egypt,Delta,P0003,Respira,Molecule C,Gamma Pharma,R03AC02,Respiratory,Inhaler,100 mcg,1,7994,16220.0,993133.16,Hospital,EGP,20.029399740788165,353.68520697560086
2025-12-01,Egypt,Upper Egypt,P0003,Respira,Molecule C,Gamma Pharma,R03AC02,Respiratory,Inhaler,100 mcg,1,4702,9078.0,860280.51,Chain Pharmacy,EGP,16.592629069329597,-24.154179822250153
2025-12-01,Egypt,Canal,P0003,Respira,Molecule C,Gamma Pharma,R03AC02,Respiratory,Inhaler,100 mcg,1,953,1285.0,146375.54,Chain Pharmacy,EGP,2.4317365435829807,-60.58889703868151
2025-12-01,Egypt,Cairo,P0004,PainFree,Molecule D,Delta Pharma,N02BE01,Pain,Tablet,500 mg,20,3269,5781.0,452341.88,Chain Pharmacy,EGP,12.839469891220528,-35.851064813441305
2025-12-01,Egypt,Giza,P0004,PainFree,Molecule D,Delta Pharma,N02BE01,Pain,Tablet,500 mg,20,7385,10966.0,1266082.6,Independent Pharmacy,EGP,24.405352738566293,451.7996210700136
2025-12-01,Egypt,Alexandria,P0004,PainFree,Molecule D,Delta Pharma,N02BE01,Pain,Tablet,500 mg,20,6802,9626.0,834612.19,Chain Pharmacy,EGP,11.137851528583672,31.04395744584707
2025-12-01,Egypt,Delta,P0004,PainFree,Molecule D,Delta Pharma,N02BE01,Pain,Tablet,500 mg,20,1725,2796.0,198562.9,Independent Pharmacy,EGP,4.004594608229723,-16.849605889387387
2025-12-01,Egypt,Upper Egypt,P0004,PainFree,Molecule D,Delta Pharma,N02BE01,Pain,Tablet,500 mg,20,3359,6342.0,680536.49,Chain Pharmacy,EGP,13.125822816459632,-1.8028279384588286
2025-12-01,Egypt,Canal,P0004,PainFree,Molecule D,Delta Pharma,N02BE01,Pain,Tablet,500 mg,20,7444,15453.0,1596584.21,Independent Pharmacy,EGP,26.524050181912656,494.7847707962334
2025-12-01,Egypt,Cairo,P0005,Infecto,Molecule E,Epsilon Pharma,J01CA04,Anti-infective,Capsule,500 mg,14,2681,3920.0,308591.24,Hospital,EGP,8.759188812396518,-46.193992170742085
2025-12-01,Egypt,Giza,P0005,Infecto,Molecule E,Epsilon Pharma,J01CA04,Anti-infective,Capsule,500 mg,14,3074,5861.0,213538.17,Independent Pharmacy,EGP,4.116219875384067,299.9367145387438
2025-12-01,Egypt,Alexandria,P0005,Infecto,Molecule E,Epsilon Pharma,J01CA04,Anti-infective,Capsule,500 mg,14,5971,9378.0,1298894.49,Independent Pharmacy,EGP,17.33367203864517,192.89623606783613
2025-12-01,Egypt,Delta,P0005,Infecto,Molecule E,Epsilon Pharma,J01CA04,Anti-infective,Capsule,500 mg,14,2008,4058.0,120608.54,Hospital,EGP,2.432419696682808,-79.39451217330785
2025-12-01,Egypt,Upper Egypt,P0005,Infecto,Molecule E,Epsilon Pharma,J01CA04,Anti-infective,Capsule,500 mg,14,8714,18956.0,1134615.04,Chain Pharmacy,EGP,21.88384634588846,242.75028414123372
2025-12-01,Egypt,Canal,P0005,Infecto,Molecule E,Epsilon Pharma,J01CA04,Anti-infective,Capsule,500 mg,14,1879,3228.0,399780.66,Independent Pharmacy,EGP,6.641555278564456,30.962466071120055
2025-12-01,Egypt,Cairo,P0006,NeuroCalm,Molecule F,Zeta Pharma,N06AB10,CNS,Tablet,20 mg,28,1054,1601.0,51773.03,Independent Pharmacy,EGP,1.4695483422013835,-92.87005643026257
2025-12-01,Egypt,Giza,P0006,NeuroCalm,Molecule F,Zeta Pharma,N06AB10,CNS,Tablet,20 mg,28,5526,10623.0,554756.82,Chain Pharmacy,EGP,10.693643429129605,-25.292306837065727
2025-12-01,Egypt,Alexandria,P0006,NeuroCalm,Molecule F,Zeta Pharma,N06AB10,CNS,Tablet,20 mg,28,1738,3778.0,145025.34,Hospital,EGP,1.9353547961028066,-81.58818631231463
2025-12-01,Egypt,Delta,P0006,NeuroCalm,Molecule F,Zeta Pharma,N06AB10,CNS,Tablet,20 mg,28,3310,6627.0,305656.39,Independent Pharmacy,EGP,6.164444271135047,5.877555383559363
2025-12-01,Egypt,Upper Egypt,P0006,NeuroCalm,Molecule F,Zeta Pharma,N06AB10,CNS,Tablet,20 mg,28,3612,6568.0,220212.55,Chain Pharmacy,EGP,4.24734155439741,-70.49299997040089
2025-12-01,Egypt,Canal,P0006,NeuroCalm,Molecule F,Zeta Pharma,N06AB10,CNS,Tablet,20 mg,28,6144,8745.0,598511.93,Independent Pharmacy,EGP,9.943077456461504,58.87279859381398
2025-12-01,Egypt,Cairo,P0007,ArthroRelief,Molecule G,Eta Pharma,M01AE01,Musculoskeletal,Tablet,400 mg,30,3769,6101.0,784547.99,Chain Pharmacy,EGP,22.26895350884288,-30.435740800787002
2025-12-01,Egypt,Giza,P0007,ArthroRelief,Molecule G,Eta Pharma,M01AE01,Musculoskeletal,Tablet,400 mg,30,3714,6026.0,122713.26,Independent Pharmacy,EGP,2.3654541939044083,42.44628718525907
2025-12-01,Egypt,Alexandria,P0007,ArthroRelief,Molecule G,Eta Pharma,M01AE01,Musculoskeletal,Tablet,400 mg,30,5059,8880.0,740561.21,Hospital,EGP,9.882746626080639,-23.11798760727023
2025-12-01,Egypt,Delta,P0007,ArthroRelief,Molecule G,Eta Pharma,M01AE01,Musculoskeletal,Tablet,400 mg,30,1359,1779.0,195607.08,Chain Pharmacy,EGP,3.944981957352355,-79.0692026084993
2025-12-01,Egypt,Upper Egypt,P0007,ArthroRelief,Molecule G,Eta Pharma,M01AE01,Musculoskeletal,Tablet,400 mg,30,2249,4422.0,302193.8,Hospital,EGP,5.828551934125734,-59.66002609283625
2025-12-01,Egypt,Canal,P0007,ArthroRelief,Molecule G,Eta Pharma,M01AE01,Musculoskeletal,Tablet,400 mg,30,1343,2368.0,171829.79,Hospital,EGP,2.8546079462401264,-28.198855024607063
2025-12-01,Egypt,Cairo,P0008,Dermacare,Molecule H,Theta Pharma,D07AC01,Dermatology,Cream,0.05%,1,3832,5427.0,315691.88,Chain Pharmacy,EGP,8.960736485781075,-58.22507942798354
2025-12-01,Egypt,Giza,P0008,Dermacare,Molecule H,Theta Pharma,D07AC01,Dermatology,Cream,0.05%,1,8184,12465.0,1267269.38,Hospital,EGP,24.42822943280652,603.6585297462409
2025-12-01,Egypt,Alexandria,P0008,Dermacare,Molecule H,Theta Pharma,D07AC01,Dermatology,Cream,0.05%,1,5961,9187.0,1303246.21,Chain Pharmacy,EGP,17.391745491003885,1222.7474760392465
2025-12-01,Egypt,Delta,P0008,Dermacare,Molecule H,Theta Pharma,D07AC01,Dermatology,Cream,0.05%,1,5586,11426.0,741105.35,Hospital,EGP,14.946530740335689,65.6733935480571
2025-12-01,Egypt,Upper Egypt,P0008,Dermacare,Molecule H,Theta Pharma,D07AC01,Dermatology,Cream,0.05%,1,7528,16053.0,925463.91,Hospital,EGP,17.849851527708594,275.57221601970696
2025-12-01,Egypt,Canal,P0008,Dermacare,Molecule H,Theta Pharma,D07AC01,Dermatology,Cream,0.05%,1,2048,3790.0,120815.81,Hospital,EGP,2.007112801903775,-57.39656477879157
2025-12-01,Egypt,Cairo,P0009,LipiControl,Molecule I,Iota Pharma,C10AA01,Cardiovascular,Tablet,20 mg,30,3455,6050.0,106910.91,Chain Pharmacy,EGP,3.0346060594433304,-86.37118284505631
2025-12-01,Egypt,Giza,P0009,LipiControl,Molecule I,Iota Pharma,C10AA01,Cardiovascular,Tablet,20 mg,30,1962,3075.0,398567.88,Hospital,EGP,7.682902917757942,245.7830287360525
2025-12-01,Egypt,Alexandria,P0009,LipiControl,Molecule I,Iota Pharma,C10AA01,Cardiovascular,Tablet,20 mg,30,5351,7716.0,849576.89,Hospital,EGP,11.3375545868026,428.08183228495216
2025-12-01,Egypt,Delta,P0009,LipiControl,Molecule I,Iota Pharma,C10AA01,Cardiovascular,Tablet,20 mg,30,1001,2183.0,120079.65,Chain Pharmacy,EGP,2.421753101652485,-62.95027785058534
2025-12-01,Egypt,Upper Egypt,P0009,LipiControl,Molecule I,Iota Pharma,C10AA01,Cardiovascular,Tablet,20 mg,30,2158,3802.0,72297.58,Chain Pharmacy,EGP,1.3944369465608164,-93.72675622474556
2025-12-01,Egypt,Canal,P0009,LipiControl,Molecule I,Iota Pharma,C10AA01,Cardiovascular,Tablet,20 mg,30,3725,7029.0,189816.3,Hospital,EGP,3.1534177997069057,20.029221886644223
2025-12-01,Egypt,Cairo,P0010,GastroEase,Molecule J,Kappa Pharma,A02BC02,Gastrointestinal,Capsule,40 mg,14,7505,15783.0,862154.98,Chain Pharmacy,EGP,24.471784278024042,764.6194046891856
2025-12-01,Egypt,Giza,P0010,GastroEase,Molecule J,Kappa Pharma,A02BC02,Gastrointestinal,Capsule,40 mg,14,1462,2769.0,63627.78,Chain Pharmacy,EGP,1.226506402403677,-94.6711888186033
2025-12-01,Egypt,Alexandria,P0010,GastroEase,Molecule J,Kappa Pharma,A02BC02,Gastrointestinal,Capsule,40 mg,14,7987,10458.0,619920.5,Hospital,EGP,8.272803310631438,-2.342502048865003
2025-12-01,Egypt,Delta,P0010,GastroEase,Molecule J,Kappa Pharma,A02BC02,Gastrointestinal,Capsule,40 mg,14,4672,9153.0,459126.73,Independent Pharmacy,EGP,9.259617116048082,63.24726520749435
2025-12-01,Egypt,Upper Egypt,P0010,GastroEase,Molecule J,Kappa Pharma,A02BC02,Gastrointestinal,Capsule,40 mg,14,7186,13478.0,414010.02,Independent Pharmacy,EGP,7.985203213363194,49.95761626622615
2025-12-01,Egypt,Canal,P0010,GastroEase,Molecule J,Kappa Pharma,A02BC02,Gastrointestinal,Capsule,40 mg,14,3004,4135.0,454279.88,Hospital,EGP,7.546950707819702,-71.0547503797472
