Month,HCP_ID,Specialty,City,Territory,Product_ID,Brand,Molecule,New_Rx,Refill_Rx,Total_Rx
2023-01-01,HCP0001,Cardiology,Cairo,Cairo East,P0001,CardioSafe,Molecule A,16,6,22
2023-01-01,HCP0001,Cardiology,Cairo,Cairo East,P0002,GlucoMax,Molecule B,27,25,52
2023-01-01,HCP0001,Cardiology,Cairo,Cairo East,P0003,Respira,Molecule C,7,88,95
2023-01-01,HCP0001,Cardiology,Cairo,Cairo East,P0004,PainFree,Molecule D,10,18,28
2023-01-01,HCP0001,Cardiology,Cairo,Cairo East,P0005,Infecto,Molecule E,30,93,123
2023-01-01,HCP0001,Cardiology,Cairo,Cairo East,P0006,NeuroCalm,Molecule F,16,86,102
2023-01-01,HCP0001,Cardiology,Cairo,Cairo East,P0007,ArthroRelief,Molecule G,17,35,52
2023-01-01,HCP0001,Cardiology,Cairo,Cairo East,P0008,Dermacare,Molecule H,3,62,65
2023-01-01,HCP0001,Cardiology,Cairo,Cairo East,P0009,LipiControl,Molecule I,15,84,99
2023-01-01,HCP0001,Cardiology,Cairo,Cairo East,P0010,GastroEase,Molecule J,28,18,46
2023-01-01,HCP0002,Internal Medicine,Cairo,Cairo West,P0001,CardioSafe,Molecule A,21,72,93
2023-01-01,HCP0002,Internal Medicine,Cairo,Cairo West,P0002,GlucoMax,Molecule B,37,57,94
2023-01-01,HCP0002,Internal Medicine,Cairo,Cairo West,P0003,Respira,Molecule C,29,75,104
2023-01-01,HCP0002,Internal Medicine,Cairo,Cairo West,P0004,PainFree,Molecule D,16,75,91
2023-01-01,HCP0002,Internal Medicine,Cairo,Cairo West,P0005,Infecto,Molecule E,2,90,92
2023-01-01,HCP0002,Internal Medicine,Cairo,Cairo West,P0006,NeuroCalm,Molecule F,37,57,94
2023-01-01,HCP0002,Internal Medicine,Cairo,Cairo West,P0007,ArthroRelief,Molecule G,9,46,55
2023-01-01,HCP0002,Internal Medicine,Cairo,Cairo West,P0008,Dermacare,Molecule H,25,26,51
2023-01-01,HCP0002,Internal Medicine,Cairo,Cairo West,P0009,LipiControl,Molecule I,23,96,119
2023-01-01,HCP0002,Internal Medicine,Cairo,Cairo West,P0010,GastroEase,Molecule J,18,10,28
2023-01-01,HCP0003,Endocrinology,Giza,Giza,P0001,CardioSafe,Molecule A,4,42,46
2023-01-01,HCP0003,Endocrinology,Giza,Giza,P0002,GlucoMax,Molecule B,6,13,19
2023-01-01,HCP0003,Endocrinology,Giza,Giza,P0003,Respira,Molecule C,4,10,14
2023-01-01,HCP0003,Endocrinology,Giza,Giza,P0004,PainFree,Molecule D,32,99,131
2023-01-01,HCP0003,Endocrinology,Giza,Giza,P0005,Infecto,Molecule E,11,52,63
2023-01-01,HCP0003,Endocrinology,Giza,Giza,P0006,NeuroCalm,Molecule F,15,63,78
2023-01-01,HCP0003,Endocrinology,Giza,Giza,P0007,ArthroRelief,Molecule G,3,22,25
2023-01-01,HCP0003,Endocrinology,Giza,Giza,P0008,Dermacare,Molecule H,18,44,62
2023-01-01,HCP0003,Endocrinology,Giza,Giza,P0009,LipiControl,Molecule I,36,80,116
2023-01-01,HCP0003,Endocrinology,Giza,Giza,P0010,GastroEase,Molecule J,14,27,41
2023-01-01,HCP0004,Pediatrics,Alexandria,Alexandria,P0001,CardioSafe,Molecule A,13,28,41
2023-01-01,HCP0004,Pediatrics,Alexandria,Alexandria,P0002,GlucoMax,Molecule B,14,22,36
2023-01-01,HCP0004,Pediatrics,Alexandria,Alexandria,P0003,Respira,Molecule C,15,17,32
2023-01-01,HCP0004,Pediatrics,Alexandria,Alexandria,P0004,PainFree,Molecule D,34,67,101
2023-01-01,HCP0004,Pediatrics,Alexandria,Alexandria,P0005,Infecto,Molecule E,24,6,30
2023-01-01,HCP0004,Pediatrics,Alexandria,Alexandria,P0006,NeuroCalm,Molecule F,8,91,99
2023-01-01,HCP0004,Pediatrics,Alexandria,Alexandria,P0007,ArthroRelief,Molecule G,26,56,82
2023-01-01,HCP0004,Pediatrics,Alexandria,Alexandria,P0008,Dermacare,Molecule H,18,91,109
2023-01-01,HCP0004,Pediatrics,Alexandria,Alexandria,P0009,LipiControl,Molecule I,38,53,91
2023-01-01,HCP0004,Pediatrics,Alexandria,Alexandria,P0010,GastroEase,Molecule J,15,6,21
2023-01-01,HCP0005,Pulmonology,Mansoura,Delta,P0001,CardioSafe,Molecule A,11,34,45
2023-01-01,HCP0005,Pulmonology,Mansoura,Delta,P0002,GlucoMax,Molecule B,23,13,36
2023-01-01,HCP0005,Pulmonology,Mansoura,Delta,P0003,Respira,Molecule C,33,99,132
2023-01-01,HCP0005,Pulmonology,Mansoura,Delta,P0004,PainFree,Molecule D,21,90,111
2023-01-01,HCP0005,Pulmonology,Mansoura,Delta,P0005,Infecto,Molecule E,35,16,51
2023-01-01,HCP0005,Pulmonology,Mansoura,Delta,P0006,NeuroCalm,Molecule F,39,46,85
2023-01-01,HCP0005,Pulmonology,Mansoura,Delta,P0007,ArthroRelief,Molecule G,32,80,112
2023-01-01,HCP0005,Pulmonology,Mansoura,Delta,P0008,Dermacare,Molecule H,31,95,126
2023-01-01,HCP0005,Pulmonology,Mansoura,Delta,P0009,LipiControl,Molecule I,2,57,59
2023-01-01,HCP0005,Pulmonology,Mansoura,Delta,P0010,GastroEase,Molecule J,13,38,51
2023-01-01,HCP0006,Neurology,Assiut,Upper Egypt,P0001,CardioSafe,Molecule A,16,20,36
2023-01-01,HCP0006,Neurology,Assiut,Upper Egypt,P0002,GlucoMax,Molecule B,6,82,88
2023-01-01,HCP0006,Neurology,Assiut,Upper Egypt,P0003,Respira,Molecule C,39,33,72
2023-01-01,HCP0006,Neurology,Assiut,Upper Egypt,P0004,PainFree,Molecule D,10,14,24
2023-01-01,HCP0006,Neurology,Assiut,Upper Egypt,P0005,Infecto,Molecule E,5,45,50
2023-01-01,HCP0006,Neurology,Assiut,Upper Egypt,P0006,NeuroCalm,Molecule F,27,59,86
2023-01-01,HCP0006,Neurology,Assiut,Upper Egypt,P0007,ArthroRelief,Molecule G,31,25,56
2023-01-01,HCP0006,Neurology,Assiut,Upper Egypt,P0008,Dermacare,Molecule H,4,23,27
2023-01-01,HCP0006,Neurology,Assiut,Upper Egypt,P0009,LipiControl,Molecule I,18,45,63
2023-01-01,HCP0006,Neurology,Assiut,Upper Egypt,P0010,GastroEase,Molecule J,9,15,24
2023-01-01,HCP0007,Dermatology,Cairo,Cairo East,P0001,CardioSafe,Molecule A,38,44,82
2023-01-01,HCP0007,Dermatology,Cairo,Cairo East,P0002,GlucoMax,Molecule B,24,63,87
2023-01-01,HCP0007,Dermatology,Cairo,Cairo East,P0003,Respira,Molecule C,14,92,106
2023-01-01,HCP0007,Dermatology,Cairo,Cairo East,P0004,PainFree,Molecule D,4,19,23
2023-01-01,HCP0007,Dermatology,Cairo,Cairo East,P0005,Infecto,Molecule E,6,16,22
2023-01-01,HCP0007,Dermatology,Cairo,Cairo East,P0006,NeuroCalm,Molecule F,34,17,51
2023-01-01,HCP0007,Dermatology,Cairo,Cairo East,P0007,ArthroRelief,Molecule G,36,37,73
2023-01-01,HCP0007,Dermatology,Cairo,Cairo East,P0008,Dermacare,Molecule H,36,54,90
2023-01-01,HCP0007,Dermatology,Cairo,Cairo East,P0009,LipiControl,Molecule I,18,46,64
2023-01-01,HCP0007,Dermatology,Cairo,Cairo East,P0010,GastroEase,Molecule J,25,88,113
2023-01-01,HCP0008,GP,Giza,Giza,P0001,CardioSafe,Molecule A,19,46,65
2023-01-01,HCP0008,GP,Giza,Giza,P0002,GlucoMax,Molecule B,23,93,116
2023-01-01,HCP0008,GP,Giza,Giza,P0003,Respira,Molecule C,29,29,58
2023-01-01,HCP0008,GP,Giza,Giza,P0004,PainFree,Molecule D,38,66,104
2023-01-01,HCP0008,GP,Giza,Giza,P0005,Infecto,Molecule E,25,67,92
2023-01-01,HCP0008,GP,Giza,Giza,P0006,NeuroCalm,Molecule F,21,26,47
2023-01-01,HCP0008,GP,Giza,Giza,P0007,ArthroRelief,Molecule G,29,97,126
2023-01-01,HCP0008,GP,Giza,Giza,P0008,Dermacare,Molecule H,26,40,66
2023-01-01,HCP0008,GP,Giza,Giza,P0009,LipiControl,Molecule I,5,71,76
2023-01-01,HCP0008,GP,Giza,Giza,P0010,GastroEase,Molecule J,39,77,116
2023-01-01,HCP0009,Cardiology,Alexandria,Alexandria,P0001,CardioSafe,Molecule A,20,9,29
2023-01-01,HCP0009,Cardiology,Alexandria,Alexandria,P0002,GlucoMax,Molecule B,26,32,58
2023-01-01,HCP0009,Cardiology,Alexandria,Alexandria,P0003,Respira,Molecule C,20,47,67
2023-01-01,HCP0009,Cardiology,Alexandria,Alexandria,P0004,PainFree,Molecule D,37,42,79
2023-01-01,HCP0009,Cardiology,Alexandria,Alexandria,P0005,Infecto,Molecule E,3,18,21
2023-01-01,HCP0009,Cardiology,Alexandria,Alexandria,P0006,NeuroCalm,Molecule F,21,33,54
2023-01-01,HCP0009,Cardiology,Alexandria,Alexandria,P0007,ArthroRelief,Molecule G,18,81,99
2023-01-01,HCP0009,Cardiology,Alexandria,Alexandria,P0008,Dermacare,Molecule H,27,54,81
2023-01-01,HCP0009,Cardiology,Alexandria,Alexandria,P0009,LipiControl,Molecule I,30,87,117
2023-01-01,HCP0009,Cardiology,Alexandria,Alexandria,P0010,GastroEase,Molecule J,15,93,108
2023-01-01,HCP0010,Orthopedics,Cairo,Cairo West,P0001,CardioSafe,Molecule A,9,48,57
2023-01-01,HCP0010,Orthopedics,Cairo,Cairo West,P0002,GlucoMax,Molecule B,17,62,79
2023-01-01,HCP0010,Orthopedics,Cairo,Cairo West,P0003,Respira,Molecule C,31,60,91
2023-01-01,HCP0010,Orthopedics,Cairo,Cairo West,P0004,PainFree,Molecule D,39,18,57
2023-01-01,HCP0010,Orthopedics,Cairo,Cairo West,P0005,Infecto,Molecule E,17,28,45
2023-01-01,HCP0010,Orthopedics,Cairo,Cairo West,P0006,NeuroCalm,Molecule F,25,9,34
2023-01-01,HCP0010,Orthopedics,Cairo,Cairo West,P0007,ArthroRelief,Molecule G,5,72,77
2023-01-01,HCP0010,Orthopedics,Cairo,Cairo West,P0008,Dermacare,Molecule H,12,11,23
2023-01-01,HCP0010,Orthopedics,Cairo,Cairo West,P0009,LipiControl,Molecule I,19,94,113
2023-01-01,HCP0010,Orthopedics,Cairo,Cairo West,P0010,GastroEase,Molecule J,20,62,82
2023-02-01,HCP0001,Cardiology,Cairo,Cairo East,P0001,CardioSafe,Molecule A,25,29,54
2023-02-01,HCP0001,Cardiology,Cairo,Cairo East,P0002,GlucoMax,Molecule B,33,69,102
2023-02-01,HCP0001,Cardiology,Cairo,Cairo East,P0003,Respira,Molecule C,11,9,20
2023-02-01,HCP0001,Cardiology,Cairo,Cairo East,P0004,PainFree,Molecule D,28,40,68
2023-02-01,HCP0001,Cardiology,Cairo,Cairo East,P0005,Infecto,Molecule E,26,32,58
2023-02-01,HCP0001,Cardiology,Cairo,Cairo East,P0006,NeuroCalm,Molecule F,27,78,105
2023-02-01,HCP0001,Cardiology,Cairo,Cairo East,P0007,ArthroRelief,Molecule G,32,19,51
2023-02-01,HCP0001,Cardiology,Cairo,Cairo East,P0008,Dermacare,Molecule H,37,26,63
2023-02-01,HCP0001,Cardiology,Cairo,Cairo East,P0009,LipiControl,Molecule I,24,43,67
2023-02-01,HCP0001,Cardiology,Cairo,Cairo East,P0010,GastroEase,Molecule J,30,27,57
2023-02-01,HCP0002,Internal Medicine,Cairo,Cairo West,P0001,CardioSafe,Molecule A,25,71,96
2023-02-01,HCP0002,Internal Medicine,Cairo,Cairo West,P0002,GlucoMax,Molecule B,17,12,29
2023-02-01,HCP0002,Internal Medicine,Cairo,Cairo West,P0003,Respira,Molecule C,6,34,40
2023-02-01,HCP0002,Internal Medicine,Cairo,Cairo West,P0004,PainFree,Molecule D,8,83,91
2023-02-01,HCP0002,Internal Medicine,Cairo,Cairo West,P0005,Infecto,Molecule E,20,77,97
2023-02-01,HCP0002,Internal Medicine,Cairo,Cairo West,P0006,NeuroCalm,Molecule F,26,25,51
2023-02-01,HCP0002,Internal Medicine,Cairo,Cairo West,P0007,ArthroRelief,Molecule G,37,10,47
2023-02-01,HCP0002,Internal Medicine,Cairo,Cairo West,P0008,Dermacare,Molecule H,11,19,30
2023-02-01,HCP0002,Internal Medicine,Cairo,Cairo West,P0009,LipiControl,Molecule I,29,20,49
2023-02-01,HCP0002,Internal Medicine,Cairo,Cairo West,P0010,GastroEase,Molecule J,39,15,54
2023-02-01,HCP0003,Endocrinology,Giza,Giza,P0001,CardioSafe,Molecule A,3,8,11
2023-02-01,HCP0003,Endocrinology,Giza,Giza,P0002,GlucoMax,Molecule B,36,17,53
2023-02-01,HCP0003,Endocrinology,Giza,Giza,P0003,Respira,Molecule C,19,14,33
2023-02-01,HCP0003,Endocrinology,Giza,Giza,P0004,PainFree,Molecule D,14,82,96
2023-02-01,HCP0003,Endocrinology,Giza,Giza,P0005,Infecto,Molecule E,34,55,89
2023-02-01,HCP0003,Endocrinology,Giza,Giza,P0006,NeuroCalm,Molecule F,18,91,109
2023-02-01,HCP0003,Endocrinology,Giza,Giza,P0007,ArthroRelief,Molecule G,20,71,91
2023-02-01,HCP0003,Endocrinology,Giza,Giza,P0008,Dermacare,Molecule H,26,52,78
2023-02-01,HCP0003,Endocrinology,Giza,Giza,P0009,LipiControl,Molecule I,14,42,56
2023-02-01,HCP0003,Endocrinology,Giza,Giza,P0010,GastroEase,Molecule J,17,21,38
2023-02-01,HCP0004,Pediatrics,Alexandria,Alexandria,P0001,CardioSafe,Molecule A,6,49,55
2023-02-01,HCP0004,Pediatrics,Alexandria,Alexandria,P0002,GlucoMax,Molecule B,11,38,49
2023-02-01,HCP0004,Pediatrics,Alexandria,Alexandria,P0003,Respira,Molecule C,34,12,46
2023-02-01,HCP0004,Pediatrics,Alexandria,Alexandria,P0004,PainFree,Molecule D,22,49,71
2023-02-01,HCP0004,Pediatrics,Alexandria,Alexandria,P0005,Infecto,Molecule E,27,23,50
2023-02-01,HCP0004,Pediatrics,Alexandria,Alexandria,P0006,NeuroCalm,Molecule F,30,54,84
2023-02-01,HCP0004,Pediatrics,Alexandria,Alexandria,P0007,ArthroRelief,Molecule G,38,77,115
2023-02-01,HCP0004,Pediatrics,Alexandria,Alexandria,P0008,Dermacare,Molecule H,15,34,49
2023-02-01,HCP0004,Pediatrics,Alexandria,Alexandria,P0009,LipiControl,Molecule I,7,43,50
2023-02-01,HCP0004,Pediatrics,Alexandria,Alexandria,P0010,GastroEase,Molecule J,4,32,36
2023-02-01,HCP0005,Pulmonology,Mansoura,Delta,P0001,CardioSafe,Molecule A,16,87,103
2023-02-01,HCP0005,Pulmonology,Mansoura,Delta,P0002,GlucoMax,Molecule B,22,60,82
2023-02-01,HCP0005,Pulmonology,Mansoura,Delta,P0003,Respira,Molecule C,39,93,132
2023-02-01,HCP0005,Pulmonology,Mansoura,Delta,P0004,PainFree,Molecule D,14,87,101
2023-02-01,HCP0005,Pulmonology,Mansoura,Delta,P0005,Infecto,Molecule E,31,12,43
2023-02-01,HCP0005,Pulmonology,Mansoura,Delta,P0006,NeuroCalm,Molecule F,4,70,74
2023-02-01,HCP0005,Pulmonology,Mansoura,Delta,P0007,ArthroRelief,Molecule G,9,44,53
2023-02-01,HCP0005,Pulmonology,Mansoura,Delta,P0008,Dermacare,Molecule H,11,96,107
2023-02-01,HCP0005,Pulmonology,Mansoura,Delta,P0009,LipiControl,Molecule I,31,97,128
2023-02-01,HCP0005,Pulmonology,Mansoura,Delta,P0010,GastroEase,Molecule J,34,40,74
2023-02-01,HCP0006,Neurology,Assiut,Upper Egypt,P0001,CardioSafe,Molecule A,9,51,60
2023-02-01,HCP0006,Neurology,Assiut,Upper Egypt,P0002,GlucoMax,Molecule B,9,36,45
2023-02-01,HCP0006,Neurology,Assiut,Upper Egypt,P0003,Respira,Molecule C,6,31,37
2023-02-01,HCP0006,Neurology,Assiut,Upper Egypt,P0004,PainFree,Molecule D,28,39,67
2023-02-01,HCP0006,Neurology,Assiut,Upper Egypt,P0005,Infecto,Molecule E,6,13,19
2023-02-01,HCP0006,Neurology,Assiut,Upper Egypt,P0006,NeuroCalm,Molecule F,19,44,63
2023-02-01,HCP0006,Neurology,Assiut,Upper Egypt,P0007,ArthroRelief,Molecule G,15,10,25
2023-02-01,HCP0006,Neurology,Assiut,Upper Egypt,P0008,Dermacare,Molecule H,17,76,93
2023-02-01,HCP0006,Neurology,Assiut,Upper Egypt,P0009,LipiControl,Molecule I,8,26,34
2023-02-01,HCP0006,Neurology,Assiut,Upper Egypt,P0010,GastroEase,Molecule J,22,5,27
2023-02-01,HCP0007,Dermatology,Cairo,Cairo East,P0001,CardioSafe,Molecule A,8,62,70
2023-02-01,HCP0007,Dermatology,Cairo,Cairo East,P0002,GlucoMax,Molecule B,38,67,105
2023-02-01,HCP0007,Dermatology,Cairo,Cairo East,P0003,Respira,Molecule C,14,89,103
2023-02-01,HCP0007,Dermatology,Cairo,Cairo East,P0004,PainFree,Molecule D,30,17,47
2023-02-01,HCP0007,Dermatology,Cairo,Cairo East,P0005,Infecto,Molecule E,23,47,70
2023-02-01,HCP0007,Dermatology,Cairo,Cairo East,P0006,NeuroCalm,Molecule F,36,10,46
2023-02-01,HCP0007,Dermatology,Cairo,Cairo East,P0007,ArthroRelief,Molecule G,39,82,121
2023-02-01,HCP0007,Dermatology,Cairo,Cairo East,P0008,Dermacare,Molecule H,37,96,133
2023-02-01,HCP0007,Dermatology,Cairo,Cairo East,P0009,LipiControl,Molecule I,15,20,35
2023-02-01,HCP0007,Dermatology,Cairo,Cairo East,P0010,GastroEase,Molecule J,38,23,61
2023-02-01,HCP0008,GP,Giza,Giza,P0001,CardioSafe,Molecule A,37,65,102
2023-02-01,HCP0008,GP,Giza,Giza,P0002,GlucoMax,Molecule B,19,44,63
2023-02-01,HCP0008,GP,Giza,Giza,P0003,Respira,Molecule C,5,86,91
2023-02-01,HCP0008,GP,Giza,Giza,P0004,PainFree,Molecule D,9,77,86
2023-02-01,HCP0008,GP,Giza,Giza,P0005,Infecto,Molecule E,5,67,72
2023-02-01,HCP0008,GP,Giza,Giza,P0006,NeuroCalm,Molecule F,15,99,114
2023-02-01,HCP0008,GP,Giza,Giza,P0007,ArthroRelief,Molecule G,11,41,52
2023-02-01,HCP0008,GP,Giza,Giza,P0008,Dermacare,Molecule H,36,41,77
2023-02-01,HCP0008,GP,Giza,Giza,P0009,LipiControl,Molecule I,26,92,118
2023-02-01,HCP0008,GP,Giza,Giza,P0010,GastroEase,Molecule J,36,95,131
2023-02-01,HCP0009,Cardiology,Alexandria,Alexandria,P0001,CardioSafe,Molecule A,16,96,112
2023-02-01,HCP0009,Cardiology,Alexandria,Alexandria,P0002,GlucoMax,Molecule B,36,74,110
2023-02-01,HCP0009,Cardiology,Alexandria,Alexandria,P0003,Respira,Molecule C,26,56,82
2023-02-01,HCP0009,Cardiology,Alexandria,Alexandria,P0004,PainFree,Molecule D,38,41,79
2023-02-01,HCP0009,Cardiology,Alexandria,Alexandria,P0005,Infecto,Molecule E,15,71,86
2023-02-01,HCP0009,Cardiology,Alexandria,Alexandria,P0006,NeuroCalm,Molecule F,27,25,52
2023-02-01,HCP0009,Cardiology,Alexandria,Alexandria,P0007,ArthroRelief,Molecule G,11,80,91
2023-02-01,HCP0009,Cardiology,Alexandria,Alexandria,P0008,Dermacare,Molecule H,30,22,52
2023-02-01,HCP0009,Cardiology,Alexandria,Alexandria,P0009,LipiControl,Molecule I,26,80,106
2023-02-01,HCP0009,Cardiology,Alexandria,Alexandria,P0010,GastroEase,Molecule J,3,93,96
2023-02-01,HCP0010,Orthopedics,Cairo,Cairo West,P0001,CardioSafe,Molecule A,2,85,87
2023-02-01,HCP0010,Orthopedics,Cairo,Cairo West,P0002,GlucoMax,Molecule B,33,27,60
2023-02-01,HCP0010,Orthopedics,Cairo,Cairo West,P0003,Respira,Molecule C,30,81,111
2023-02-01,HCP0010,Orthopedics,Cairo,Cairo West,P0004,PainFree,Molecule D,24,64,88
2023-02-01,HCP0010,Orthopedics,Cairo,Cairo West,P0005,Infecto,Molecule E,30,79,109
2023-02-01,HCP0010,Orthopedics,Cairo,Cairo West,P0006,NeuroCalm,Molecule F,39,70,109
2023-02-01,HCP0010,Orthopedics,Cairo,Cairo West,P0007,ArthroRelief,Molecule G,6,9,15
2023-02-01,HCP0010,Orthopedics,Cairo,Cairo West,P0008,Dermacare,Molecule H,14,14,28
2023-02-01,HCP0010,Orthopedics,Cairo,Cairo West,P0009,LipiControl,Molecule I,27,78,105
2023-02-01,HCP0010,Orthopedics,Cairo,Cairo West,P0010,GastroEase,Molecule J,31,93,124
2023-03-01,HCP0001,Cardiology,Cairo,Cairo East,P0001,CardioSafe,Molecule A,14,73,87
2023-03-01,HCP0001,Cardiology,Cairo,Cairo East,P0002,GlucoMax,Molecule B,7,41,48
2023-03-01,HCP0001,Cardiology,Cairo,Cairo East,P0003,Respira,Molecule C,26,52,78
2023-03-01,HCP0001,Cardiology,Cairo,Cairo East,P0004,PainFree,Molecule D,22,54,76
2023-03-01,HCP0001,Cardiology,Cairo,Cairo East,P0005,Infecto,Molecule E,38,24,62
2023-03-01,HCP0001,Cardiology,Cairo,Cairo East,P0006,NeuroCalm,Molecule F,34,73,107
2023-03-01,HCP0001,Cardiology,Cairo,Cairo East,P0007,ArthroRelief,Molecule G,37,40,77
2023-03-01,HCP0001,Cardiology,Cairo,Cairo East,P0008,Dermacare,Molecule H,2,80,82
2023-03-01,HCP0001,Cardiology,Cairo,Cairo East,P0009,LipiControl,Molecule I,14,52,66
2023-03-01,HCP0001,Cardiology,Cairo,Cairo East,P0010,GastroEase,Molecule J,7,18,25
2023-03-01,HCP0002,Internal Medicine,Cairo,Cairo West,P0001,CardioSafe,Molecule A,28,21,49
2023-03-01,HCP0002,Internal Medicine,Cairo,Cairo West,P0002,GlucoMax,Molecule B,13,48,61
2023-03-01,HCP0002,Internal Medicine,Cairo,Cairo West,P0003,Respira,Molecule C,15,17,32
2023-03-01,HCP0002,Internal Medicine,Cairo,Cairo West,P0004,PainFree,Molecule D,9,43,52
2023-03-01,HCP0002,Internal Medicine,Cairo,Cairo West,P0005,Infecto,Molecule E,16,28,44
2023-03-01,HCP0002,Internal Medicine,Cairo,Cairo West,P0006,NeuroCalm,Molecule F,9,62,71
2023-03-01,HCP0002,Internal Medicine,Cairo,Cairo West,P0007,ArthroRelief,Molecule G,17,39,56
2023-03-01,HCP0002,Internal Medicine,Cairo,Cairo West,P0008,Dermacare,Molecule H,26,83,109
2023-03-01,HCP0002,Internal Medicine,Cairo,Cairo West,P0009,LipiControl,Molecule I,26,29,55
2023-03-01,HCP0002,Internal Medicine,Cairo,Cairo West,P0010,GastroEase,Molecule J,33,23,56
2023-03-01,HCP0003,Endocrinology,Giza,Giza,P0001,CardioSafe,Molecule A,13,35,48
2023-03-01,HCP0003,Endocrinology,Giza,Giza,P0002,GlucoMax,Molecule B,30,48,78
2023-03-01,HCP0003,Endocrinology,Giza,Giza,P0003,Respira,Molecule C,17,22,39
2023-03-01,HCP0003,Endocrinology,Giza,Giza,P0004,PainFree,Molecule D,17,39,56
2023-03-01,HCP0003,Endocrinology,Giza,Giza,P0005,Infecto,Molecule E,21,5,26
2023-03-01,HCP0003,Endocrinology,Giza,Giza,P0006,NeuroCalm,Molecule F,24,58,82
2023-03-01,HCP0003,Endocrinology,Giza,Giza,P0007,ArthroRelief,Molecule G,17,81,98
2023-03-01,HCP0003,Endocrinology,Giza,Giza,P0008,Dermacare,Molecule H,17,80,97
2023-03-01,HCP0003,Endocrinology,Giza,Giza,P0009,LipiControl,Molecule I,18,40,58
2023-03-01,HCP0003,Endocrinology,Giza,Giza,P0010,GastroEase,Molecule J,36,93,129
2023-03-01,HCP0004,Pediatrics,Alexandria,Alexandria,P0001,CardioSafe,Molecule A,19,91,110
2023-03-01,HCP0004,Pediatrics,Alexandria,Alexandria,P0002,GlucoMax,Molecule B,39,59,98
2023-03-01,HCP0004,Pediatrics,Alexandria,Alexandria,P0003,Respira,Molecule C,33,34,67
2023-03-01,HCP0004,Pediatrics,Alexandria,Alexandria,P0004,PainFree,Molecule D,2,89,91
2023-03-01,HCP0004,Pediatrics,Alexandria,Alexandria,P0005,Infecto,Molecule E,18,64,82
2023-03-01,HCP0004,Pediatrics,Alexandria,Alexandria,P0006,NeuroCalm,Molecule F,16,24,40
2023-03-01,HCP0004,Pediatrics,Alexandria,Alexandria,P0007,ArthroRelief,Molecule G,16,63,79
2023-03-01,HCP0004,Pediatrics,Alexandria,Alexandria,P0008,Dermacare,Molecule H,28,60,88
2023-03-01,HCP0004,Pediatrics,Alexandria,Alexandria,P0009,LipiControl,Molecule I,23,39,62
2023-03-01,HCP0004,Pediatrics,Alexandria,Alexandria,P0010,GastroEase,Molecule J,31,18,49
2023-03-01,HCP0005,Pulmonology,Mansoura,Delta,P0001,CardioSafe,Molecule A,35,93,128
2023-03-01,HCP0005,Pulmonology,Mansoura,Delta,P0002,GlucoMax,Molecule B,22,15,37
2023-03-01,HCP0005,Pulmonology,Mansoura,Delta,P0003,Respira,Molecule C,5,15,20
2023-03-01,HCP0005,Pulmonology,Mansoura,Delta,P0004,PainFree,Molecule D,5,40,45
2023-03-01,HCP0005,Pulmonology,Mansoura,Delta,P0005,Infecto,Molecule E,29,54,83
2023-03-01,HCP0005,Pulmonology,Mansoura,Delta,P0006,NeuroCalm,Molecule F,19,19,38
2023-03-01,HCP0005,Pulmonology,Mansoura,Delta,P0007,ArthroRelief,Molecule G,30,63,93
2023-03-01,HCP0005,Pulmonology,Mansoura,Delta,P0008,Dermacare,Molecule H,23,23,46
2023-03-01,HCP0005,Pulmonology,Mansoura,Delta,P0009,LipiControl,Molecule I,6,46,52
2023-03-01,HCP0005,Pulmonology,Mansoura,Delta,P0010,GastroEase,Molecule J,15,96,111
2023-03-01,HCP0006,Neurology,Assiut,Upper Egypt,P0001,CardioSafe,Molecule A,12,17,29
2023-03-01,HCP0006,Neurology,Assiut,Upper Egypt,P0002,GlucoMax,Molecule B,5,95,100
2023-03-01,HCP0006,Neurology,Assiut,Upper Egypt,P0003,Respira,Molecule C,11,45,56
2023-03-01,HCP0006,Neurology,Assiut,Upper Egypt,P0004,PainFree,Molecule D,29,68,97
2023-03-01,HCP0006,Neurology,Assiut,Upper Egypt,P0005,Infecto,Molecule E,30,44,74
2023-03-01,HCP0006,Neurology,Assiut,Upper Egypt,P0006,NeuroCalm,Molecule F,18,33,51
2023-03-01,HCP0006,Neurology,Assiut,Upper Egypt,P0007,ArthroRelief,Molecule G,7,86,93
2023-03-01,HCP0006,Neurology,Assiut,Upper Egypt,P0008,Dermacare,Molecule H,35,93,128
2023-03-01,HCP0006,Neurology,Assiut,Upper Egypt,P0009,LipiControl,Molecule I,24,21,45
2023-03-01,HCP0006,Neurology,Assiut,Upper Egypt,P0010,GastroEase,Molecule J,39,40,79
2023-03-01,HCP0007,Dermatology,Cairo,Cairo East,P0001,CardioSafe,Molecule A,18,16,34
2023-03-01,HCP0007,Dermatology,Cairo,Cairo East,P0002,GlucoMax,Molecule B,29,24,53
2023-03-01,HCP0007,Dermatology,Cairo,Cairo East,P0003,Respira,Molecule C,4,99,103
2023-03-01,HCP0007,Dermatology,Cairo,Cairo East,P0004,PainFree,Molecule D,21,93,114
2023-03-01,HCP0007,Dermatology,Cairo,Cairo East,P0005,Infecto,Molecule E,21,19,40
2023-03-01,HCP0007,Dermatology,Cairo,Cairo East,P0006,NeuroCalm,Molecule F,28,95,123
2023-03-01,HCP0007,Dermatology,Cairo,Cairo East,P0007,ArthroRelief,Molecule G,7,80,87
2023-03-01,HCP0007,Dermatology,Cairo,Cairo East,P0008,Dermacare,Molecule H,3,49,52
2023-03-01,HCP0007,Dermatology,Cairo,Cairo East,P0009,LipiControl,Molecule I,12,51,63
2023-03-01,HCP0007,Dermatology,Cairo,Cairo East,P0010,GastroEase,Molecule J,27,22,49
2023-03-01,HCP0008,GP,Giza,Giza,P0001,CardioSafe,Molecule A,22,29,51
2023-03-01,HCP0008,GP,Giza,Giza,P0002,GlucoMax,Molecule B,3,42,45
2023-03-01,HCP0008,GP,Giza,Giza,P0003,Respira,Molecule C,29,87,116
2023-03-01,HCP0008,GP,Giza,Giza,P0004,PainFree,Molecule D,18,6,24
2023-03-01,HCP0008,GP,Giza,Giza,P0005,Infecto,Molecule E,13,92,105
2023-03-01,HCP0008,GP,Giza,Giza,P0006,NeuroCalm,Molecule F,17,98,115
2023-03-01,HCP0008,GP,Giza,Giza,P0007,ArthroRelief,Molecule G,39,17,56
2023-03-01,HCP0008,GP,Giza,Giza,P0008,Dermacare,Molecule H,2,21,23
2023-03-01,HCP0008,GP,Giza,Giza,P0009,LipiControl,Molecule I,8,63,71
2023-03-01,HCP0008,GP,Giza,Giza,P0010,GastroEase,Molecule J,2,34,36
2023-03-01,HCP0009,Cardiology,Alexandria,Alexandria,P0001,CardioSafe,Molecule A,32,32,64
2023-03-01,HCP0009,Cardiology,Alexandria,Alexandria,P0002,GlucoMax,Molecule B,6,15,21
2023-03-01,HCP0009,Cardiology,Alexandria,Alexandria,P0003,Respira,Molecule C,19,88,107
2023-03-01,HCP0009,Cardiology,Alexandria,Alexandria,P0004,PainFree,Molecule D,33,93,126
2023-03-01,HCP0009,Cardiology,Alexandria,Alexandria,P0005,Infecto,Molecule E,25,92,117
2023-03-01,HCP0009,Cardiology,Alexandria,Alexandria,P0006,NeuroCalm,Molecule F,19,26,45
2023-03-01,HCP0009,Cardiology,Alexandria,Alexandria,P0007,ArthroRelief,Molecule G,33,85,118
2023-03-01,HCP0009,Cardiology,Alexandria,Alexandria,P0008,Dermacare,Molecule H,26,48,74
2023-03-01,HCP0009,Cardiology,Alexandria,Alexandria,P0009,LipiControl,Molecule I,16,64,80
2023-03-01,HCP0009,Cardiology,Alexandria,Alexandria,P0010,GastroEase,Molecule J,2,40,42
2023-03-01,HCP0010,Orthopedics,Cairo,Cairo West,P0001,CardioSafe,Molecule A,37,80,117
2023-03-01,HCP0010,Orthopedics,Cairo,Cairo West,P0002,GlucoMax,Molecule B,25,6,31
2023-03-01,HCP0010,Orthopedics,Cairo,Cairo West,P0003,Respira,Molecule C,30,34,64
2023-03-01,HCP0010,Orthopedics,Cairo,Cairo West,P0004,PainFree,Molecule D,11,36,47
2023-03-01,HCP0010,Orthopedics,Cairo,Cairo West,P0005,Infecto,Molecule E,4,98,102
2023-03-01,HCP0010,Orthopedics,Cairo,Cairo West,P0006,NeuroCalm,Molecule F,22,99,121
2023-03-01,HCP0010,Orthopedics,Cairo,Cairo West,P0007,ArthroRelief,Molecule G,19,14,33
2023-03-01,HCP0010,Orthopedics,Cairo,Cairo West,P0008,Dermacare,Molecule H,14,19,33
2023-03-01,HCP0010,Orthopedics,Cairo,Cairo West,P0009,LipiControl,Molecule I,18,96,114
2023-03-01,HCP0010,Orthopedics,Cairo,Cairo West,P0010,GastroEase,Molecule J,2,68,70
2023-04-01,HCP0001,Cardiology,Cairo,Cairo East,P0001,CardioSafe,Molecule A,8,66,74
2023-04-01,HCP0001,Cardiology,Cairo,Cairo East,P0002,GlucoMax,Molecule B,4,48,52
2023-04-01,HCP0001,Cardiology,Cairo,Cairo East,P0003,Respira,Molecule C,36,45,81
2023-04-01,HCP0001,Cardiology,Cairo,Cairo East,P0004,PainFree,Molecule D,11,31,42
2023-04-01,HCP0001,Cardiology,Cairo,Cairo East,P0005,Infecto,Molecule E,37,76,113
2023-04-01,HCP0001,Cardiology,Cairo,Cairo East,P0006,NeuroCalm,Molecule F,36,46,82
2023-04-01,HCP0001,Cardiology,Cairo,Cairo East,P0007,ArthroRelief,Molecule G,20,48,68
2023-04-01,HCP0001,Cardiology,Cairo,Cairo East,P0008,Dermacare,Molecule H,14,19,33
2023-04-01,HCP0001,Cardiology,Cairo,Cairo East,P0009,LipiControl,Molecule I,19,53,72
2023-04-01,HCP0001,Cardiology,Cairo,Cairo East,P0010,GastroEase,Molecule J,6,13,19
2023-04-01,HCP0002,Internal Medicine,Cairo,Cairo West,P0001,CardioSafe,Molecule A,37,21,58
2023-04-01,HCP0002,Internal Medicine,Cairo,Cairo West,P0002,GlucoMax,Molecule B,26,85,111
2023-04-01,HCP0002,Internal Medicine,Cairo,Cairo West,P0003,Respira,Molecule C,24,37,61
2023-04-01,HCP0002,Internal Medicine,Cairo,Cairo West,P0004,PainFree,Molecule D,20,74,94
2023-04-01,HCP0002,Internal Medicine,Cairo,Cairo West,P0005,Infecto,Molecule E,2,75,77
2023-04-01,HCP0002,Internal Medicine,Cairo,Cairo West,P0006,NeuroCalm,Molecule F,19,29,48
2023-04-01,HCP0002,Internal Medicine,Cairo,Cairo West,P0007,ArthroRelief,Molecule G,35,51,86
2023-04-01,HCP0002,Internal Medicine,Cairo,Cairo West,P0008,Dermacare,Molecule H,4,94,98
2023-04-01,HCP0002,Internal Medicine,Cairo,Cairo West,P0009,LipiControl,Molecule I,4,66,70
2023-04-01,HCP0002,Internal Medicine,Cairo,Cairo West,P0010,GastroEase,Molecule J,29,32,61
2023-04-01,HCP0003,Endocrinology,Giza,Giza,P0001,CardioSafe,Molecule A,22,15,37
2023-04-01,HCP0003,Endocrinology,Giza,Giza,P0002,GlucoMax,Molecule B,13,69,82
2023-04-01,HCP0003,Endocrinology,Giza,Giza,P0003,Respira,Molecule C,20,39,59
2023-04-01,HCP0003,Endocrinology,Giza,Giza,P0004,PainFree,Molecule D,27,57,84
2023-04-01,HCP0003,Endocrinology,Giza,Giza,P0005,Infecto,Molecule E,25,74,99
2023-04-01,HCP0003,Endocrinology,Giza,Giza,P0006,NeuroCalm,Molecule F,39,74,113
2023-04-01,HCP0003,Endocrinology,Giza,Giza,P0007,ArthroRelief,Molecule G,25,53,78
2023-04-01,HCP0003,Endocrinology,Giza,Giza,P0008,Dermacare,Molecule H,12,94,106
2023-04-01,HCP0003,Endocrinology,Giza,Giza,P0009,LipiControl,Molecule I,3,76,79
2023-04-01,HCP0003,Endocrinology,Giza,Giza,P0010,GastroEase,Molecule J,14,24,38
2023-04-01,HCP0004,Pediatrics,Alexandria,Alexandria,P0001,CardioSafe,Molecule A,18,50,68
2023-04-01,HCP0004,Pediatrics,Alexandria,Alexandria,P0002,GlucoMax,Molecule B,36,70,106
2023-04-01,HCP0004,Pediatrics,Alexandria,Alexandria,P0003,Respira,Molecule C,12,63,75
2023-04-01,HCP0004,Pediatrics,Alexandria,Alexandria,P0004,PainFree,Molecule D,37,62,99
2023-04-01,HCP0004,Pediatrics,Alexandria,Alexandria,P0005,Infecto,Molecule E,19,28,47
2023-04-01,HCP0004,Pediatrics,Alexandria,Alexandria,P0006,NeuroCalm,Molecule F,15,10,25
2023-04-01,HCP0004,Pediatrics,Alexandria,Alexandria,P0007,ArthroRelief,Molecule G,3,96,99
2023-04-01,HCP0004,Pediatrics,Alexandria,Alexandria,P0008,Dermacare,Molecule H,39,17,56
2023-04-01,HCP0004,Pediatrics,Alexandria,Alexandria,P0009,LipiControl,Molecule I,16,21,37
2023-04-01,HCP0004,Pediatrics,Alexandria,Alexandria,P0010,GastroEase,Molecule J,29,41,70
2023-04-01,HCP0005,Pulmonology,Mansoura,Delta,P0001,CardioSafe,Molecule A,13,89,102
2023-04-01,HCP0005,Pulmonology,Mansoura,Delta,P0002,GlucoMax,Molecule B,31,34,65
2023-04-01,HCP0005,Pulmonology,Mansoura,Delta,P0003,Respira,Molecule C,10,38,48
2023-04-01,HCP0005,Pulmonology,Mansoura,Delta,P0004,PainFree,Molecule D,11,14,25
2023-04-01,HCP0005,Pulmonology,Mansoura,Delta,P0005,Infecto,Molecule E,24,89,113
2023-04-01,HCP0005,Pulmonology,Mansoura,Delta,P0006,NeuroCalm,Molecule F,35,88,123
2023-04-01,HCP0005,Pulmonology,Mansoura,Delta,P0007,ArthroRelief,Molecule G,11,89,100
2023-04-01,HCP0005,Pulmonology,Mansoura,Delta,P0008,Dermacare,Molecule H,31,71,102
2023-04-01,HCP0005,Pulmonology,Mansoura,Delta,P0009,LipiControl,Molecule I,16,82,98
2023-04-01,HCP0005,Pulmonology,Mansoura,Delta,P0010,GastroEase,Molecule J,19,75,94
2023-04-01,HCP0006,Neurology,Assiut,Upper Egypt,P0001,CardioSafe,Molecule A,4,87,91
2023-04-01,HCP0006,Neurology,Assiut,Upper Egypt,P0002,GlucoMax,Molecule B,24,73,97
2023-04-01,HCP0006,Neurology,Assiut,Upper Egypt,P0003,Respira,Molecule C,3,98,101
2023-04-01,HCP0006,Neurology,Assiut,Upper Egypt,P0004,PainFree,Molecule D,7,78,85
2023-04-01,HCP0006,Neurology,Assiut,Upper Egypt,P0005,Infecto,Molecule E,9,42,51
2023-04-01,HCP0006,Neurology,Assiut,Upper Egypt,P0006,NeuroCalm,Molecule F,23,72,95
2023-04-01,HCP0006,Neurology,Assiut,Upper Egypt,P0007,ArthroRelief,Molecule G,37,16,53
2023-04-01,HCP0006,Neurology,Assiut,Upper Egypt,P0008,Dermacare,Molecule H,22,5,27
2023-04-01,HCP0006,Neurology,Assiut,Upper Egypt,P0009,LipiControl,Molecule I,30,81,111
2023-04-01,HCP0006,Neurology,Assiut,Upper Egypt,P0010,GastroEase,Molecule J,20,11,31
2023-04-01,HCP0007,Dermatology,Cairo,Cairo East,P0001,CardioSafe,Molecule A,27,54,81
2023-04-01,HCP0007,Dermatology,Cairo,Cairo East,P0002,GlucoMax,Molecule B,21,76,97
2023-04-01,HCP0007,Dermatology,Cairo,Cairo East,P0003,Respira,Molecule C,19,9,28
2023-04-01,HCP0007,Dermatology,Cairo,Cairo East,P0004,PainFree,Molecule D,17,26,43
2023-04-01,HCP0007,Dermatology,Cairo,Cairo East,P0005,Infecto,Molecule E,24,59,83
2023-04-01,HCP0007,Dermatology,Cairo,Cairo East,P0006,NeuroCalm,Molecule F,34,73,107
2023-04-01,HCP0007,Dermatology,Cairo,Cairo East,P0007,ArthroRelief,Molecule G,14,86,100
2023-04-01,HCP0007,Dermatology,Cairo,Cairo East,P0008,Dermacare,Molecule H,27,53,80
2023-04-01,HCP0007,Dermatology,Cairo,Cairo East,P0009,LipiControl,Molecule I,20,46,66
2023-04-01,HCP0007,Dermatology,Cairo,Cairo East,P0010,GastroEase,Molecule J,32,38,70
2023-04-01,HCP0008,GP,Giza,Giza,P0001,CardioSafe,Molecule A,10,78,88
2023-04-01,HCP0008,GP,Giza,Giza,P0002,GlucoMax,Molecule B,9,36,45
2023-04-01,HCP0008,GP,Giza,Giza,P0003,Respira,Molecule C,26,57,83
2023-04-01,HCP0008,GP,Giza,Giza,P0004,PainFree,Molecule D,18,36,54
2023-04-01,HCP0008,GP,Giza,Giza,P0005,Infecto,Molecule E,25,29,54
2023-04-01,HCP0008,GP,Giza,Giza,P0006,NeuroCalm,Molecule F,17,60,77
2023-04-01,HCP0008,GP,Giza,Giza,P0007,ArthroRelief,Molecule G,2,59,61
2023-04-01,HCP0008,GP,Giza,Giza,P0008,Dermacare,Molecule H,10,70,80
2023-04-01,HCP0008,GP,Giza,Giza,P0009,LipiControl,Molecule I,8,55,63
2023-04-01,HCP0008,GP,Giza,Giza,P0010,GastroEase,Molecule J,16,9,25
2023-04-01,HCP0009,Cardiology,Alexandria,Alexandria,P0001,CardioSafe,Molecule A,7,62,69
2023-04-01,HCP0009,Cardiology,Alexandria,Alexandria,P0002,GlucoMax,Molecule B,8,20,28
2023-04-01,HCP0009,Cardiology,Alexandria,Alexandria,P0003,Respira,Molecule C,31,15,46
2023-04-01,HCP0009,Cardiology,Alexandria,Alexandria,P0004,PainFree,Molecule D,12,80,92
2023-04-01,HCP0009,Cardiology,Alexandria,Alexandria,P0005,Infecto,Molecule E,35,57,92
2023-04-01,HCP0009,Cardiology,Alexandria,Alexandria,P0006,NeuroCalm,Molecule F,11,16,27
2023-04-01,HCP0009,Cardiology,Alexandria,Alexandria,P0007,ArthroRelief,Molecule G,8,30,38
2023-04-01,HCP0009,Cardiology,Alexandria,Alexandria,P0008,Dermacare,Molecule H,20,81,101
2023-04-01,HCP0009,Cardiology,Alexandria,Alexandria,P0009,LipiControl,Molecule I,10,81,91
2023-04-01,HCP0009,Cardiology,Alexandria,Alexandria,P0010,GastroEase,Molecule J,3,17,20
2023-04-01,HCP0010,Orthopedics,Cairo,Cairo West,P0001,CardioSafe,Molecule A,4,49,53
2023-04-01,HCP0010,Orthopedics,Cairo,Cairo West,P0002,GlucoMax,Molecule B,18,35,53
2023-04-01,HCP0010,Orthopedics,Cairo,Cairo West,P0003,Respira,Molecule C,38,53,91
2023-04-01,HCP0010,Orthopedics,Cairo,Cairo West,P0004,PainFree,Molecule D,28,49,77
2023-04-01,HCP0010,Orthopedics,Cairo,Cairo West,P0005,Infecto,Molecule E,28,83,111
2023-04-01,HCP0010,Orthopedics,Cairo,Cairo West,P0006,NeuroCalm,Molecule F,6,63,69
2023-04-01,HCP0010,Orthopedics,Cairo,Cairo West,P0007,ArthroRelief,Molecule G,23,95,118
2023-04-01,HCP0010,Orthopedics,Cairo,Cairo West,P0008,Dermacare,Molecule H,21,20,41
2023-04-01,HCP0010,Orthopedics,Cairo,Cairo West,P0009,LipiControl,Molecule I,17,89,106
2023-04-01,HCP0010,Orthopedics,Cairo,Cairo West,P0010,GastroEase,Molecule J,20,75,95
2023-05-01,HCP0001,Cardiology,Cairo,Cairo East,P0001,CardioSafe,Molecule A,37,62,99
2023-05-01,HCP0001,Cardiology,Cairo,Cairo East,P0002,GlucoMax,Molecule B,26,44,70
2023-05-01,HCP0001,Cardiology,Cairo,Cairo East,P0003,Respira,Molecule C,2,90,92
2023-05-01,HCP0001,Cardiology,Cairo,Cairo East,P0004,PainFree,Molecule D,26,59,85
2023-05-01,HCP0001,Cardiology,Cairo,Cairo East,P0005,Infecto,Molecule E,20,63,83
2023-05-01,HCP0001,Cardiology,Cairo,Cairo East,P0006,NeuroCalm,Molecule F,27,88,115
2023-05-01,HCP0001,Cardiology,Cairo,Cairo East,P0007,ArthroRelief,Molecule G,38,27,65
2023-05-01,HCP0001,Cardiology,Cairo,Cairo East,P0008,Dermacare,Molecule H,37,49,86
2023-05-01,HCP0001,Cardiology,Cairo,Cairo East,P0009,LipiControl,Molecule I,36,6,42
2023-05-01,HCP0001,Cardiology,Cairo,Cairo East,P0010,GastroEase,Molecule J,32,25,57
2023-05-01,HCP0002,Internal Medicine,Cairo,Cairo West,P0001,CardioSafe,Molecule A,26,73,99
2023-05-01,HCP0002,Internal Medicine,Cairo,Cairo West,P0002,GlucoMax,Molecule B,30,79,109
2023-05-01,HCP0002,Internal Medicine,Cairo,Cairo West,P0003,Respira,Molecule C,35,42,77
2023-05-01,HCP0002,Internal Medicine,Cairo,Cairo West,P0004,PainFree,Molecule D,12,8,20
2023-05-01,HCP0002,Internal Medicine,Cairo,Cairo West,P0005,Infecto,Molecule E,13,43,56
2023-05-01,HCP0002,Internal Medicine,Cairo,Cairo West,P0006,NeuroCalm,Molecule F,34,80,114
2023-05-01,HCP0002,Internal Medicine,Cairo,Cairo West,P0007,ArthroRelief,Molecule G,18,9,27
2023-05-01,HCP0002,Internal Medicine,Cairo,Cairo West,P0008,Dermacare,Molecule H,35,40,75
2023-05-01,HCP0002,Internal Medicine,Cairo,Cairo West,P0009,LipiControl,Molecule I,15,66,81
2023-05-01,HCP0002,Internal Medicine,Cairo,Cairo West,P0010,GastroEase,Molecule J,33,27,60
2023-05-01,HCP0003,Endocrinology,Giza,Giza,P0001,CardioSafe,Molecule A,35,48,83
2023-05-01,HCP0003,Endocrinology,Giza,Giza,P0002,GlucoMax,Molecule B,24,72,96
2023-05-01,HCP0003,Endocrinology,Giza,Giza,P0003,Respira,Molecule C,16,25,41
2023-05-01,HCP0003,Endocrinology,Giza,Giza,P0004,PainFree,Molecule D,7,72,79
2023-05-01,HCP0003,Endocrinology,Giza,Giza,P0005,Infecto,Molecule E,36,24,60
2023-05-01,HCP0003,Endocrinology,Giza,Giza,P0006,NeuroCalm,Molecule F,31,21,52
2023-05-01,HCP0003,Endocrinology,Giza,Giza,P0007,ArthroRelief,Molecule G,28,9,37
2023-05-01,HCP0003,Endocrinology,Giza,Giza,P0008,Dermacare,Molecule H,25,45,70
2023-05-01,HCP0003,Endocrinology,Giza,Giza,P0009,LipiControl,Molecule I,22,95,117
2023-05-01,HCP0003,Endocrinology,Giza,Giza,P0010,GastroEase,Molecule J,8,12,20
2023-05-01,HCP0004,Pediatrics,Alexandria,Alexandria,P0001,CardioSafe,Molecule A,10,60,70
2023-05-01,HCP0004,Pediatrics,Alexandria,Alexandria,P0002,GlucoMax,Molecule B,6,51,57
2023-05-01,HCP0004,Pediatrics,Alexandria,Alexandria,P0003,Respira,Molecule C,35,86,121
2023-05-01,HCP0004,Pediatrics,Alexandria,Alexandria,P0004,PainFree,Molecule D,8,60,68
2023-05-01,HCP0004,Pediatrics,Alexandria,Alexandria,P0005,Infecto,Molecule E,18,57,75
2023-05-01,HCP0004,Pediatrics,Alexandria,Alexandria,P0006,NeuroCalm,Molecule F,38,70,108
2023-05-01,HCP0004,Pediatrics,Alexandria,Alexandria,P0007,ArthroRelief,Molecule G,31,95,126
2023-05-01,HCP0004,Pediatrics,Alexandria,Alexandria,P0008,Dermacare,Molecule H,33,35,68
2023-05-01,HCP0004,Pediatrics,Alexandria,Alexandria,P0009,LipiControl,Molecule I,28,78,106
2023-05-01,HCP0004,Pediatrics,Alexandria,Alexandria,P0010,GastroEase,Molecule J,2,50,52
2023-05-01,HCP0005,Pulmonology,Mansoura,Delta,P0001,CardioSafe,Molecule A,17,92,109
2023-05-01,HCP0005,Pulmonology,Mansoura,Delta,P0002,GlucoMax,Molecule B,4,71,75
2023-05-01,HCP0005,Pulmonology,Mansoura,Delta,P0003,Respira,Molecule C,12,29,41
2023-05-01,HCP0005,Pulmonology,Mansoura,Delta,P0004,PainFree,Molecule D,31,50,81
2023-05-01,HCP0005,Pulmonology,Mansoura,Delta,P0005,Infecto,Molecule E,9,31,40
2023-05-01,HCP0005,Pulmonology,Mansoura,Delta,P0006,NeuroCalm,Molecule F,20,86,106
2023-05-01,HCP0005,Pulmonology,Mansoura,Delta,P0007,ArthroRelief,Molecule G,23,86,109
2023-05-01,HCP0005,Pulmonology,Mansoura,Delta,P0008,Dermacare,Molecule H,7,92,99
2023-05-01,HCP0005,Pulmonology,Mansoura,Delta,P0009,LipiControl,Molecule I,21,51,72
2023-05-01,HCP0005,Pulmonology,Mansoura,Delta,P0010,GastroEase,Molecule J,37,29,66
2023-05-01,HCP0006,Neurology,Assiut,Upper Egypt,P0001,CardioSafe,Molecule A,14,39,53
2023-05-01,HCP0006,Neurology,Assiut,Upper Egypt,P0002,GlucoMax,Molecule B,24,52,76
2023-05-01,HCP0006,Neurology,Assiut,Upper Egypt,P0003,Respira,Molecule C,16,85,101
2023-05-01,HCP0006,Neurology,Assiut,Upper Egypt,P0004,PainFree,Molecule D,21,84,105
2023-05-01,HCP0006,Neurology,Assiut,Upper Egypt,P0005,Infecto,Molecule E,17,8,25
2023-05-01,HCP0006,Neurology,Assiut,Upper Egypt,P0006,NeuroCalm,Molecule F,24,71,95
2023-05-01,HCP0006,Neurology,Assiut,Upper Egypt,P0007,ArthroRelief,Molecule G,36,28,64
2023-05-01,HCP0006,Neurology,Assiut,Upper Egypt,P0008,Dermacare,Molecule H,13,22,35
2023-05-01,HCP0006,Neurology,Assiut,Upper Egypt,P0009,LipiControl,Molecule I,19,47,66
2023-05-01,HCP0006,Neurology,Assiut,Upper Egypt,P0010,GastroEase,Molecule J,2,52,54
2023-05-01,HCP0007,Dermatology,Cairo,Cairo East,P0001,CardioSafe,Molecule A,20,30,50
2023-05-01,HCP0007,Dermatology,Cairo,Cairo East,P0002,GlucoMax,Molecule B,10,78,88
2023-05-01,HCP0007,Dermatology,Cairo,Cairo East,P0003,Respira,Molecule C,27,49,76
2023-05-01,HCP0007,Dermatology,Cairo,Cairo East,P0004,PainFree,Molecule D,9,95,104
2023-05-01,HCP0007,Dermatology,Cairo,Cairo East,P0005,Infecto,Molecule E,39,84,123
2023-05-01,HCP0007,Dermatology,Cairo,Cairo East,P0006,NeuroCalm,Molecule F,23,71,94
2023-05-01,HCP0007,Dermatology,Cairo,Cairo East,P0007,ArthroRelief,Molecule G,34,69,103
2023-05-01,HCP0007,Dermatology,Cairo,Cairo East,P0008,Dermacare,Molecule H,8,37,45
2023-05-01,HCP0007,Dermatology,Cairo,Cairo East,P0009,LipiControl,Molecule I,21,45,66
2023-05-01,HCP0007,Dermatology,Cairo,Cairo East,P0010,GastroEase,Molecule J,15,61,76
2023-05-01,HCP0008,GP,Giza,Giza,P0001,CardioSafe,Molecule A,27,87,114
2023-05-01,HCP0008,GP,Giza,Giza,P0002,GlucoMax,Molecule B,12,9,21
2023-05-01,HCP0008,GP,Giza,Giza,P0003,Respira,Molecule C,39,49,88
2023-05-01,HCP0008,GP,Giza,Giza,P0004,PainFree,Molecule D,8,75,83
2023-05-01,HCP0008,GP,Giza,Giza,P0005,Infecto,Molecule E,7,45,52
2023-05-01,HCP0008,GP,Giza,Giza,P0006,NeuroCalm,Molecule F,28,50,78
2023-05-01,HCP0008,GP,Giza,Giza,P0007,ArthroRelief,Molecule G,15,21,36
2023-05-01,HCP0008,GP,Giza,Giza,P0008,Dermacare,Molecule H,18,99,117
2023-05-01,HCP0008,GP,Giza,Giza,P0009,LipiControl,Molecule I,24,80,104
2023-05-01,HCP0008,GP,Giza,Giza,P0010,GastroEase,Molecule J,5,96,101
2023-05-01,HCP0009,Cardiology,Alexandria,Alexandria,P0001,CardioSafe,Molecule A,13,58,71
2023-05-01,HCP0009,Cardiology,Alexandria,Alexandria,P0002,GlucoMax,Molecule B,25,71,96
2023-05-01,HCP0009,Cardiology,Alexandria,Alexandria,P0003,Respira,Molecule C,5,38,43
2023-05-01,HCP0009,Cardiology,Alexandria,Alexandria,P0004,PainFree,Molecule D,39,96,135
2023-05-01,HCP0009,Cardiology,Alexandria,Alexandria,P0005,Infecto,Molecule E,26,51,77
2023-05-01,HCP0009,Cardiology,Alexandria,Alexandria,P0006,NeuroCalm,Molecule F,38,59,97
2023-05-01,HCP0009,Cardiology,Alexandria,Alexandria,P0007,ArthroRelief,Molecule G,20,34,54
2023-05-01,HCP0009,Cardiology,Alexandria,Alexandria,P0008,Dermacare,Molecule H,31,52,83
2023-05-01,HCP0009,Cardiology,Alexandria,Alexandria,P0009,LipiControl,Molecule I,8,8,16
2023-05-01,HCP0009,Cardiology,Alexandria,Alexandria,P0010,GastroEase,Molecule J,32,85,117
2023-05-01,HCP0010,Orthopedics,Cairo,Cairo West,P0001,CardioSafe,Molecule A,37,80,117
2023-05-01,HCP0010,Orthopedics,Cairo,Cairo West,P0002,GlucoMax,Molecule B,26,93,119
2023-05-01,HCP0010,Orthopedics,Cairo,Cairo West,P0003,Respira,Molecule C,34,5,39
2023-05-01,HCP0010,Orthopedics,Cairo,Cairo West,P0004,PainFree,Molecule D,29,68,97
2023-05-01,HCP0010,Orthopedics,Cairo,Cairo West,P0005,Infecto,Molecule E,32,72,104
2023-05-01,HCP0010,Orthopedics,Cairo,Cairo West,P0006,NeuroCalm,Molecule F,9,75,84
2023-05-01,HCP0010,Orthopedics,Cairo,Cairo West,P0007,ArthroRelief,Molecule G,9,65,74
2023-05-01,HCP0010,Orthopedics,Cairo,Cairo West,P0008,Dermacare,Molecule H,25,13,38
2023-05-01,HCP0010,Orthopedics,Cairo,Cairo West,P0009,LipiControl,Molecule I,35,43,78
2023-05-01,HCP0010,Orthopedics,Cairo,Cairo West,P0010,GastroEase,Molecule J,3,27,30
2023-06-01,HCP0001,Cardiology,Cairo,Cairo East,P0001,CardioSafe,Molecule A,17,72,89
2023-06-01,HCP0001,Cardiology,Cairo,Cairo East,P0002,GlucoMax,Molecule B,33,82,115
2023-06-01,HCP0001,Cardiology,Cairo,Cairo East,P0003,Respira,Molecule C,12,49,61
2023-06-01,HCP0001,Cardiology,Cairo,Cairo East,P0004,PainFree,Molecule D,32,96,128
2023-06-01,HCP0001,Cardiology,Cairo,Cairo East,P0005,Infecto,Molecule E,38,11,49
2023-06-01,HCP0001,Cardiology,Cairo,Cairo East,P0006,NeuroCalm,Molecule F,15,6,21
2023-06-01,HCP0001,Cardiology,Cairo,Cairo East,P0007,ArthroRelief,Molecule G,25,86,111
2023-06-01,HCP0001,Cardiology,Cairo,Cairo East,P0008,Dermacare,Molecule H,8,65,73
2023-06-01,HCP0001,Cardiology,Cairo,Cairo East,P0009,LipiControl,Molecule I,20,8,28
2023-06-01,HCP0001,Cardiology,Cairo,Cairo East,P0010,GastroEase,Molecule J,16,91,107
2023-06-01,HCP0002,Internal Medicine,Cairo,Cairo West,P0001,CardioSafe,Molecule A,25,19,44
2023-06-01,HCP0002,Internal Medicine,Cairo,Cairo West,P0002,GlucoMax,Molecule B,39,60,99
2023-06-01,HCP0002,Internal Medicine,Cairo,Cairo West,P0003,Respira,Molecule C,17,58,75
2023-06-01,HCP0002,Internal Medicine,Cairo,Cairo West,P0004,PainFree,Molecule D,5,90,95
2023-06-01,HCP0002,Internal Medicine,Cairo,Cairo West,P0005,Infecto,Molecule E,7,69,76
2023-06-01,HCP0002,Internal Medicine,Cairo,Cairo West,P0006,NeuroCalm,Molecule F,4,49,53
2023-06-01,HCP0002,Internal Medicine,Cairo,Cairo West,P0007,ArthroRelief,Molecule G,20,76,96
2023-06-01,HCP0002,Internal Medicine,Cairo,Cairo West,P0008,Dermacare,Molecule H,10,34,44
2023-06-01,HCP0002,Internal Medicine,Cairo,Cairo West,P0009,LipiControl,Molecule I,25,84,109
2023-06-01,HCP0002,Internal Medicine,Cairo,Cairo West,P0010,GastroEase,Molecule J,12,5,17
2023-06-01,HCP0003,Endocrinology,Giza,Giza,P0001,CardioSafe,Molecule A,31,38,69
2023-06-01,HCP0003,Endocrinology,Giza,Giza,P0002,GlucoMax,Molecule B,7,53,60
2023-06-01,HCP0003,Endocrinology,Giza,Giza,P0003,Respira,Molecule C,14,47,61
2023-06-01,HCP0003,Endocrinology,Giza,Giza,P0004,PainFree,Molecule D,9,72,81
2023-06-01,HCP0003,Endocrinology,Giza,Giza,P0005,Infecto,Molecule E,29,26,55
2023-06-01,HCP0003,Endocrinology,Giza,Giza,P0006,NeuroCalm,Molecule F,24,59,83
2023-06-01,HCP0003,Endocrinology,Giza,Giza,P0007,ArthroRelief,Molecule G,21,78,99
2023-06-01,HCP0003,Endocrinology,Giza,Giza,P0008,Dermacare,Molecule H,32,89,121
2023-06-01,HCP0003,Endocrinology,Giza,Giza,P0009,LipiControl,Molecule I,19,83,102
2023-06-01,HCP0003,Endocrinology,Giza,Giza,P0010,GastroEase,Molecule J,17,66,83
2023-06-01,HCP0004,Pediatrics,Alexandria,Alexandria,P0001,CardioSafe,Molecule A,31,19,50
2023-06-01,HCP0004,Pediatrics,Alexandria,Alexandria,P0002,GlucoMax,Molecule B,31,59,90
2023-06-01,HCP0004,Pediatrics,Alexandria,Alexandria,P0003,Respira,Molecule C,27,48,75
2023-06-01,HCP0004,Pediatrics,Alexandria,Alexandria,P0004,PainFree,Molecule D,17,16,33
2023-06-01,HCP0004,Pediatrics,Alexandria,Alexandria,P0005,Infecto,Molecule E,24,45,69
2023-06-01,HCP0004,Pediatrics,Alexandria,Alexandria,P0006,NeuroCalm,Molecule F,8,29,37
2023-06-01,HCP0004,Pediatrics,Alexandria,Alexandria,P0007,ArthroRelief,Molecule G,27,22,49
2023-06-01,HCP0004,Pediatrics,Alexandria,Alexandria,P0008,Dermacare,Molecule H,3,54,57
2023-06-01,HCP0004,Pediatrics,Alexandria,Alexandria,P0009,LipiControl,Molecule I,9,98,107
2023-06-01,HCP0004,Pediatrics,Alexandria,Alexandria,P0010,GastroEase,Molecule J,10,16,26
2023-06-01,HCP0005,Pulmonology,Mansoura,Delta,P0001,CardioSafe,Molecule A,16,97,113
2023-06-01,HCP0005,Pulmonology,Mansoura,Delta,P0002,GlucoMax,Molecule B,24,47,71
2023-06-01,HCP0005,Pulmonology,Mansoura,Delta,P0003,Respira,Molecule C,32,15,47
2023-06-01,HCP0005,Pulmonology,Mansoura,Delta,P0004,PainFree,Molecule D,30,18,48
2023-06-01,HCP0005,Pulmonology,Mansoura,Delta,P0005,Infecto,Molecule E,4,35,39
2023-06-01,HCP0005,Pulmonology,Mansoura,Delta,P0006,NeuroCalm,Molecule F,20,24,44
2023-06-01,HCP0005,Pulmonology,Mansoura,Delta,P0007,ArthroRelief,Molecule G,8,57,65
2023-06-01,HCP0005,Pulmonology,Mansoura,Delta,P0008,Dermacare,Molecule H,8,36,44
2023-06-01,HCP0005,Pulmonology,Mansoura,Delta,P0009,LipiControl,Molecule I,7,25,32
2023-06-01,HCP0005,Pulmonology,Mansoura,Delta,P0010,GastroEase,Molecule J,24,25,49
2023-06-01,HCP0006,Neurology,Assiut,Upper Egypt,P0001,CardioSafe,Molecule A,31,43,74
2023-06-01,HCP0006,Neurology,Assiut,Upper Egypt,P0002,GlucoMax,Molecule B,11,32,43
2023-06-01,HCP0006,Neurology,Assiut,Upper Egypt,P0003,Respira,Molecule C,35,51,86
2023-06-01,HCP0006,Neurology,Assiut,Upper Egypt,P0004,PainFree,Molecule D,23,75,98
2023-06-01,HCP0006,Neurology,Assiut,Upper Egypt,P0005,Infecto,Molecule E,30,69,99
2023-06-01,HCP0006,Neurology,Assiut,Upper Egypt,P0006,NeuroCalm,Molecule F,37,44,81
2023-06-01,HCP0006,Neurology,Assiut,Upper Egypt,P0007,ArthroRelief,Molecule G,39,66,105
2023-06-01,HCP0006,Neurology,Assiut,Upper Egypt,P0008,Dermacare,Molecule H,38,57,95
2023-06-01,HCP0006,Neurology,Assiut,Upper Egypt,P0009,LipiControl,Molecule I,36,88,124
2023-06-01,HCP0006,Neurology,Assiut,Upper Egypt,P0010,GastroEase,Molecule J,5,70,75
2023-06-01,HCP0007,Dermatology,Cairo,Cairo East,P0001,CardioSafe,Molecule A,8,83,91
2023-06-01,HCP0007,Dermatology,Cairo,Cairo East,P0002,GlucoMax,Molecule B,2,19,21
2023-06-01,HCP0007,Dermatology,Cairo,Cairo East,P0003,Respira,Molecule C,6,83,89
2023-06-01,HCP0007,Dermatology,Cairo,Cairo East,P0004,PainFree,Molecule D,22,39,61
2023-06-01,HCP0007,Dermatology,Cairo,Cairo East,P0005,Infecto,Molecule E,16,44,60
2023-06-01,HCP0007,Dermatology,Cairo,Cairo East,P0006,NeuroCalm,Molecule F,16,39,55
2023-06-01,HCP0007,Dermatology,Cairo,Cairo East,P0007,ArthroRelief,Molecule G,17,11,28
2023-06-01,HCP0007,Dermatology,Cairo,Cairo East,P0008,Dermacare,Molecule H,12,90,102
2023-06-01,HCP0007,Dermatology,Cairo,Cairo East,P0009,LipiControl,Molecule I,23,61,84
2023-06-01,HCP0007,Dermatology,Cairo,Cairo East,P0010,GastroEase,Molecule J,24,28,52
2023-06-01,HCP0008,GP,Giza,Giza,P0001,CardioSafe,Molecule A,25,18,43
2023-06-01,HCP0008,GP,Giza,Giza,P0002,GlucoMax,Molecule B,33,51,84
2023-06-01,HCP0008,GP,Giza,Giza,P0003,Respira,Molecule C,28,31,59
2023-06-01,HCP0008,GP,Giza,Giza,P0004,PainFree,Molecule D,16,95,111
2023-06-01,HCP0008,GP,Giza,Giza,P0005,Infecto,Molecule E,29,48,77
2023-06-01,HCP0008,GP,Giza,Giza,P0006,NeuroCalm,Molecule F,3,93,96
2023-06-01,HCP0008,GP,Giza,Giza,P0007,ArthroRelief,Molecule G,13,80,93
2023-06-01,HCP0008,GP,Giza,Giza,P0008,Dermacare,Molecule H,33,62,95
2023-06-01,HCP0008,GP,Giza,Giza,P0009,LipiControl,Molecule I,37,65,102
2023-06-01,HCP0008,GP,Giza,Giza,P0010,GastroEase,Molecule J,9,44,53
2023-06-01,HCP0009,Cardiology,Alexandria,Alexandria,P0001,CardioSafe,Molecule A,37,7,44
2023-06-01,HCP0009,Cardiology,Alexandria,Alexandria,P0002,GlucoMax,Molecule B,12,64,76
2023-06-01,HCP0009,Cardiology,Alexandria,Alexandria,P0003,Respira,Molecule C,32,46,78
2023-06-01,HCP0009,Cardiology,Alexandria,Alexandria,P0004,PainFree,Molecule D,28,88,116
2023-06-01,HCP0009,Cardiology,Alexandria,Alexandria,P0005,Infecto,Molecule E,37,39,76
2023-06-01,HCP0009,Cardiology,Alexandria,Alexandria,P0006,NeuroCalm,Molecule F,27,47,74
2023-06-01,HCP0009,Cardiology,Alexandria,Alexandria,P0007,ArthroRelief,Molecule G,31,53,84
2023-06-01,HCP0009,Cardiology,Alexandria,Alexandria,P0008,Dermacare,Molecule H,37,50,87
2023-06-01,HCP0009,Cardiology,Alexandria,Alexandria,P0009,LipiControl,Molecule I,11,16,27
2023-06-01,HCP0009,Cardiology,Alexandria,Alexandria,P0010,GastroEase,Molecule J,37,95,132
2023-06-01,HCP0010,Orthopedics,Cairo,Cairo West,P0001,CardioSafe,Molecule A,12,59,71
2023-06-01,HCP0010,Orthopedics,Cairo,Cairo West,P0002,GlucoMax,Molecule B,32,73,105
2023-06-01,HCP0010,Orthopedics,Cairo,Cairo West,P0003,Respira,Molecule C,14,37,51
2023-06-01,HCP0010,Orthopedics,Cairo,Cairo West,P0004,PainFree,Molecule D,34,7,41
2023-06-01,HCP0010,Orthopedics,Cairo,Cairo West,P0005,Infecto,Molecule E,32,88,120
2023-06-01,HCP0010,Orthopedics,Cairo,Cairo West,P0006,NeuroCalm,Molecule F,24,80,104
2023-06-01,HCP0010,Orthopedics,Cairo,Cairo West,P0007,ArthroRelief,Molecule G,23,35,58
2023-06-01,HCP0010,Orthopedics,Cairo,Cairo West,P0008,Dermacare,Molecule H,8,62,70
2023-06-01,HCP0010,Orthopedics,Cairo,Cairo West,P0009,LipiControl,Molecule I,34,69,103
2023-06-01,HCP0010,Orthopedics,Cairo,Cairo West,P0010,GastroEase,Molecule J,3,25,28
2023-07-01,HCP0001,Cardiology,Cairo,Cairo East,P0001,CardioSafe,Molecule A,5,82,87
2023-07-01,HCP0001,Cardiology,Cairo,Cairo East,P0002,GlucoMax,Molecule B,26,95,121
2023-07-01,HCP0001,Cardiology,Cairo,Cairo East,P0003,Respira,Molecule C,39,83,122
2023-07-01,HCP0001,Cardiology,Cairo,Cairo East,P0004,PainFree,Molecule D,16,56,72
2023-07-01,HCP0001,Cardiology,Cairo,Cairo East,P0005,Infecto,Molecule E,8,91,99
2023-07-01,HCP0001,Cardiology,Cairo,Cairo East,P0006,NeuroCalm,Molecule F,38,18,56
2023-07-01,HCP0001,Cardiology,Cairo,Cairo East,P0007,ArthroRelief,Molecule G,23,91,114
2023-07-01,HCP0001,Cardiology,Cairo,Cairo East,P0008,Dermacare,Molecule H,4,7,11
2023-07-01,HCP0001,Cardiology,Cairo,Cairo East,P0009,LipiControl,Molecule I,27,64,91
2023-07-01,HCP0001,Cardiology,Cairo,Cairo East,P0010,GastroEase,Molecule J,34,42,76
2023-07-01,HCP0002,Internal Medicine,Cairo,Cairo West,P0001,CardioSafe,Molecule A,5,75,80
2023-07-01,HCP0002,Internal Medicine,Cairo,Cairo West,P0002,GlucoMax,Molecule B,30,65,95
2023-07-01,HCP0002,Internal Medicine,Cairo,Cairo West,P0003,Respira,Molecule C,27,11,38
2023-07-01,HCP0002,Internal Medicine,Cairo,Cairo West,P0004,PainFree,Molecule D,37,5,42
2023-07-01,HCP0002,Internal Medicine,Cairo,Cairo West,P0005,Infecto,Molecule E,17,74,91
2023-07-01,HCP0002,Internal Medicine,Cairo,Cairo West,P0006,NeuroCalm,Molecule F,9,81,90
2023-07-01,HCP0002,Internal Medicine,Cairo,Cairo West,P0007,ArthroRelief,Molecule G,27,38,65
2023-07-01,HCP0002,Internal Medicine,Cairo,Cairo West,P0008,Dermacare,Molecule H,2,65,67
2023-07-01,HCP0002,Internal Medicine,Cairo,Cairo West,P0009,LipiControl,Molecule I,2,99,101
2023-07-01,HCP0002,Internal Medicine,Cairo,Cairo West,P0010,GastroEase,Molecule J,34,52,86
2023-07-01,HCP0003,Endocrinology,Giza,Giza,P0001,CardioSafe,Molecule A,24,15,39
2023-07-01,HCP0003,Endocrinology,Giza,Giza,P0002,GlucoMax,Molecule B,30,80,110
2023-07-01,HCP0003,Endocrinology,Giza,Giza,P0003,Respira,Molecule C,26,53,79
2023-07-01,HCP0003,Endocrinology,Giza,Giza,P0004,PainFree,Molecule D,18,57,75
2023-07-01,HCP0003,Endocrinology,Giza,Giza,P0005,Infecto,Molecule E,3,85,88
2023-07-01,HCP0003,Endocrinology,Giza,Giza,P0006,NeuroCalm,Molecule F,4,69,73
2023-07-01,HCP0003,Endocrinology,Giza,Giza,P0007,ArthroRelief,Molecule G,21,40,61
2023-07-01,HCP0003,Endocrinology,Giza,Giza,P0008,Dermacare,Molecule H,8,91,99
2023-07-01,HCP0003,Endocrinology,Giza,Giza,P0009,LipiControl,Molecule I,28,23,51
2023-07-01,HCP0003,Endocrinology,Giza,Giza,P0010,GastroEase,Molecule J,19,9,28
2023-07-01,HCP0004,Pediatrics,Alexandria,Alexandria,P0001,CardioSafe,Molecule A,5,61,66
2023-07-01,HCP0004,Pediatrics,Alexandria,Alexandria,P0002,GlucoMax,Molecule B,19,95,114
2023-07-01,HCP0004,Pediatrics,Alexandria,Alexandria,P0003,Respira,Molecule C,5,12,17
2023-07-01,HCP0004,Pediatrics,Alexandria,Alexandria,P0004,PainFree,Molecule D,38,36,74
2023-07-01,HCP0004,Pediatrics,Alexandria,Alexandria,P0005,Infecto,Molecule E,34,97,131
2023-07-01,HCP0004,Pediatrics,Alexandria,Alexandria,P0006,NeuroCalm,Molecule F,16,79,95
2023-07-01,HCP0004,Pediatrics,Alexandria,Alexandria,P0007,ArthroRelief,Molecule G,5,64,69
2023-07-01,HCP0004,Pediatrics,Alexandria,Alexandria,P0008,Dermacare,Molecule H,6,85,91
2023-07-01,HCP0004,Pediatrics,Alexandria,Alexandria,P0009,LipiControl,Molecule I,13,83,96
2023-07-01,HCP0004,Pediatrics,Alexandria,Alexandria,P0010,GastroEase,Molecule J,30,99,129
2023-07-01,HCP0005,Pulmonology,Mansoura,Delta,P0001,CardioSafe,Molecule A,4,74,78
2023-07-01,HCP0005,Pulmonology,Mansoura,Delta,P0002,GlucoMax,Molecule B,16,99,115
2023-07-01,HCP0005,Pulmonology,Mansoura,Delta,P0003,Respira,Molecule C,19,91,110
2023-07-01,HCP0005,Pulmonology,Mansoura,Delta,P0004,PainFree,Molecule D,12,70,82
2023-07-01,HCP0005,Pulmonology,Mansoura,Delta,P0005,Infecto,Molecule E,37,97,134
2023-07-01,HCP0005,Pulmonology,Mansoura,Delta,P0006,NeuroCalm,Molecule F,23,36,59
2023-07-01,HCP0005,Pulmonology,Mansoura,Delta,P0007,ArthroRelief,Molecule G,33,7,40
2023-07-01,HCP0005,Pulmonology,Mansoura,Delta,P0008,Dermacare,Molecule H,4,64,68
2023-07-01,HCP0005,Pulmonology,Mansoura,Delta,P0009,LipiControl,Molecule I,25,12,37
2023-07-01,HCP0005,Pulmonology,Mansoura,Delta,P0010,GastroEase,Molecule J,2,42,44
2023-07-01,HCP0006,Neurology,Assiut,Upper Egypt,P0001,CardioSafe,Molecule A,6,53,59
2023-07-01,HCP0006,Neurology,Assiut,Upper Egypt,P0002,GlucoMax,Molecule B,23,24,47
2023-07-01,HCP0006,Neurology,Assiut,Upper Egypt,P0003,Respira,Molecule C,21,60,81
2023-07-01,HCP0006,Neurology,Assiut,Upper Egypt,P0004,PainFree,Molecule D,33,94,127
2023-07-01,HCP0006,Neurology,Assiut,Upper Egypt,P0005,Infecto,Molecule E,10,81,91
2023-07-01,HCP0006,Neurology,Assiut,Upper Egypt,P0006,NeuroCalm,Molecule F,22,6,28
2023-07-01,HCP0006,Neurology,Assiut,Upper Egypt,P0007,ArthroRelief,Molecule G,12,31,43
2023-07-01,HCP0006,Neurology,Assiut,Upper Egypt,P0008,Dermacare,Molecule H,11,35,46
2023-07-01,HCP0006,Neurology,Assiut,Upper Egypt,P0009,LipiControl,Molecule I,31,29,60
2023-07-01,HCP0006,Neurology,Assiut,Upper Egypt,P0010,GastroEase,Molecule J,37,36,73
2023-07-01,HCP0007,Dermatology,Cairo,Cairo East,P0001,CardioSafe,Molecule A,15,49,64
2023-07-01,HCP0007,Dermatology,Cairo,Cairo East,P0002,GlucoMax,Molecule B,38,13,51
2023-07-01,HCP0007,Dermatology,Cairo,Cairo East,P0003,Respira,Molecule C,8,65,73
2023-07-01,HCP0007,Dermatology,Cairo,Cairo East,P0004,PainFree,Molecule D,7,32,39
2023-07-01,HCP0007,Dermatology,Cairo,Cairo East,P0005,Infecto,Molecule E,17,21,38
2023-07-01,HCP0007,Dermatology,Cairo,Cairo East,P0006,NeuroCalm,Molecule F,11,85,96
2023-07-01,HCP0007,Dermatology,Cairo,Cairo East,P0007,ArthroRelief,Molecule G,8,72,80
2023-07-01,HCP0007,Dermatology,Cairo,Cairo East,P0008,Dermacare,Molecule H,27,85,112
2023-07-01,HCP0007,Dermatology,Cairo,Cairo East,P0009,LipiControl,Molecule I,35,59,94
2023-07-01,HCP0007,Dermatology,Cairo,Cairo East,P0010,GastroEase,Molecule J,10,83,93
2023-07-01,HCP0008,GP,Giza,Giza,P0001,CardioSafe,Molecule A,16,60,76
2023-07-01,HCP0008,GP,Giza,Giza,P0002,GlucoMax,Molecule B,34,9,43
2023-07-01,HCP0008,GP,Giza,Giza,P0003,Respira,Molecule C,16,72,88
2023-07-01,HCP0008,GP,Giza,Giza,P0004,PainFree,Molecule D,31,91,122
2023-07-01,HCP0008,GP,Giza,Giza,P0005,Infecto,Molecule E,26,63,89
2023-07-01,HCP0008,GP,Giza,Giza,P0006,NeuroCalm,Molecule F,35,68,103
2023-07-01,HCP0008,GP,Giza,Giza,P0007,ArthroRelief,Molecule G,20,7,27
2023-07-01,HCP0008,GP,Giza,Giza,P0008,Dermacare,Molecule H,16,7,23
2023-07-01,HCP0008,GP,Giza,Giza,P0009,LipiControl,Molecule I,35,46,81
2023-07-01,HCP0008,GP,Giza,Giza,P0010,GastroEase,Molecule J,14,10,24
2023-07-01,HCP0009,Cardiology,Alexandria,Alexandria,P0001,CardioSafe,Molecule A,29,15,44
2023-07-01,HCP0009,Cardiology,Alexandria,Alexandria,P0002,GlucoMax,Molecule B,19,42,61
2023-07-01,HCP0009,Cardiology,Alexandria,Alexandria,P0003,Respira,Molecule C,13,83,96
2023-07-01,HCP0009,Cardiology,Alexandria,Alexandria,P0004,PainFree,Molecule D,21,38,59
2023-07-01,HCP0009,Cardiology,Alexandria,Alexandria,P0005,Infecto,Molecule E,5,69,74
2023-07-01,HCP0009,Cardiology,Alexandria,Alexandria,P0006,NeuroCalm,Molecule F,23,74,97
2023-07-01,HCP0009,Cardiology,Alexandria,Alexandria,P0007,ArthroRelief,Molecule G,29,57,86
2023-07-01,HCP0009,Cardiology,Alexandria,Alexandria,P0008,Dermacare,Molecule H,29,44,73
2023-07-01,HCP0009,Cardiology,Alexandria,Alexandria,P0009,LipiControl,Molecule I,18,42,60
2023-07-01,HCP0009,Cardiology,Alexandria,Alexandria,P0010,GastroEase,Molecule J,22,77,99
2023-07-01,HCP0010,Orthopedics,Cairo,Cairo West,P0001,CardioSafe,Molecule A,12,70,82
2023-07-01,HCP0010,Orthopedics,Cairo,Cairo West,P0002,GlucoMax,Molecule B,36,93,129
2023-07-01,HCP0010,Orthopedics,Cairo,Cairo West,P0003,Respira,Molecule C,19,52,71
2023-07-01,HCP0010,Orthopedics,Cairo,Cairo West,P0004,PainFree,Molecule D,11,16,27
2023-07-01,HCP0010,Orthopedics,Cairo,Cairo West,P0005,Infecto,Molecule E,33,30,63
2023-07-01,HCP0010,Orthopedics,Cairo,Cairo West,P0006,NeuroCalm,Molecule F,14,21,35
2023-07-01,HCP0010,Orthopedics,Cairo,Cairo West,P0007,ArthroRelief,Molecule G,28,61,89
2023-07-01,HCP0010,Orthopedics,Cairo,Cairo West,P0008,Dermacare,Molecule H,25,75,100
2023-07-01,HCP0010,Orthopedics,Cairo,Cairo West,P0009,LipiControl,Molecule I,20,70,90
2023-07-01,HCP0010,Orthopedics,Cairo,Cairo West,P0010,GastroEase,Molecule J,9,93,102
2023-08-01,HCP0001,Cardiology,Cairo,Cairo East,P0001,CardioSafe,Molecule A,22,80,102
2023-08-01,HCP0001,Cardiology,Cairo,Cairo East,P0002,GlucoMax,Molecule B,31,85,116
2023-08-01,HCP0001,Cardiology,Cairo,Cairo East,P0003,Respira,Molecule C,8,5,13
2023-08-01,HCP0001,Cardiology,Cairo,Cairo East,P0004,PainFree,Molecule D,11,99,110
2023-08-01,HCP0001,Cardiology,Cairo,Cairo East,P0005,Infecto,Molecule E,3,53,56
2023-08-01,HCP0001,Cardiology,Cairo,Cairo East,P0006,NeuroCalm,Molecule F,31,10,41
2023-08-01,HCP0001,Cardiology,Cairo,Cairo East,P0007,ArthroRelief,Molecule G,3,83,86
2023-08-01,HCP0001,Cardiology,Cairo,Cairo East,P0008,Dermacare,Molecule H,16,39,55
2023-08-01,HCP0001,Cardiology,Cairo,Cairo East,P0009,LipiControl,Molecule I,36,99,135
2023-08-01,HCP0001,Cardiology,Cairo,Cairo East,P0010,GastroEase,Molecule J,17,91,108
2023-08-01,HCP0002,Internal Medicine,Cairo,Cairo West,P0001,CardioSafe,Molecule A,10,24,34
2023-08-01,HCP0002,Internal Medicine,Cairo,Cairo West,P0002,GlucoMax,Molecule B,39,86,125
2023-08-01,HCP0002,Internal Medicine,Cairo,Cairo West,P0003,Respira,Molecule C,29,92,121
2023-08-01,HCP0002,Internal Medicine,Cairo,Cairo West,P0004,PainFree,Molecule D,17,42,59
2023-08-01,HCP0002,Internal Medicine,Cairo,Cairo West,P0005,Infecto,Molecule E,17,87,104
2023-08-01,HCP0002,Internal Medicine,Cairo,Cairo West,P0006,NeuroCalm,Molecule F,4,13,17
2023-08-01,HCP0002,Internal Medicine,Cairo,Cairo West,P0007,ArthroRelief,Molecule G,10,76,86
2023-08-01,HCP0002,Internal Medicine,Cairo,Cairo West,P0008,Dermacare,Molecule H,10,92,102
2023-08-01,HCP0002,Internal Medicine,Cairo,Cairo West,P0009,LipiControl,Molecule I,33,92,125
2023-08-01,HCP0002,Internal Medicine,Cairo,Cairo West,P0010,GastroEase,Molecule J,25,90,115
2023-08-01,HCP0003,Endocrinology,Giza,Giza,P0001,CardioSafe,Molecule A,23,57,80
2023-08-01,HCP0003,Endocrinology,Giza,Giza,P0002,GlucoMax,Molecule B,38,89,127
2023-08-01,HCP0003,Endocrinology,Giza,Giza,P0003,Respira,Molecule C,4,91,95
2023-08-01,HCP0003,Endocrinology,Giza,Giza,P0004,PainFree,Molecule D,3,14,17
2023-08-01,HCP0003,Endocrinology,Giza,Giza,P0005,Infecto,Molecule E,23,51,74
2023-08-01,HCP0003,Endocrinology,Giza,Giza,P0006,NeuroCalm,Molecule F,39,72,111
2023-08-01,HCP0003,Endocrinology,Giza,Giza,P0007,ArthroRelief,Molecule G,34,94,128
2023-08-01,HCP0003,Endocrinology,Giza,Giza,P0008,Dermacare,Molecule H,20,68,88
2023-08-01,HCP0003,Endocrinology,Giza,Giza,P0009,LipiControl,Molecule I,15,84,99
2023-08-01,HCP0003,Endocrinology,Giza,Giza,P0010,GastroEase,Molecule J,20,57,77
2023-08-01,HCP0004,Pediatrics,Alexandria,Alexandria,P0001,CardioSafe,Molecule A,12,50,62
2023-08-01,HCP0004,Pediatrics,Alexandria,Alexandria,P0002,GlucoMax,Molecule B,20,68,88
2023-08-01,HCP0004,Pediatrics,Alexandria,Alexandria,P0003,Respira,Molecule C,7,22,29
2023-08-01,HCP0004,Pediatrics,Alexandria,Alexandria,P0004,PainFree,Molecule D,30,41,71
2023-08-01,HCP0004,Pediatrics,Alexandria,Alexandria,P0005,Infecto,Molecule E,12,86,98
2023-08-01,HCP0004,Pediatrics,Alexandria,Alexandria,P0006,NeuroCalm,Molecule F,33,17,50
2023-08-01,HCP0004,Pediatrics,Alexandria,Alexandria,P0007,ArthroRelief,Molecule G,21,71,92
2023-08-01,HCP0004,Pediatrics,Alexandria,Alexandria,P0008,Dermacare,Molecule H,6,68,74
2023-08-01,HCP0004,Pediatrics,Alexandria,Alexandria,P0009,LipiControl,Molecule I,10,93,103
2023-08-01,HCP0004,Pediatrics,Alexandria,Alexandria,P0010,GastroEase,Molecule J,39,20,59
2023-08-01,HCP0005,Pulmonology,Mansoura,Delta,P0001,CardioSafe,Molecule A,23,37,60
2023-08-01,HCP0005,Pulmonology,Mansoura,Delta,P0002,GlucoMax,Molecule B,5,22,27
2023-08-01,HCP0005,Pulmonology,Mansoura,Delta,P0003,Respira,Molecule C,8,6,14
2023-08-01,HCP0005,Pulmonology,Mansoura,Delta,P0004,PainFree,Molecule D,3,91,94
2023-08-01,HCP0005,Pulmonology,Mansoura,Delta,P0005,Infecto,Molecule E,15,66,81
2023-08-01,HCP0005,Pulmonology,Mansoura,Delta,P0006,NeuroCalm,Molecule F,5,89,94
2023-08-01,HCP0005,Pulmonology,Mansoura,Delta,P0007,ArthroRelief,Molecule G,27,18,45
2023-08-01,HCP0005,Pulmonology,Mansoura,Delta,P0008,Dermacare,Molecule H,21,38,59
2023-08-01,HCP0005,Pulmonology,Mansoura,Delta,P0009,LipiControl,Molecule I,18,44,62
2023-08-01,HCP0005,Pulmonology,Mansoura,Delta,P0010,GastroEase,Molecule J,7,43,50
2023-08-01,HCP0006,Neurology,Assiut,Upper Egypt,P0001,CardioSafe,Molecule A,14,21,35
2023-08-01,HCP0006,Neurology,Assiut,Upper Egypt,P0002,GlucoMax,Molecule B,20,91,111
2023-08-01,HCP0006,Neurology,Assiut,Upper Egypt,P0003,Respira,Molecule C,9,11,20
2023-08-01,HCP0006,Neurology,Assiut,Upper Egypt,P0004,PainFree,Molecule D,31,36,67
2023-08-01,HCP0006,Neurology,Assiut,Upper Egypt,P0005,Infecto,Molecule E,25,25,50
2023-08-01,HCP0006,Neurology,Assiut,Upper Egypt,P0006,NeuroCalm,Molecule F,13,35,48
2023-08-01,HCP0006,Neurology,Assiut,Upper Egypt,P0007,ArthroRelief,Molecule G,15,23,38
2023-08-01,HCP0006,Neurology,Assiut,Upper Egypt,P0008,Dermacare,Molecule H,7,91,98
2023-08-01,HCP0006,Neurology,Assiut,Upper Egypt,P0009,LipiControl,Molecule I,19,57,76
2023-08-01,HCP0006,Neurology,Assiut,Upper Egypt,P0010,GastroEase,Molecule J,18,99,117
2023-08-01,HCP0007,Dermatology,Cairo,Cairo East,P0001,CardioSafe,Molecule A,31,97,128
2023-08-01,HCP0007,Dermatology,Cairo,Cairo East,P0002,GlucoMax,Molecule B,17,15,32
2023-08-01,HCP0007,Dermatology,Cairo,Cairo East,P0003,Respira,Molecule C,16,10,26
2023-08-01,HCP0007,Dermatology,Cairo,Cairo East,P0004,PainFree,Molecule D,32,27,59
2023-08-01,HCP0007,Dermatology,Cairo,Cairo East,P0005,Infecto,Molecule E,7,87,94
2023-08-01,HCP0007,Dermatology,Cairo,Cairo East,P0006,NeuroCalm,Molecule F,21,52,73
2023-08-01,HCP0007,Dermatology,Cairo,Cairo East,P0007,ArthroRelief,Molecule G,21,32,53
2023-08-01,HCP0007,Dermatology,Cairo,Cairo East,P0008,Dermacare,Molecule H,21,74,95
2023-08-01,HCP0007,Dermatology,Cairo,Cairo East,P0009,LipiControl,Molecule I,24,22,46
2023-08-01,HCP0007,Dermatology,Cairo,Cairo East,P0010,GastroEase,Molecule J,38,5,43
2023-08-01,HCP0008,GP,Giza,Giza,P0001,CardioSafe,Molecule A,34,44,78
2023-08-01,HCP0008,GP,Giza,Giza,P0002,GlucoMax,Molecule B,4,29,33
2023-08-01,HCP0008,GP,Giza,Giza,P0003,Respira,Molecule C,26,58,84
2023-08-01,HCP0008,GP,Giza,Giza,P0004,PainFree,Molecule D,19,75,94
2023-08-01,HCP0008,GP,Giza,Giza,P0005,Infecto,Molecule E,36,55,91
2023-08-01,HCP0008,GP,Giza,Giza,P0006,NeuroCalm,Molecule F,36,87,123
2023-08-01,HCP0008,GP,Giza,Giza,P0007,ArthroRelief,Molecule G,25,46,71
2023-08-01,HCP0008,GP,Giza,Giza,P0008,Dermacare,Molecule H,18,80,98
2023-08-01,HCP0008,GP,Giza,Giza,P0009,LipiControl,Molecule I,13,58,71
2023-08-01,HCP0008,GP,Giza,Giza,P0010,GastroEase,Molecule J,33,54,87
2023-08-01,HCP0009,Cardiology,Alexandria,Alexandria,P0001,CardioSafe,Molecule A,23,62,85
2023-08-01,HCP0009,Cardiology,Alexandria,Alexandria,P0002,GlucoMax,Molecule B,35,5,40
2023-08-01,HCP0009,Cardiology,Alexandria,Alexandria,P0003,Respira,Molecule C,22,34,56
2023-08-01,HCP0009,Cardiology,Alexandria,Alexandria,P0004,PainFree,Molecule D,3,51,54
2023-08-01,HCP0009,Cardiology,Alexandria,Alexandria,P0005,Infecto,Molecule E,6,83,89
2023-08-01,HCP0009,Cardiology,Alexandria,Alexandria,P0006,NeuroCalm,Molecule F,19,96,115
2023-08-01,HCP0009,Cardiology,Alexandria,Alexandria,P0007,ArthroRelief,Molecule G,21,90,111
2023-08-01,HCP0009,Cardiology,Alexandria,Alexandria,P0008,Dermacare,Molecule H,16,19,35
2023-08-01,HCP0009,Cardiology,Alexandria,Alexandria,P0009,LipiControl,Molecule I,13,43,56
2023-08-01,HCP0009,Cardiology,Alexandria,Alexandria,P0010,GastroEase,Molecule J,20,91,111
2023-08-01,HCP0010,Orthopedics,Cairo,Cairo West,P0001,CardioSafe,Molecule A,9,70,79
2023-08-01,HCP0010,Orthopedics,Cairo,Cairo West,P0002,GlucoMax,Molecule B,10,12,22
2023-08-01,HCP0010,Orthopedics,Cairo,Cairo West,P0003,Respira,Molecule C,27,12,39
2023-08-01,HCP0010,Orthopedics,Cairo,Cairo West,P0004,PainFree,Molecule D,34,30,64
2023-08-01,HCP0010,Orthopedics,Cairo,Cairo West,P0005,Infecto,Molecule E,21,74,95
2023-08-01,HCP0010,Orthopedics,Cairo,Cairo West,P0006,NeuroCalm,Molecule F,39,79,118
2023-08-01,HCP0010,Orthopedics,Cairo,Cairo West,P0007,ArthroRelief,Molecule G,20,9,29
2023-08-01,HCP0010,Orthopedics,Cairo,Cairo West,P0008,Dermacare,Molecule H,7,11,18
2023-08-01,HCP0010,Orthopedics,Cairo,Cairo West,P0009,LipiControl,Molecule I,37,91,128
2023-08-01,HCP0010,Orthopedics,Cairo,Cairo West,P0010,GastroEase,Molecule J,25,60,85
2023-09-01,HCP0001,Cardiology,Cairo,Cairo East,P0001,CardioSafe,Molecule A,31,5,36
2023-09-01,HCP0001,Cardiology,Cairo,Cairo East,P0002,GlucoMax,Molecule B,39,48,87
2023-09-01,HCP0001,Cardiology,Cairo,Cairo East,P0003,Respira,Molecule C,7,10,17
2023-09-01,HCP0001,Cardiology,Cairo,Cairo East,P0004,PainFree,Molecule D,25,61,86
2023-09-01,HCP0001,Cardiology,Cairo,Cairo East,P0005,Infecto,Molecule E,23,93,116
2023-09-01,HCP0001,Cardiology,Cairo,Cairo East,P0006,NeuroCalm,Molecule F,12,87,99
2023-09-01,HCP0001,Cardiology,Cairo,Cairo East,P0007,ArthroRelief,Molecule G,3,32,35
2023-09-01,HCP0001,Cardiology,Cairo,Cairo East,P0008,Dermacare,Molecule H,33,84,117
2023-09-01,HCP0001,Cardiology,Cairo,Cairo East,P0009,LipiControl,Molecule I,13,18,31
2023-09-01,HCP0001,Cardiology,Cairo,Cairo East,P0010,GastroEase,Molecule J,13,94,107
2023-09-01,HCP0002,Internal Medicine,Cairo,Cairo West,P0001,CardioSafe,Molecule A,33,12,45
2023-09-01,HCP0002,Internal Medicine,Cairo,Cairo West,P0002,GlucoMax,Molecule B,28,28,56
2023-09-01,HCP0002,Internal Medicine,Cairo,Cairo West,P0003,Respira,Molecule C,35,91,126
2023-09-01,HCP0002,Internal Medicine,Cairo,Cairo West,P0004,PainFree,Molecule D,23,36,59
2023-09-01,HCP0002,Internal Medicine,Cairo,Cairo West,P0005,Infecto,Molecule E,13,14,27
2023-09-01,HCP0002,Internal Medicine,Cairo,Cairo West,P0006,NeuroCalm,Molecule F,23,14,37
2023-09-01,HCP0002,Internal Medicine,Cairo,Cairo West,P0007,ArthroRelief,Molecule G,13,67,80
2023-09-01,HCP0002,Internal Medicine,Cairo,Cairo West,P0008,Dermacare,Molecule H,31,81,112
2023-09-01,HCP0002,Internal Medicine,Cairo,Cairo West,P0009,LipiControl,Molecule I,24,20,44
2023-09-01,HCP0002,Internal Medicine,Cairo,Cairo West,P0010,GastroEase,Molecule J,12,7,19
2023-09-01,HCP0003,Endocrinology,Giza,Giza,P0001,CardioSafe,Molecule A,28,32,60
2023-09-01,HCP0003,Endocrinology,Giza,Giza,P0002,GlucoMax,Molecule B,17,72,89
2023-09-01,HCP0003,Endocrinology,Giza,Giza,P0003,Respira,Molecule C,24,97,121
2023-09-01,HCP0003,Endocrinology,Giza,Giza,P0004,PainFree,Molecule D,2,24,26
2023-09-01,HCP0003,Endocrinology,Giza,Giza,P0005,Infecto,Molecule E,21,5,26
2023-09-01,HCP0003,Endocrinology,Giza,Giza,P0006,NeuroCalm,Molecule F,7,9,16
2023-09-01,HCP0003,Endocrinology,Giza,Giza,P0007,ArthroRelief,Molecule G,5,50,55
2023-09-01,HCP0003,Endocrinology,Giza,Giza,P0008,Dermacare,Molecule H,32,67,99
2023-09-01,HCP0003,Endocrinology,Giza,Giza,P0009,LipiControl,Molecule I,7,57,64
2023-09-01,HCP0003,Endocrinology,Giza,Giza,P0010,GastroEase,Molecule J,3,55,58
2023-09-01,HCP0004,Pediatrics,Alexandria,Alexandria,P0001,CardioSafe,Molecule A,11,98,109
2023-09-01,HCP0004,Pediatrics,Alexandria,Alexandria,P0002,GlucoMax,Molecule B,9,20,29
2023-09-01,HCP0004,Pediatrics,Alexandria,Alexandria,P0003,Respira,Molecule C,37,42,79
2023-09-01,HCP0004,Pediatrics,Alexandria,Alexandria,P0004,PainFree,Molecule D,38,52,90
2023-09-01,HCP0004,Pediatrics,Alexandria,Alexandria,P0005,Infecto,Molecule E,25,63,88
2023-09-01,HCP0004,Pediatrics,Alexandria,Alexandria,P0006,NeuroCalm,Molecule F,25,71,96
2023-09-01,HCP0004,Pediatrics,Alexandria,Alexandria,P0007,ArthroRelief,Molecule G,2,85,87
2023-09-01,HCP0004,Pediatrics,Alexandria,Alexandria,P0008,Dermacare,Molecule H,17,84,101
2023-09-01,HCP0004,Pediatrics,Alexandria,Alexandria,P0009,LipiControl,Molecule I,30,96,126
2023-09-01,HCP0004,Pediatrics,Alexandria,Alexandria,P0010,GastroEase,Molecule J,17,99,116
2023-09-01,HCP0005,Pulmonology,Mansoura,Delta,P0001,CardioSafe,Molecule A,21,58,79
2023-09-01,HCP0005,Pulmonology,Mansoura,Delta,P0002,GlucoMax,Molecule B,23,22,45
2023-09-01,HCP0005,Pulmonology,Mansoura,Delta,P0003,Respira,Molecule C,8,6,14
2023-09-01,HCP0005,Pulmonology,Mansoura,Delta,P0004,PainFree,Molecule D,9,46,55
2023-09-01,HCP0005,Pulmonology,Mansoura,Delta,P0005,Infecto,Molecule E,5,51,56
2023-09-01,HCP0005,Pulmonology,Mansoura,Delta,P0006,NeuroCalm,Molecule F,25,14,39
2023-09-01,HCP0005,Pulmonology,Mansoura,Delta,P0007,ArthroRelief,Molecule G,18,28,46
2023-09-01,HCP0005,Pulmonology,Mansoura,Delta,P0008,Dermacare,Molecule H,14,6,20
2023-09-01,HCP0005,Pulmonology,Mansoura,Delta,P0009,LipiControl,Molecule I,28,78,106
2023-09-01,HCP0005,Pulmonology,Mansoura,Delta,P0010,GastroEase,Molecule J,26,16,42
2023-09-01,HCP0006,Neurology,Assiut,Upper Egypt,P0001,CardioSafe,Molecule A,22,82,104
2023-09-01,HCP0006,Neurology,Assiut,Upper Egypt,P0002,GlucoMax,Molecule B,14,27,41
2023-09-01,HCP0006,Neurology,Assiut,Upper Egypt,P0003,Respira,Molecule C,14,85,99
2023-09-01,HCP0006,Neurology,Assiut,Upper Egypt,P0004,PainFree,Molecule D,19,71,90
2023-09-01,HCP0006,Neurology,Assiut,Upper Egypt,P0005,Infecto,Molecule E,19,30,49
2023-09-01,HCP0006,Neurology,Assiut,Upper Egypt,P0006,NeuroCalm,Molecule F,28,56,84
2023-09-01,HCP0006,Neurology,Assiut,Upper Egypt,P0007,ArthroRelief,Molecule G,21,60,81
2023-09-01,HCP0006,Neurology,Assiut,Upper Egypt,P0008,Dermacare,Molecule H,26,5,31
2023-09-01,HCP0006,Neurology,Assiut,Upper Egypt,P0009,LipiControl,Molecule I,9,47,56
2023-09-01,HCP0006,Neurology,Assiut,Upper Egypt,P0010,GastroEase,Molecule J,7,5,12
2023-09-01,HCP0007,Dermatology,Cairo,Cairo East,P0001,CardioSafe,Molecule A,24,42,66
2023-09-01,HCP0007,Dermatology,Cairo,Cairo East,P0002,GlucoMax,Molecule B,9,80,89
2023-09-01,HCP0007,Dermatology,Cairo,Cairo East,P0003,Respira,Molecule C,23,60,83
2023-09-01,HCP0007,Dermatology,Cairo,Cairo East,P0004,PainFree,Molecule D,28,19,47
2023-09-01,HCP0007,Dermatology,Cairo,Cairo East,P0005,Infecto,Molecule E,32,77,109
2023-09-01,HCP0007,Dermatology,Cairo,Cairo East,P0006,NeuroCalm,Molecule F,4,44,48
2023-09-01,HCP0007,Dermatology,Cairo,Cairo East,P0007,ArthroRelief,Molecule G,5,6,11
2023-09-01,HCP0007,Dermatology,Cairo,Cairo East,P0008,Dermacare,Molecule H,37,91,128
2023-09-01,HCP0007,Dermatology,Cairo,Cairo East,P0009,LipiControl,Molecule I,10,91,101
2023-09-01,HCP0007,Dermatology,Cairo,Cairo East,P0010,GastroEase,Molecule J,23,51,74
2023-09-01,HCP0008,GP,Giza,Giza,P0001,CardioSafe,Molecule A,7,98,105
2023-09-01,HCP0008,GP,Giza,Giza,P0002,GlucoMax,Molecule B,25,96,121
2023-09-01,HCP0008,GP,Giza,Giza,P0003,Respira,Molecule C,25,83,108
2023-09-01,HCP0008,GP,Giza,Giza,P0004,PainFree,Molecule D,3,84,87
2023-09-01,HCP0008,GP,Giza,Giza,P0005,Infecto,Molecule E,13,77,90
2023-09-01,HCP0008,GP,Giza,Giza,P0006,NeuroCalm,Molecule F,3,33,36
2023-09-01,HCP0008,GP,Giza,Giza,P0007,ArthroRelief,Molecule G,25,45,70
2023-09-01,HCP0008,GP,Giza,Giza,P0008,Dermacare,Molecule H,19,20,39
2023-09-01,HCP0008,GP,Giza,Giza,P0009,LipiControl,Molecule I,21,17,38
2023-09-01,HCP0008,GP,Giza,Giza,P0010,GastroEase,Molecule J,10,28,38
2023-09-01,HCP0009,Cardiology,Alexandria,Alexandria,P0001,CardioSafe,Molecule A,38,95,133
2023-09-01,HCP0009,Cardiology,Alexandria,Alexandria,P0002,GlucoMax,Molecule B,23,86,109
2023-09-01,HCP0009,Cardiology,Alexandria,Alexandria,P0003,Respira,Molecule C,7,34,41
2023-09-01,HCP0009,Cardiology,Alexandria,Alexandria,P0004,PainFree,Molecule D,11,81,92
2023-09-01,HCP0009,Cardiology,Alexandria,Alexandria,P0005,Infecto,Molecule E,13,35,48
2023-09-01,HCP0009,Cardiology,Alexandria,Alexandria,P0006,NeuroCalm,Molecule F,2,61,63
2023-09-01,HCP0009,Cardiology,Alexandria,Alexandria,P0007,ArthroRelief,Molecule G,33,73,106
2023-09-01,HCP0009,Cardiology,Alexandria,Alexandria,P0008,Dermacare,Molecule H,26,15,41
2023-09-01,HCP0009,Cardiology,Alexandria,Alexandria,P0009,LipiControl,Molecule I,19,95,114
2023-09-01,HCP0009,Cardiology,Alexandria,Alexandria,P0010,GastroEase,Molecule J,34,29,63
2023-09-01,HCP0010,Orthopedics,Cairo,Cairo West,P0001,CardioSafe,Molecule A,23,95,118
2023-09-01,HCP0010,Orthopedics,Cairo,Cairo West,P0002,GlucoMax,Molecule B,38,15,53
2023-09-01,HCP0010,Orthopedics,Cairo,Cairo West,P0003,Respira,Molecule C,7,83,90
2023-09-01,HCP0010,Orthopedics,Cairo,Cairo West,P0004,PainFree,Molecule D,32,78,110
2023-09-01,HCP0010,Orthopedics,Cairo,Cairo West,P0005,Infecto,Molecule E,2,12,14
2023-09-01,HCP0010,Orthopedics,Cairo,Cairo West,P0006,NeuroCalm,Molecule F,31,22,53
2023-09-01,HCP0010,Orthopedics,Cairo,Cairo West,P0007,ArthroRelief,Molecule G,13,72,85
2023-09-01,HCP0010,Orthopedics,Cairo,Cairo West,P0008,Dermacare,Molecule H,14,73,87
2023-09-01,HCP0010,Orthopedics,Cairo,Cairo West,P0009,LipiControl,Molecule I,35,27,62
2023-09-01,HCP0010,Orthopedics,Cairo,Cairo West,P0010,GastroEase,Molecule J,26,80,106
2023-10-01,HCP0001,Cardiology,Cairo,Cairo East,P0001,CardioSafe,Molecule A,23,12,35
2023-10-01,HCP0001,Cardiology,Cairo,Cairo East,P0002,GlucoMax,Molecule B,25,31,56
2023-10-01,HCP0001,Cardiology,Cairo,Cairo East,P0003,Respira,Molecule C,4,53,57
2023-10-01,HCP0001,Cardiology,Cairo,Cairo East,P0004,PainFree,Molecule D,28,53,81
2023-10-01,HCP0001,Cardiology,Cairo,Cairo East,P0005,Infecto,Molecule E,37,50,87
2023-10-01,HCP0001,Cardiology,Cairo,Cairo East,P0006,NeuroCalm,Molecule F,22,10,32
2023-10-01,HCP0001,Cardiology,Cairo,Cairo East,P0007,ArthroRelief,Molecule G,13,42,55
2023-10-01,HCP0001,Cardiology,Cairo,Cairo East,P0008,Dermacare,Molecule H,10,34,44
2023-10-01,HCP0001,Cardiology,Cairo,Cairo East,P0009,LipiControl,Molecule I,39,78,117
2023-10-01,HCP0001,Cardiology,Cairo,Cairo East,P0010,GastroEase,Molecule J,33,93,126
2023-10-01,HCP0002,Internal Medicine,Cairo,Cairo West,P0001,CardioSafe,Molecule A,2,24,26
2023-10-01,HCP0002,Internal Medicine,Cairo,Cairo West,P0002,GlucoMax,Molecule B,28,40,68
2023-10-01,HCP0002,Internal Medicine,Cairo,Cairo West,P0003,Respira,Molecule C,16,70,86
2023-10-01,HCP0002,Internal Medicine,Cairo,Cairo West,P0004,PainFree,Molecule D,25,31,56
2023-10-01,HCP0002,Internal Medicine,Cairo,Cairo West,P0005,Infecto,Molecule E,23,16,39
2023-10-01,HCP0002,Internal Medicine,Cairo,Cairo West,P0006,NeuroCalm,Molecule F,7,85,92
2023-10-01,HCP0002,Internal Medicine,Cairo,Cairo West,P0007,ArthroRelief,Molecule G,24,92,116
2023-10-01,HCP0002,Internal Medicine,Cairo,Cairo West,P0008,Dermacare,Molecule H,3,5,8
2023-10-01,HCP0002,Internal Medicine,Cairo,Cairo West,P0009,LipiControl,Molecule I,38,43,81
2023-10-01,HCP0002,Internal Medicine,Cairo,Cairo West,P0010,GastroEase,Molecule J,35,19,54
2023-10-01,HCP0003,Endocrinology,Giza,Giza,P0001,CardioSafe,Molecule A,32,69,101
2023-10-01,HCP0003,Endocrinology,Giza,Giza,P0002,GlucoMax,Molecule B,17,73,90
2023-10-01,HCP0003,Endocrinology,Giza,Giza,P0003,Respira,Molecule C,12,30,42
2023-10-01,HCP0003,Endocrinology,Giza,Giza,P0004,PainFree,Molecule D,24,25,49
2023-10-01,HCP0003,Endocrinology,Giza,Giza,P0005,Infecto,Molecule E,23,76,99
2023-10-01,HCP0003,Endocrinology,Giza,Giza,P0006,NeuroCalm,Molecule F,27,79,106
2023-10-01,HCP0003,Endocrinology,Giza,Giza,P0007,ArthroRelief,Molecule G,32,50,82
2023-10-01,HCP0003,Endocrinology,Giza,Giza,P0008,Dermacare,Molecule H,3,75,78
2023-10-01,HCP0003,Endocrinology,Giza,Giza,P0009,LipiControl,Molecule I,19,69,88
2023-10-01,HCP0003,Endocrinology,Giza,Giza,P0010,GastroEase,Molecule J,11,63,74
2023-10-01,HCP0004,Pediatrics,Alexandria,Alexandria,P0001,CardioSafe,Molecule A,12,81,93
2023-10-01,HCP0004,Pediatrics,Alexandria,Alexandria,P0002,GlucoMax,Molecule B,8,45,53
2023-10-01,HCP0004,Pediatrics,Alexandria,Alexandria,P0003,Respira,Molecule C,14,72,86
2023-10-01,HCP0004,Pediatrics,Alexandria,Alexandria,P0004,PainFree,Molecule D,7,52,59
2023-10-01,HCP0004,Pediatrics,Alexandria,Alexandria,P0005,Infecto,Molecule E,9,7,16
2023-10-01,HCP0004,Pediatrics,Alexandria,Alexandria,P0006,NeuroCalm,Molecule F,20,82,102
2023-10-01,HCP0004,Pediatrics,Alexandria,Alexandria,P0007,ArthroRelief,Molecule G,31,79,110
2023-10-01,HCP0004,Pediatrics,Alexandria,Alexandria,P0008,Dermacare,Molecule H,18,53,71
2023-10-01,HCP0004,Pediatrics,Alexandria,Alexandria,P0009,LipiControl,Molecule I,2,65,67
2023-10-01,HCP0004,Pediatrics,Alexandria,Alexandria,P0010,GastroEase,Molecule J,28,51,79
2023-10-01,HCP0005,Pulmonology,Mansoura,Delta,P0001,CardioSafe,Molecule A,39,94,133
2023-10-01,HCP0005,Pulmonology,Mansoura,Delta,P0002,GlucoMax,Molecule B,39,40,79
2023-10-01,HCP0005,Pulmonology,Mansoura,Delta,P0003,Respira,Molecule C,22,58,80
2023-10-01,HCP0005,Pulmonology,Mansoura,Delta,P0004,PainFree,Molecule D,28,86,114
2023-10-01,HCP0005,Pulmonology,Mansoura,Delta,P0005,Infecto,Molecule E,20,41,61
2023-10-01,HCP0005,Pulmonology,Mansoura,Delta,P0006,NeuroCalm,Molecule F,17,52,69
2023-10-01,HCP0005,Pulmonology,Mansoura,Delta,P0007,ArthroRelief,Molecule G,34,34,68
2023-10-01,HCP0005,Pulmonology,Mansoura,Delta,P0008,Dermacare,Molecule H,29,74,103
2023-10-01,HCP0005,Pulmonology,Mansoura,Delta,P0009,LipiControl,Molecule I,31,90,121
2023-10-01,HCP0005,Pulmonology,Mansoura,Delta,P0010,GastroEase,Molecule J,2,64,66
2023-10-01,HCP0006,Neurology,Assiut,Upper Egypt,P0001,CardioSafe,Molecule A,27,30,57
2023-10-01,HCP0006,Neurology,Assiut,Upper Egypt,P0002,GlucoMax,Molecule B,3,32,35
2023-10-01,HCP0006,Neurology,Assiut,Upper Egypt,P0003,Respira,Molecule C,17,15,32
2023-10-01,HCP0006,Neurology,Assiut,Upper Egypt,P0004,PainFree,Molecule D,35,39,74
2023-10-01,HCP0006,Neurology,Assiut,Upper Egypt,P0005,Infecto,Molecule E,8,34,42
2023-10-01,HCP0006,Neurology,Assiut,Upper Egypt,P0006,NeuroCalm,Molecule F,11,11,22
2023-10-01,HCP0006,Neurology,Assiut,Upper Egypt,P0007,ArthroRelief,Molecule G,6,85,91
2023-10-01,HCP0006,Neurology,Assiut,Upper Egypt,P0008,Dermacare,Molecule H,11,96,107
2023-10-01,HCP0006,Neurology,Assiut,Upper Egypt,P0009,LipiControl,Molecule I,16,30,46
2023-10-01,HCP0006,Neurology,Assiut,Upper Egypt,P0010,GastroEase,Molecule J,30,75,105
2023-10-01,HCP0007,Dermatology,Cairo,Cairo East,P0001,CardioSafe,Molecule A,9,52,61
2023-10-01,HCP0007,Dermatology,Cairo,Cairo East,P0002,GlucoMax,Molecule B,14,31,45
2023-10-01,HCP0007,Dermatology,Cairo,Cairo East,P0003,Respira,Molecule C,36,69,105
2023-10-01,HCP0007,Dermatology,Cairo,Cairo East,P0004,PainFree,Molecule D,4,88,92
2023-10-01,HCP0007,Dermatology,Cairo,Cairo East,P0005,Infecto,Molecule E,26,95,121
2023-10-01,HCP0007,Dermatology,Cairo,Cairo East,P0006,NeuroCalm,Molecule F,14,16,30
2023-10-01,HCP0007,Dermatology,Cairo,Cairo East,P0007,ArthroRelief,Molecule G,13,24,37
2023-10-01,HCP0007,Dermatology,Cairo,Cairo East,P0008,Dermacare,Molecule H,38,48,86
2023-10-01,HCP0007,Dermatology,Cairo,Cairo East,P0009,LipiControl,Molecule I,35,54,89
2023-10-01,HCP0007,Dermatology,Cairo,Cairo East,P0010,GastroEase,Molecule J,24,31,55
2023-10-01,HCP0008,GP,Giza,Giza,P0001,CardioSafe,Molecule A,15,19,34
2023-10-01,HCP0008,GP,Giza,Giza,P0002,GlucoMax,Molecule B,19,39,58
2023-10-01,HCP0008,GP,Giza,Giza,P0003,Respira,Molecule C,24,9,33
2023-10-01,HCP0008,GP,Giza,Giza,P0004,PainFree,Molecule D,24,26,50
2023-10-01,HCP0008,GP,Giza,Giza,P0005,Infecto,Molecule E,24,55,79
2023-10-01,HCP0008,GP,Giza,Giza,P0006,NeuroCalm,Molecule F,8,31,39
2023-10-01,HCP0008,GP,Giza,Giza,P0007,ArthroRelief,Molecule G,4,84,88
2023-10-01,HCP0008,GP,Giza,Giza,P0008,Dermacare,Molecule H,35,8,43
2023-10-01,HCP0008,GP,Giza,Giza,P0009,LipiControl,Molecule I,7,40,47
2023-10-01,HCP0008,GP,Giza,Giza,P0010,GastroEase,Molecule J,34,27,61
2023-10-01,HCP0009,Cardiology,Alexandria,Alexandria,P0001,CardioSafe,Molecule A,24,13,37
2023-10-01,HCP0009,Cardiology,Alexandria,Alexandria,P0002,GlucoMax,Molecule B,11,89,100
2023-10-01,HCP0009,Cardiology,Alexandria,Alexandria,P0003,Respira,Molecule C,10,26,36
2023-10-01,HCP0009,Cardiology,Alexandria,Alexandria,P0004,PainFree,Molecule D,11,80,91
2023-10-01,HCP0009,Cardiology,Alexandria,Alexandria,P0005,Infecto,Molecule E,28,60,88
2023-10-01,HCP0009,Cardiology,Alexandria,Alexandria,P0006,NeuroCalm,Molecule F,4,56,60
2023-10-01,HCP0009,Cardiology,Alexandria,Alexandria,P0007,ArthroRelief,Molecule G,30,64,94
2023-10-01,HCP0009,Cardiology,Alexandria,Alexandria,P0008,Dermacare,Molecule H,27,88,115
2023-10-01,HCP0009,Cardiology,Alexandria,Alexandria,P0009,LipiControl,Molecule I,17,85,102
2023-10-01,HCP0009,Cardiology,Alexandria,Alexandria,P0010,GastroEase,Molecule J,15,19,34
2023-10-01,HCP0010,Orthopedics,Cairo,Cairo West,P0001,CardioSafe,Molecule A,20,16,36
2023-10-01,HCP0010,Orthopedics,Cairo,Cairo West,P0002,GlucoMax,Molecule B,19,89,108
2023-10-01,HCP0010,Orthopedics,Cairo,Cairo West,P0003,Respira,Molecule C,21,59,80
2023-10-01,HCP0010,Orthopedics,Cairo,Cairo West,P0004,PainFree,Molecule D,22,75,97
2023-10-01,HCP0010,Orthopedics,Cairo,Cairo West,P0005,Infecto,Molecule E,11,94,105
2023-10-01,HCP0010,Orthopedics,Cairo,Cairo West,P0006,NeuroCalm,Molecule F,20,66,86
2023-10-01,HCP0010,Orthopedics,Cairo,Cairo West,P0007,ArthroRelief,Molecule G,10,47,57
2023-10-01,HCP0010,Orthopedics,Cairo,Cairo West,P0008,Dermacare,Molecule H,38,44,82
2023-10-01,HCP0010,Orthopedics,Cairo,Cairo West,P0009,LipiControl,Molecule I,15,55,70
2023-10-01,HCP0010,Orthopedics,Cairo,Cairo West,P0010,GastroEase,Molecule J,17,30,47
2023-11-01,HCP0001,Cardiology,Cairo,Cairo East,P0001,CardioSafe,Molecule A,6,19,25
2023-11-01,HCP0001,Cardiology,Cairo,Cairo East,P0002,GlucoMax,Molecule B,26,86,112
2023-11-01,HCP0001,Cardiology,Cairo,Cairo East,P0003,Respira,Molecule C,26,57,83
2023-11-01,HCP0001,Cardiology,Cairo,Cairo East,P0004,PainFree,Molecule D,9,71,80
2023-11-01,HCP0001,Cardiology,Cairo,Cairo East,P0005,Infecto,Molecule E,5,62,67
2023-11-01,HCP0001,Cardiology,Cairo,Cairo East,P0006,NeuroCalm,Molecule F,37,78,115
2023-11-01,HCP0001,Cardiology,Cairo,Cairo East,P0007,ArthroRelief,Molecule G,31,71,102
2023-11-01,HCP0001,Cardiology,Cairo,Cairo East,P0008,Dermacare,Molecule H,32,19,51
2023-11-01,HCP0001,Cardiology,Cairo,Cairo East,P0009,LipiControl,Molecule I,17,63,80
2023-11-01,HCP0001,Cardiology,Cairo,Cairo East,P0010,GastroEase,Molecule J,39,47,86
2023-11-01,HCP0002,Internal Medicine,Cairo,Cairo West,P0001,CardioSafe,Molecule A,7,96,103
2023-11-01,HCP0002,Internal Medicine,Cairo,Cairo West,P0002,GlucoMax,Molecule B,27,57,84
2023-11-01,HCP0002,Internal Medicine,Cairo,Cairo West,P0003,Respira,Molecule C,27,29,56
2023-11-01,HCP0002,Internal Medicine,Cairo,Cairo West,P0004,PainFree,Molecule D,39,28,67
2023-11-01,HCP0002,Internal Medicine,Cairo,Cairo West,P0005,Infecto,Molecule E,18,29,47
2023-11-01,HCP0002,Internal Medicine,Cairo,Cairo West,P0006,NeuroCalm,Molecule F,33,60,93
2023-11-01,HCP0002,Internal Medicine,Cairo,Cairo West,P0007,ArthroRelief,Molecule G,32,67,99
2023-11-01,HCP0002,Internal Medicine,Cairo,Cairo West,P0008,Dermacare,Molecule H,15,99,114
2023-11-01,HCP0002,Internal Medicine,Cairo,Cairo West,P0009,LipiControl,Molecule I,35,32,67
2023-11-01,HCP0002,Internal Medicine,Cairo,Cairo West,P0010,GastroEase,Molecule J,20,96,116
2023-11-01,HCP0003,Endocrinology,Giza,Giza,P0001,CardioSafe,Molecule A,21,19,40
2023-11-01,HCP0003,Endocrinology,Giza,Giza,P0002,GlucoMax,Molecule B,30,96,126
2023-11-01,HCP0003,Endocrinology,Giza,Giza,P0003,Respira,Molecule C,6,23,29
2023-11-01,HCP0003,Endocrinology,Giza,Giza,P0004,PainFree,Molecule D,30,29,59
2023-11-01,HCP0003,Endocrinology,Giza,Giza,P0005,Infecto,Molecule E,24,12,36
2023-11-01,HCP0003,Endocrinology,Giza,Giza,P0006,NeuroCalm,Molecule F,20,89,109
2023-11-01,HCP0003,Endocrinology,Giza,Giza,P0007,ArthroRelief,Molecule G,34,85,119
2023-11-01,HCP0003,Endocrinology,Giza,Giza,P0008,Dermacare,Molecule H,13,26,39
2023-11-01,HCP0003,Endocrinology,Giza,Giza,P0009,LipiControl,Molecule I,2,78,80
2023-11-01,HCP0003,Endocrinology,Giza,Giza,P0010,GastroEase,Molecule J,3,83,86
2023-11-01,HCP0004,Pediatrics,Alexandria,Alexandria,P0001,CardioSafe,Molecule A,30,73,103
2023-11-01,HCP0004,Pediatrics,Alexandria,Alexandria,P0002,GlucoMax,Molecule B,38,49,87
2023-11-01,HCP0004,Pediatrics,Alexandria,Alexandria,P0003,Respira,Molecule C,17,66,83
2023-11-01,HCP0004,Pediatrics,Alexandria,Alexandria,P0004,PainFree,Molecule D,27,90,117
2023-11-01,HCP0004,Pediatrics,Alexandria,Alexandria,P0005,Infecto,Molecule E,3,52,55
2023-11-01,HCP0004,Pediatrics,Alexandria,Alexandria,P0006,NeuroCalm,Molecule F,27,28,55
2023-11-01,HCP0004,Pediatrics,Alexandria,Alexandria,P0007,ArthroRelief,Molecule G,12,7,19
2023-11-01,HCP0004,Pediatrics,Alexandria,Alexandria,P0008,Dermacare,Molecule H,13,55,68
2023-11-01,HCP0004,Pediatrics,Alexandria,Alexandria,P0009,LipiControl,Molecule I,32,51,83
2023-11-01,HCP0004,Pediatrics,Alexandria,Alexandria,P0010,GastroEase,Molecule J,8,17,25
2023-11-01,HCP0005,Pulmonology,Mansoura,Delta,P0001,CardioSafe,Molecule A,13,89,102
2023-11-01,HCP0005,Pulmonology,Mansoura,Delta,P0002,GlucoMax,Molecule B,20,39,59
2023-11-01,HCP0005,Pulmonology,Mansoura,Delta,P0003,Respira,Molecule C,16,82,98
2023-11-01,HCP0005,Pulmonology,Mansoura,Delta,P0004,PainFree,Molecule D,8,12,20
2023-11-01,HCP0005,Pulmonology,Mansoura,Delta,P0005,Infecto,Molecule E,3,82,85
2023-11-01,HCP0005,Pulmonology,Mansoura,Delta,P0006,NeuroCalm,Molecule F,29,22,51
2023-11-01,HCP0005,Pulmonology,Mansoura,Delta,P0007,ArthroRelief,Molecule G,25,26,51
2023-11-01,HCP0005,Pulmonology,Mansoura,Delta,P0008,Dermacare,Molecule H,27,34,61
2023-11-01,HCP0005,Pulmonology,Mansoura,Delta,P0009,LipiControl,Molecule I,5,82,87
2023-11-01,HCP0005,Pulmonology,Mansoura,Delta,P0010,GastroEase,Molecule J,21,71,92
2023-11-01,HCP0006,Neurology,Assiut,Upper Egypt,P0001,CardioSafe,Molecule A,32,93,125
2023-11-01,HCP0006,Neurology,Assiut,Upper Egypt,P0002,GlucoMax,Molecule B,27,92,119
2023-11-01,HCP0006,Neurology,Assiut,Upper Egypt,P0003,Respira,Molecule C,17,49,66
2023-11-01,HCP0006,Neurology,Assiut,Upper Egypt,P0004,PainFree,Molecule D,36,29,65
2023-11-01,HCP0006,Neurology,Assiut,Upper Egypt,P0005,Infecto,Molecule E,36,65,101
2023-11-01,HCP0006,Neurology,Assiut,Upper Egypt,P0006,NeuroCalm,Molecule F,26,36,62
2023-11-01,HCP0006,Neurology,Assiut,Upper Egypt,P0007,ArthroRelief,Molecule G,25,31,56
2023-11-01,HCP0006,Neurology,Assiut,Upper Egypt,P0008,Dermacare,Molecule H,22,22,44
2023-11-01,HCP0006,Neurology,Assiut,Upper Egypt,P0009,LipiControl,Molecule I,34,89,123
2023-11-01,HCP0006,Neurology,Assiut,Upper Egypt,P0010,GastroEase,Molecule J,5,70,75
2023-11-01,HCP0007,Dermatology,Cairo,Cairo East,P0001,CardioSafe,Molecule A,8,17,25
2023-11-01,HCP0007,Dermatology,Cairo,Cairo East,P0002,GlucoMax,Molecule B,6,19,25
2023-11-01,HCP0007,Dermatology,Cairo,Cairo East,P0003,Respira,Molecule C,31,12,43
2023-11-01,HCP0007,Dermatology,Cairo,Cairo East,P0004,PainFree,Molecule D,3,51,54
2023-11-01,HCP0007,Dermatology,Cairo,Cairo East,P0005,Infecto,Molecule E,37,70,107
2023-11-01,HCP0007,Dermatology,Cairo,Cairo East,P0006,NeuroCalm,Molecule F,23,93,116
2023-11-01,HCP0007,Dermatology,Cairo,Cairo East,P0007,ArthroRelief,Molecule G,12,65,77
2023-11-01,HCP0007,Dermatology,Cairo,Cairo East,P0008,Dermacare,Molecule H,15,34,49
2023-11-01,HCP0007,Dermatology,Cairo,Cairo East,P0009,LipiControl,Molecule I,28,50,78
2023-11-01,HCP0007,Dermatology,Cairo,Cairo East,P0010,GastroEase,Molecule J,21,34,55
2023-11-01,HCP0008,GP,Giza,Giza,P0001,CardioSafe,Molecule A,14,52,66
2023-11-01,HCP0008,GP,Giza,Giza,P0002,GlucoMax,Molecule B,39,59,98
2023-11-01,HCP0008,GP,Giza,Giza,P0003,Respira,Molecule C,31,27,58
2023-11-01,HCP0008,GP,Giza,Giza,P0004,PainFree,Molecule D,15,11,26
2023-11-01,HCP0008,GP,Giza,Giza,P0005,Infecto,Molecule E,18,93,111
2023-11-01,HCP0008,GP,Giza,Giza,P0006,NeuroCalm,Molecule F,22,88,110
2023-11-01,HCP0008,GP,Giza,Giza,P0007,ArthroRelief,Molecule G,3,38,41
2023-11-01,HCP0008,GP,Giza,Giza,P0008,Dermacare,Molecule H,23,20,43
2023-11-01,HCP0008,GP,Giza,Giza,P0009,LipiControl,Molecule I,22,81,103
2023-11-01,HCP0008,GP,Giza,Giza,P0010,GastroEase,Molecule J,14,25,39
2023-11-01,HCP0009,Cardiology,Alexandria,Alexandria,P0001,CardioSafe,Molecule A,13,69,82
2023-11-01,HCP0009,Cardiology,Alexandria,Alexandria,P0002,GlucoMax,Molecule B,30,53,83
2023-11-01,HCP0009,Cardiology,Alexandria,Alexandria,P0003,Respira,Molecule C,39,36,75
2023-11-01,HCP0009,Cardiology,Alexandria,Alexandria,P0004,PainFree,Molecule D,2,78,80
2023-11-01,HCP0009,Cardiology,Alexandria,Alexandria,P0005,Infecto,Molecule E,34,73,107
2023-11-01,HCP0009,Cardiology,Alexandria,Alexandria,P0006,NeuroCalm,Molecule F,24,27,51
2023-11-01,HCP0009,Cardiology,Alexandria,Alexandria,P0007,ArthroRelief,Molecule G,15,64,79
2023-11-01,HCP0009,Cardiology,Alexandria,Alexandria,P0008,Dermacare,Molecule H,17,5,22
2023-11-01,HCP0009,Cardiology,Alexandria,Alexandria,P0009,LipiControl,Molecule I,21,85,106
2023-11-01,HCP0009,Cardiology,Alexandria,Alexandria,P0010,GastroEase,Molecule J,31,46,77
2023-11-01,HCP0010,Orthopedics,Cairo,Cairo West,P0001,CardioSafe,Molecule A,17,63,80
2023-11-01,HCP0010,Orthopedics,Cairo,Cairo West,P0002,GlucoMax,Molecule B,31,88,119
2023-11-01,HCP0010,Orthopedics,Cairo,Cairo West,P0003,Respira,Molecule C,6,67,73
2023-11-01,HCP0010,Orthopedics,Cairo,Cairo West,P0004,PainFree,Molecule D,34,28,62
2023-11-01,HCP0010,Orthopedics,Cairo,Cairo West,P0005,Infecto,Molecule E,29,85,114
2023-11-01,HCP0010,Orthopedics,Cairo,Cairo West,P0006,NeuroCalm,Molecule F,34,77,111
2023-11-01,HCP0010,Orthopedics,Cairo,Cairo West,P0007,ArthroRelief,Molecule G,36,80,116
2023-11-01,HCP0010,Orthopedics,Cairo,Cairo West,P0008,Dermacare,Molecule H,14,81,95
2023-11-01,HCP0010,Orthopedics,Cairo,Cairo West,P0009,LipiControl,Molecule I,5,13,18
2023-11-01,HCP0010,Orthopedics,Cairo,Cairo West,P0010,GastroEase,Molecule J,10,70,80
2023-12-01,HCP0001,Cardiology,Cairo,Cairo East,P0001,CardioSafe,Molecule A,34,56,90
2023-12-01,HCP0001,Cardiology,Cairo,Cairo East,P0002,GlucoMax,Molecule B,20,73,93
2023-12-01,HCP0001,Cardiology,Cairo,Cairo East,P0003,Respira,Molecule C,36,26,62
2023-12-01,HCP0001,Cardiology,Cairo,Cairo East,P0004,PainFree,Molecule D,31,75,106
2023-12-01,HCP0001,Cardiology,Cairo,Cairo East,P0005,Infecto,Molecule E,11,5,16
2023-12-01,HCP0001,Cardiology,Cairo,Cairo East,P0006,NeuroCalm,Molecule F,37,92,129
2023-12-01,HCP0001,Cardiology,Cairo,Cairo East,P0007,ArthroRelief,Molecule G,24,63,87
2023-12-01,HCP0001,Cardiology,Cairo,Cairo East,P0008,Dermacare,Molecule H,17,23,40
2023-12-01,HCP0001,Cardiology,Cairo,Cairo East,P0009,LipiControl,Molecule I,8,23,31
2023-12-01,HCP0001,Cardiology,Cairo,Cairo East,P0010,GastroEase,Molecule J,35,35,70
2023-12-01,HCP0002,Internal Medicine,Cairo,Cairo West,P0001,CardioSafe,Molecule A,22,62,84
2023-12-01,HCP0002,Internal Medicine,Cairo,Cairo West,P0002,GlucoMax,Molecule B,9,12,21
2023-12-01,HCP0002,Internal Medicine,Cairo,Cairo West,P0003,Respira,Molecule C,22,32,54
2023-12-01,HCP0002,Internal Medicine,Cairo,Cairo West,P0004,PainFree,Molecule D,16,65,81
2023-12-01,HCP0002,Internal Medicine,Cairo,Cairo West,P0005,Infecto,Molecule E,37,52,89
2023-12-01,HCP0002,Internal Medicine,Cairo,Cairo West,P0006,NeuroCalm,Molecule F,21,45,66
2023-12-01,HCP0002,Internal Medicine,Cairo,Cairo West,P0007,ArthroRelief,Molecule G,18,85,103
2023-12-01,HCP0002,Internal Medicine,Cairo,Cairo West,P0008,Dermacare,Molecule H,30,19,49
2023-12-01,HCP0002,Internal Medicine,Cairo,Cairo West,P0009,LipiControl,Molecule I,18,55,73
2023-12-01,HCP0002,Internal Medicine,Cairo,Cairo West,P0010,GastroEase,Molecule J,28,51,79
2023-12-01,HCP0003,Endocrinology,Giza,Giza,P0001,CardioSafe,Molecule A,15,11,26
2023-12-01,HCP0003,Endocrinology,Giza,Giza,P0002,GlucoMax,Molecule B,30,87,117
2023-12-01,HCP0003,Endocrinology,Giza,Giza,P0003,Respira,Molecule C,39,27,66
2023-12-01,HCP0003,Endocrinology,Giza,Giza,P0004,PainFree,Molecule D,26,17,43
2023-12-01,HCP0003,Endocrinology,Giza,Giza,P0005,Infecto,Molecule E,4,53,57
2023-12-01,HCP0003,Endocrinology,Giza,Giza,P0006,NeuroCalm,Molecule F,7,60,67
2023-12-01,HCP0003,Endocrinology,Giza,Giza,P0007,ArthroRelief,Molecule G,15,16,31
2023-12-01,HCP0003,Endocrinology,Giza,Giza,P0008,Dermacare,Molecule H,39,12,51
2023-12-01,HCP0003,Endocrinology,Giza,Giza,P0009,LipiControl,Molecule I,39,57,96
2023-12-01,HCP0003,Endocrinology,Giza,Giza,P0010,GastroEase,Molecule J,2,88,90
2023-12-01,HCP0004,Pediatrics,Alexandria,Alexandria,P0001,CardioSafe,Molecule A,15,77,92
2023-12-01,HCP0004,Pediatrics,Alexandria,Alexandria,P0002,GlucoMax,Molecule B,35,36,71
2023-12-01,HCP0004,Pediatrics,Alexandria,Alexandria,P0003,Respira,Molecule C,14,11,25
2023-12-01,HCP0004,Pediatrics,Alexandria,Alexandria,P0004,PainFree,Molecule D,27,63,90
2023-12-01,HCP0004,Pediatrics,Alexandria,Alexandria,P0005,Infecto,Molecule E,23,71,94
2023-12-01,HCP0004,Pediatrics,Alexandria,Alexandria,P0006,NeuroCalm,Molecule F,37,36,73
2023-12-01,HCP0004,Pediatrics,Alexandria,Alexandria,P0007,ArthroRelief,Molecule G,6,5,11
2023-12-01,HCP0004,Pediatrics,Alexandria,Alexandria,P0008,Dermacare,Molecule H,12,7,19
2023-12-01,HCP0004,Pediatrics,Alexandria,Alexandria,P0009,LipiControl,Molecule I,16,52,68
2023-12-01,HCP0004,Pediatrics,Alexandria,Alexandria,P0010,GastroEase,Molecule J,29,63,92
2023-12-01,HCP0005,Pulmonology,Mansoura,Delta,P0001,CardioSafe,Molecule A,6,64,70
2023-12-01,HCP0005,Pulmonology,Mansoura,Delta,P0002,GlucoMax,Molecule B,3,29,32
2023-12-01,HCP0005,Pulmonology,Mansoura,Delta,P0003,Respira,Molecule C,27,73,100
2023-12-01,HCP0005,Pulmonology,Mansoura,Delta,P0004,PainFree,Molecule D,19,16,35
2023-12-01,HCP0005,Pulmonology,Mansoura,Delta,P0005,Infecto,Molecule E,4,27,31
2023-12-01,HCP0005,Pulmonology,Mansoura,Delta,P0006,NeuroCalm,Molecule F,39,68,107
2023-12-01,HCP0005,Pulmonology,Mansoura,Delta,P0007,ArthroRelief,Molecule G,39,61,100
2023-12-01,HCP0005,Pulmonology,Mansoura,Delta,P0008,Dermacare,Molecule H,34,7,41
2023-12-01,HCP0005,Pulmonology,Mansoura,Delta,P0009,LipiControl,Molecule I,5,36,41
2023-12-01,HCP0005,Pulmonology,Mansoura,Delta,P0010,GastroEase,Molecule J,25,70,95
2023-12-01,HCP0006,Neurology,Assiut,Upper Egypt,P0001,CardioSafe,Molecule A,32,21,53
2023-12-01,HCP0006,Neurology,Assiut,Upper Egypt,P0002,GlucoMax,Molecule B,2,88,90
2023-12-01,HCP0006,Neurology,Assiut,Upper Egypt,P0003,Respira,Molecule C,9,39,48
2023-12-01,HCP0006,Neurology,Assiut,Upper Egypt,P0004,PainFree,Molecule D,11,21,32
2023-12-01,HCP0006,Neurology,Assiut,Upper Egypt,P0005,Infecto,Molecule E,18,41,59
2023-12-01,HCP0006,Neurology,Assiut,Upper Egypt,P0006,NeuroCalm,Molecule F,12,73,85
2023-12-01,HCP0006,Neurology,Assiut,Upper Egypt,P0007,ArthroRelief,Molecule G,7,70,77
2023-12-01,HCP0006,Neurology,Assiut,Upper Egypt,P0008,Dermacare,Molecule H,20,97,117
2023-12-01,HCP0006,Neurology,Assiut,Upper Egypt,P0009,LipiControl,Molecule I,7,28,35
2023-12-01,HCP0006,Neurology,Assiut,Upper Egypt,P0010,GastroEase,Molecule J,32,59,91
2023-12-01,HCP0007,Dermatology,Cairo,Cairo East,P0001,CardioSafe,Molecule A,4,46,50
2023-12-01,HCP0007,Dermatology,Cairo,Cairo East,P0002,GlucoMax,Molecule B,16,99,115
2023-12-01,HCP0007,Dermatology,Cairo,Cairo East,P0003,Respira,Molecule C,34,76,110
2023-12-01,HCP0007,Dermatology,Cairo,Cairo East,P0004,PainFree,Molecule D,4,81,85
2023-12-01,HCP0007,Dermatology,Cairo,Cairo East,P0005,Infecto,Molecule E,9,15,24
2023-12-01,HCP0007,Dermatology,Cairo,Cairo East,P0006,NeuroCalm,Molecule F,34,82,116
2023-12-01,HCP0007,Dermatology,Cairo,Cairo East,P0007,ArthroRelief,Molecule G,17,80,97
2023-12-01,HCP0007,Dermatology,Cairo,Cairo East,P0008,Dermacare,Molecule H,36,66,102
2023-12-01,HCP0007,Dermatology,Cairo,Cairo East,P0009,LipiControl,Molecule I,22,59,81
2023-12-01,HCP0007,Dermatology,Cairo,Cairo East,P0010,GastroEase,Molecule J,21,99,120
2023-12-01,HCP0008,GP,Giza,Giza,P0001,CardioSafe,Molecule A,11,63,74
2023-12-01,HCP0008,GP,Giza,Giza,P0002,GlucoMax,Molecule B,23,19,42
2023-12-01,HCP0008,GP,Giza,Giza,P0003,Respira,Molecule C,4,96,100
2023-12-01,HCP0008,GP,Giza,Giza,P0004,PainFree,Molecule D,32,28,60
2023-12-01,HCP0008,GP,Giza,Giza,P0005,Infecto,Molecule E,19,41,60
2023-12-01,HCP0008,GP,Giza,Giza,P0006,NeuroCalm,Molecule F,28,83,111
2023-12-01,HCP0008,GP,Giza,Giza,P0007,ArthroRelief,Molecule G,24,93,117
2023-12-01,HCP0008,GP,Giza,Giza,P0008,Dermacare,Molecule H,5,85,90
2023-12-01,HCP0008,GP,Giza,Giza,P0009,LipiControl,Molecule I,21,83,104
2023-12-01,HCP0008,GP,Giza,Giza,P0010,GastroEase,Molecule J,18,66,84
2023-12-01,HCP0009,Cardiology,Alexandria,Alexandria,P0001,CardioSafe,Molecule A,2,98,100
2023-12-01,HCP0009,Cardiology,Alexandria,Alexandria,P0002,GlucoMax,Molecule B,4,89,93
2023-12-01,HCP0009,Cardiology,Alexandria,Alexandria,P0003,Respira,Molecule C,22,44,66
2023-12-01,HCP0009,Cardiology,Alexandria,Alexandria,P0004,PainFree,Molecule D,24,90,114
2023-12-01,HCP0009,Cardiology,Alexandria,Alexandria,P0005,Infecto,Molecule E,39,86,125
2023-12-01,HCP0009,Cardiology,Alexandria,Alexandria,P0006,NeuroCalm,Molecule F,18,59,77
2023-12-01,HCP0009,Cardiology,Alexandria,Alexandria,P0007,ArthroRelief,Molecule G,12,31,43
2023-12-01,HCP0009,Cardiology,Alexandria,Alexandria,P0008,Dermacare,Molecule H,20,33,53
2023-12-01,HCP0009,Cardiology,Alexandria,Alexandria,P0009,LipiControl,Molecule I,4,6,10
2023-12-01,HCP0009,Cardiology,Alexandria,Alexandria,P0010,GastroEase,Molecule J,29,28,57
2023-12-01,HCP0010,Orthopedics,Cairo,Cairo West,P0001,CardioSafe,Molecule A,9,35,44
2023-12-01,HCP0010,Orthopedics,Cairo,Cairo West,P0002,GlucoMax,Molecule B,5,92,97
2023-12-01,HCP0010,Orthopedics,Cairo,Cairo West,P0003,Respira,Molecule C,2,86,88
2023-12-01,HCP0010,Orthopedics,Cairo,Cairo West,P0004,PainFree,Molecule D,38,83,121
2023-12-01,HCP0010,Orthopedics,Cairo,Cairo West,P0005,Infecto,Molecule E,22,33,55
2023-12-01,HCP0010,Orthopedics,Cairo,Cairo West,P0006,NeuroCalm,Molecule F,31,48,79
2023-12-01,HCP0010,Orthopedics,Cairo,Cairo West,P0007,ArthroRelief,Molecule G,27,17,44
2023-12-01,HCP0010,Orthopedics,Cairo,Cairo West,P0008,Dermacare,Molecule H,25,20,45
2023-12-01,HCP0010,Orthopedics,Cairo,Cairo West,P0009,LipiControl,Molecule I,16,43,59
2023-12-01,HCP0010,Orthopedics,Cairo,Cairo West,P0010,GastroEase,Molecule J,26,24,50
2024-01-01,HCP0001,Cardiology,Cairo,Cairo East,P0001,CardioSafe,Molecule A,22,91,113
2024-01-01,HCP0001,Cardiology,Cairo,Cairo East,P0002,GlucoMax,Molecule B,11,70,81
2024-01-01,HCP0001,Cardiology,Cairo,Cairo East,P0003,Respira,Molecule C,11,43,54
2024-01-01,HCP0001,Cardiology,Cairo,Cairo East,P0004,PainFree,Molecule D,12,10,22
2024-01-01,HCP0001,Cardiology,Cairo,Cairo East,P0005,Infecto,Molecule E,8,95,103
2024-01-01,HCP0001,Cardiology,Cairo,Cairo East,P0006,NeuroCalm,Molecule F,27,53,80
2024-01-01,HCP0001,Cardiology,Cairo,Cairo East,P0007,ArthroRelief,Molecule G,9,56,65
2024-01-01,HCP0001,Cardiology,Cairo,Cairo East,P0008,Dermacare,Molecule H,32,75,107
2024-01-01,HCP0001,Cardiology,Cairo,Cairo East,P0009,LipiControl,Molecule I,37,49,86
2024-01-01,HCP0001,Cardiology,Cairo,Cairo East,P0010,GastroEase,Molecule J,38,51,89
2024-01-01,HCP0002,Internal Medicine,Cairo,Cairo West,P0001,CardioSafe,Molecule A,4,39,43
2024-01-01,HCP0002,Internal Medicine,Cairo,Cairo West,P0002,GlucoMax,Molecule B,15,30,45
2024-01-01,HCP0002,Internal Medicine,Cairo,Cairo West,P0003,Respira,Molecule C,19,15,34
2024-01-01,HCP0002,Internal Medicine,Cairo,Cairo West,P0004,PainFree,Molecule D,4,71,75
2024-01-01,HCP0002,Internal Medicine,Cairo,Cairo West,P0005,Infecto,Molecule E,24,71,95
2024-01-01,HCP0002,Internal Medicine,Cairo,Cairo West,P0006,NeuroCalm,Molecule F,38,58,96
2024-01-01,HCP0002,Internal Medicine,Cairo,Cairo West,P0007,ArthroRelief,Molecule G,30,7,37
2024-01-01,HCP0002,Internal Medicine,Cairo,Cairo West,P0008,Dermacare,Molecule H,25,71,96
2024-01-01,HCP0002,Internal Medicine,Cairo,Cairo West,P0009,LipiControl,Molecule I,12,47,59
2024-01-01,HCP0002,Internal Medicine,Cairo,Cairo West,P0010,GastroEase,Molecule J,31,96,127
2024-01-01,HCP0003,Endocrinology,Giza,Giza,P0001,CardioSafe,Molecule A,18,76,94
2024-01-01,HCP0003,Endocrinology,Giza,Giza,P0002,GlucoMax,Molecule B,17,80,97
2024-01-01,HCP0003,Endocrinology,Giza,Giza,P0003,Respira,Molecule C,11,9,20
2024-01-01,HCP0003,Endocrinology,Giza,Giza,P0004,PainFree,Molecule D,28,96,124
2024-01-01,HCP0003,Endocrinology,Giza,Giza,P0005,Infecto,Molecule E,38,65,103
2024-01-01,HCP0003,Endocrinology,Giza,Giza,P0006,NeuroCalm,Molecule F,21,91,112
2024-01-01,HCP0003,Endocrinology,Giza,Giza,P0007,ArthroRelief,Molecule G,25,80,105
2024-01-01,HCP0003,Endocrinology,Giza,Giza,P0008,Dermacare,Molecule H,38,7,45
2024-01-01,HCP0003,Endocrinology,Giza,Giza,P0009,LipiControl,Molecule I,28,33,61
2024-01-01,HCP0003,Endocrinology,Giza,Giza,P0010,GastroEase,Molecule J,31,83,114
2024-01-01,HCP0004,Pediatrics,Alexandria,Alexandria,P0001,CardioSafe,Molecule A,8,64,72
2024-01-01,HCP0004,Pediatrics,Alexandria,Alexandria,P0002,GlucoMax,Molecule B,21,46,67
2024-01-01,HCP0004,Pediatrics,Alexandria,Alexandria,P0003,Respira,Molecule C,10,12,22
2024-01-01,HCP0004,Pediatrics,Alexandria,Alexandria,P0004,PainFree,Molecule D,19,44,63
2024-01-01,HCP0004,Pediatrics,Alexandria,Alexandria,P0005,Infecto,Molecule E,26,6,32
2024-01-01,HCP0004,Pediatrics,Alexandria,Alexandria,P0006,NeuroCalm,Molecule F,11,56,67
2024-01-01,HCP0004,Pediatrics,Alexandria,Alexandria,P0007,ArthroRelief,Molecule G,28,8,36
2024-01-01,HCP0004,Pediatrics,Alexandria,Alexandria,P0008,Dermacare,Molecule H,13,54,67
2024-01-01,HCP0004,Pediatrics,Alexandria,Alexandria,P0009,LipiControl,Molecule I,12,12,24
2024-01-01,HCP0004,Pediatrics,Alexandria,Alexandria,P0010,GastroEase,Molecule J,19,72,91
2024-01-01,HCP0005,Pulmonology,Mansoura,Delta,P0001,CardioSafe,Molecule A,37,54,91
2024-01-01,HCP0005,Pulmonology,Mansoura,Delta,P0002,GlucoMax,Molecule B,33,7,40
2024-01-01,HCP0005,Pulmonology,Mansoura,Delta,P0003,Respira,Molecule C,33,22,55
2024-01-01,HCP0005,Pulmonology,Mansoura,Delta,P0004,PainFree,Molecule D,23,79,102
2024-01-01,HCP0005,Pulmonology,Mansoura,Delta,P0005,Infecto,Molecule E,12,15,27
2024-01-01,HCP0005,Pulmonology,Mansoura,Delta,P0006,NeuroCalm,Molecule F,14,82,96
2024-01-01,HCP0005,Pulmonology,Mansoura,Delta,P0007,ArthroRelief,Molecule G,11,78,89
2024-01-01,HCP0005,Pulmonology,Mansoura,Delta,P0008,Dermacare,Molecule H,24,84,108
2024-01-01,HCP0005,Pulmonology,Mansoura,Delta,P0009,LipiControl,Molecule I,25,73,98
2024-01-01,HCP0005,Pulmonology,Mansoura,Delta,P0010,GastroEase,Molecule J,20,77,97
2024-01-01,HCP0006,Neurology,Assiut,Upper Egypt,P0001,CardioSafe,Molecule A,36,93,129
2024-01-01,HCP0006,Neurology,Assiut,Upper Egypt,P0002,GlucoMax,Molecule B,8,69,77
2024-01-01,HCP0006,Neurology,Assiut,Upper Egypt,P0003,Respira,Molecule C,9,96,105
2024-01-01,HCP0006,Neurology,Assiut,Upper Egypt,P0004,PainFree,Molecule D,18,85,103
2024-01-01,HCP0006,Neurology,Assiut,Upper Egypt,P0005,Infecto,Molecule E,20,60,80
2024-01-01,HCP0006,Neurology,Assiut,Upper Egypt,P0006,NeuroCalm,Molecule F,7,13,20
2024-01-01,HCP0006,Neurology,Assiut,Upper Egypt,P0007,ArthroRelief,Molecule G,22,84,106
2024-01-01,HCP0006,Neurology,Assiut,Upper Egypt,P0008,Dermacare,Molecule H,8,98,106
2024-01-01,HCP0006,Neurology,Assiut,Upper Egypt,P0009,LipiControl,Molecule I,13,51,64
2024-01-01,HCP0006,Neurology,Assiut,Upper Egypt,P0010,GastroEase,Molecule J,2,88,90
2024-01-01,HCP0007,Dermatology,Cairo,Cairo East,P0001,CardioSafe,Molecule A,12,28,40
2024-01-01,HCP0007,Dermatology,Cairo,Cairo East,P0002,GlucoMax,Molecule B,15,32,47
2024-01-01,HCP0007,Dermatology,Cairo,Cairo East,P0003,Respira,Molecule C,21,7,28
2024-01-01,HCP0007,Dermatology,Cairo,Cairo East,P0004,PainFree,Molecule D,30,88,118
2024-01-01,HCP0007,Dermatology,Cairo,Cairo East,P0005,Infecto,Molecule E,31,60,91
2024-01-01,HCP0007,Dermatology,Cairo,Cairo East,P0006,NeuroCalm,Molecule F,24,19,43
2024-01-01,HCP0007,Dermatology,Cairo,Cairo East,P0007,ArthroRelief,Molecule G,18,98,116
2024-01-01,HCP0007,Dermatology,Cairo,Cairo East,P0008,Dermacare,Molecule H,7,55,62
2024-01-01,HCP0007,Dermatology,Cairo,Cairo East,P0009,LipiControl,Molecule I,32,94,126
2024-01-01,HCP0007,Dermatology,Cairo,Cairo East,P0010,GastroEase,Molecule J,37,97,134
2024-01-01,HCP0008,GP,Giza,Giza,P0001,CardioSafe,Molecule A,32,84,116
2024-01-01,HCP0008,GP,Giza,Giza,P0002,GlucoMax,Molecule B,33,49,82
2024-01-01,HCP0008,GP,Giza,Giza,P0003,Respira,Molecule C,33,61,94
2024-01-01,HCP0008,GP,Giza,Giza,P0004,PainFree,Molecule D,35,36,71
2024-01-01,HCP0008,GP,Giza,Giza,P0005,Infecto,Molecule E,31,84,115
2024-01-01,HCP0008,GP,Giza,Giza,P0006,NeuroCalm,Molecule F,24,41,65
2024-01-01,HCP0008,GP,Giza,Giza,P0007,ArthroRelief,Molecule G,2,36,38
2024-01-01,HCP0008,GP,Giza,Giza,P0008,Dermacare,Molecule H,21,65,86
2024-01-01,HCP0008,GP,Giza,Giza,P0009,LipiControl,Molecule I,9,73,82
2024-01-01,HCP0008,GP,Giza,Giza,P0010,GastroEase,Molecule J,8,23,31
2024-01-01,HCP0009,Cardiology,Alexandria,Alexandria,P0001,CardioSafe,Molecule A,25,38,63
2024-01-01,HCP0009,Cardiology,Alexandria,Alexandria,P0002,GlucoMax,Molecule B,10,73,83
2024-01-01,HCP0009,Cardiology,Alexandria,Alexandria,P0003,Respira,Molecule C,28,69,97
2024-01-01,HCP0009,Cardiology,Alexandria,Alexandria,P0004,PainFree,Molecule D,4,26,30
2024-01-01,HCP0009,Cardiology,Alexandria,Alexandria,P0005,Infecto,Molecule E,32,98,130
2024-01-01,HCP0009,Cardiology,Alexandria,Alexandria,P0006,NeuroCalm,Molecule F,33,95,128
2024-01-01,HCP0009,Cardiology,Alexandria,Alexandria,P0007,ArthroRelief,Molecule G,37,47,84
2024-01-01,HCP0009,Cardiology,Alexandria,Alexandria,P0008,Dermacare,Molecule H,38,60,98
2024-01-01,HCP0009,Cardiology,Alexandria,Alexandria,P0009,LipiControl,Molecule I,2,40,42
2024-01-01,HCP0009,Cardiology,Alexandria,Alexandria,P0010,GastroEase,Molecule J,30,56,86
2024-01-01,HCP0010,Orthopedics,Cairo,Cairo West,P0001,CardioSafe,Molecule A,34,96,130
2024-01-01,HCP0010,Orthopedics,Cairo,Cairo West,P0002,GlucoMax,Molecule B,19,35,54
2024-01-01,HCP0010,Orthopedics,Cairo,Cairo West,P0003,Respira,Molecule C,9,59,68
2024-01-01,HCP0010,Orthopedics,Cairo,Cairo West,P0004,PainFree,Molecule D,9,87,96
2024-01-01,HCP0010,Orthopedics,Cairo,Cairo West,P0005,Infecto,Molecule E,2,73,75
2024-01-01,HCP0010,Orthopedics,Cairo,Cairo West,P0006,NeuroCalm,Molecule F,28,35,63
2024-01-01,HCP0010,Orthopedics,Cairo,Cairo West,P0007,ArthroRelief,Molecule G,13,96,109
2024-01-01,HCP0010,Orthopedics,Cairo,Cairo West,P0008,Dermacare,Molecule H,24,21,45
2024-01-01,HCP0010,Orthopedics,Cairo,Cairo West,P0009,LipiControl,Molecule I,28,7,35
2024-01-01,HCP0010,Orthopedics,Cairo,Cairo West,P0010,GastroEase,Molecule J,8,53,61
2024-02-01,HCP0001,Cardiology,Cairo,Cairo East,P0001,CardioSafe,Molecule A,30,89,119
2024-02-01,HCP0001,Cardiology,Cairo,Cairo East,P0002,GlucoMax,Molecule B,34,31,65
2024-02-01,HCP0001,Cardiology,Cairo,Cairo East,P0003,Respira,Molecule C,37,67,104
2024-02-01,HCP0001,Cardiology,Cairo,Cairo East,P0004,PainFree,Molecule D,38,67,105
2024-02-01,HCP0001,Cardiology,Cairo,Cairo East,P0005,Infecto,Molecule E,16,26,42
2024-02-01,HCP0001,Cardiology,Cairo,Cairo East,P0006,NeuroCalm,Molecule F,11,26,37
2024-02-01,HCP0001,Cardiology,Cairo,Cairo East,P0007,ArthroRelief,Molecule G,39,39,78
2024-02-01,HCP0001,Cardiology,Cairo,Cairo East,P0008,Dermacare,Molecule H,38,94,132
2024-02-01,HCP0001,Cardiology,Cairo,Cairo East,P0009,LipiControl,Molecule I,19,58,77
2024-02-01,HCP0001,Cardiology,Cairo,Cairo East,P0010,GastroEase,Molecule J,30,21,51
2024-02-01,HCP0002,Internal Medicine,Cairo,Cairo West,P0001,CardioSafe,Molecule A,5,72,77
2024-02-01,HCP0002,Internal Medicine,Cairo,Cairo West,P0002,GlucoMax,Molecule B,15,15,30
2024-02-01,HCP0002,Internal Medicine,Cairo,Cairo West,P0003,Respira,Molecule C,16,88,104
2024-02-01,HCP0002,Internal Medicine,Cairo,Cairo West,P0004,PainFree,Molecule D,8,27,35
2024-02-01,HCP0002,Internal Medicine,Cairo,Cairo West,P0005,Infecto,Molecule E,6,99,105
2024-02-01,HCP0002,Internal Medicine,Cairo,Cairo West,P0006,NeuroCalm,Molecule F,36,12,48
2024-02-01,HCP0002,Internal Medicine,Cairo,Cairo West,P0007,ArthroRelief,Molecule G,8,54,62
2024-02-01,HCP0002,Internal Medicine,Cairo,Cairo West,P0008,Dermacare,Molecule H,28,74,102
2024-02-01,HCP0002,Internal Medicine,Cairo,Cairo West,P0009,LipiControl,Molecule I,26,56,82
2024-02-01,HCP0002,Internal Medicine,Cairo,Cairo West,P0010,GastroEase,Molecule J,16,21,37
2024-02-01,HCP0003,Endocrinology,Giza,Giza,P0001,CardioSafe,Molecule A,15,76,91
2024-02-01,HCP0003,Endocrinology,Giza,Giza,P0002,GlucoMax,Molecule B,35,61,96
2024-02-01,HCP0003,Endocrinology,Giza,Giza,P0003,Respira,Molecule C,29,50,79
2024-02-01,HCP0003,Endocrinology,Giza,Giza,P0004,PainFree,Molecule D,36,91,127
2024-02-01,HCP0003,Endocrinology,Giza,Giza,P0005,Infecto,Molecule E,16,26,42
2024-02-01,HCP0003,Endocrinology,Giza,Giza,P0006,NeuroCalm,Molecule F,26,36,62
2024-02-01,HCP0003,Endocrinology,Giza,Giza,P0007,ArthroRelief,Molecule G,34,27,61
2024-02-01,HCP0003,Endocrinology,Giza,Giza,P0008,Dermacare,Molecule H,19,89,108
2024-02-01,HCP0003,Endocrinology,Giza,Giza,P0009,LipiControl,Molecule I,7,13,20
2024-02-01,HCP0003,Endocrinology,Giza,Giza,P0010,GastroEase,Molecule J,5,90,95
2024-02-01,HCP0004,Pediatrics,Alexandria,Alexandria,P0001,CardioSafe,Molecule A,29,11,40
2024-02-01,HCP0004,Pediatrics,Alexandria,Alexandria,P0002,GlucoMax,Molecule B,17,78,95
2024-02-01,HCP0004,Pediatrics,Alexandria,Alexandria,P0003,Respira,Molecule C,6,54,60
2024-02-01,HCP0004,Pediatrics,Alexandria,Alexandria,P0004,PainFree,Molecule D,7,41,48
2024-02-01,HCP0004,Pediatrics,Alexandria,Alexandria,P0005,Infecto,Molecule E,28,54,82
2024-02-01,HCP0004,Pediatrics,Alexandria,Alexandria,P0006,NeuroCalm,Molecule F,26,6,32
2024-02-01,HCP0004,Pediatrics,Alexandria,Alexandria,P0007,ArthroRelief,Molecule G,19,51,70
2024-02-01,HCP0004,Pediatrics,Alexandria,Alexandria,P0008,Dermacare,Molecule H,12,35,47
2024-02-01,HCP0004,Pediatrics,Alexandria,Alexandria,P0009,LipiControl,Molecule I,29,81,110
2024-02-01,HCP0004,Pediatrics,Alexandria,Alexandria,P0010,GastroEase,Molecule J,3,98,101
2024-02-01,HCP0005,Pulmonology,Mansoura,Delta,P0001,CardioSafe,Molecule A,9,72,81
2024-02-01,HCP0005,Pulmonology,Mansoura,Delta,P0002,GlucoMax,Molecule B,10,66,76
2024-02-01,HCP0005,Pulmonology,Mansoura,Delta,P0003,Respira,Molecule C,10,99,109
2024-02-01,HCP0005,Pulmonology,Mansoura,Delta,P0004,PainFree,Molecule D,18,91,109
2024-02-01,HCP0005,Pulmonology,Mansoura,Delta,P0005,Infecto,Molecule E,28,26,54
2024-02-01,HCP0005,Pulmonology,Mansoura,Delta,P0006,NeuroCalm,Molecule F,2,90,92
2024-02-01,HCP0005,Pulmonology,Mansoura,Delta,P0007,ArthroRelief,Molecule G,23,37,60
2024-02-01,HCP0005,Pulmonology,Mansoura,Delta,P0008,Dermacare,Molecule H,4,21,25
2024-02-01,HCP0005,Pulmonology,Mansoura,Delta,P0009,LipiControl,Molecule I,2,82,84
2024-02-01,HCP0005,Pulmonology,Mansoura,Delta,P0010,GastroEase,Molecule J,10,38,48
2024-02-01,HCP0006,Neurology,Assiut,Upper Egypt,P0001,CardioSafe,Molecule A,37,30,67
2024-02-01,HCP0006,Neurology,Assiut,Upper Egypt,P0002,GlucoMax,Molecule B,32,43,75
2024-02-01,HCP0006,Neurology,Assiut,Upper Egypt,P0003,Respira,Molecule C,28,70,98
2024-02-01,HCP0006,Neurology,Assiut,Upper Egypt,P0004,PainFree,Molecule D,31,77,108
2024-02-01,HCP0006,Neurology,Assiut,Upper Egypt,P0005,Infecto,Molecule E,18,67,85
2024-02-01,HCP0006,Neurology,Assiut,Upper Egypt,P0006,NeuroCalm,Molecule F,7,75,82
2024-02-01,HCP0006,Neurology,Assiut,Upper Egypt,P0007,ArthroRelief,Molecule G,11,20,31
2024-02-01,HCP0006,Neurology,Assiut,Upper Egypt,P0008,Dermacare,Molecule H,28,23,51
2024-02-01,HCP0006,Neurology,Assiut,Upper Egypt,P0009,LipiControl,Molecule I,19,69,88
2024-02-01,HCP0006,Neurology,Assiut,Upper Egypt,P0010,GastroEase,Molecule J,15,51,66
2024-02-01,HCP0007,Dermatology,Cairo,Cairo East,P0001,CardioSafe,Molecule A,39,56,95
2024-02-01,HCP0007,Dermatology,Cairo,Cairo East,P0002,GlucoMax,Molecule B,34,11,45
2024-02-01,HCP0007,Dermatology,Cairo,Cairo East,P0003,Respira,Molecule C,20,81,101
2024-02-01,HCP0007,Dermatology,Cairo,Cairo East,P0004,PainFree,Molecule D,29,8,37
2024-02-01,HCP0007,Dermatology,Cairo,Cairo East,P0005,Infecto,Molecule E,36,74,110
2024-02-01,HCP0007,Dermatology,Cairo,Cairo East,P0006,NeuroCalm,Molecule F,27,82,109
2024-02-01,HCP0007,Dermatology,Cairo,Cairo East,P0007,ArthroRelief,Molecule G,10,26,36
2024-02-01,HCP0007,Dermatology,Cairo,Cairo East,P0008,Dermacare,Molecule H,4,20,24
2024-02-01,HCP0007,Dermatology,Cairo,Cairo East,P0009,LipiControl,Molecule I,7,81,88
2024-02-01,HCP0007,Dermatology,Cairo,Cairo East,P0010,GastroEase,Molecule J,3,68,71
2024-02-01,HCP0008,GP,Giza,Giza,P0001,CardioSafe,Molecule A,4,10,14
2024-02-01,HCP0008,GP,Giza,Giza,P0002,GlucoMax,Molecule B,15,89,104
2024-02-01,HCP0008,GP,Giza,Giza,P0003,Respira,Molecule C,23,12,35
2024-02-01,HCP0008,GP,Giza,Giza,P0004,PainFree,Molecule D,39,95,134
2024-02-01,HCP0008,GP,Giza,Giza,P0005,Infecto,Molecule E,20,36,56
2024-02-01,HCP0008,GP,Giza,Giza,P0006,NeuroCalm,Molecule F,20,69,89
2024-02-01,HCP0008,GP,Giza,Giza,P0007,ArthroRelief,Molecule G,26,14,40
2024-02-01,HCP0008,GP,Giza,Giza,P0008,Dermacare,Molecule H,27,66,93
2024-02-01,HCP0008,GP,Giza,Giza,P0009,LipiControl,Molecule I,34,61,95
2024-02-01,HCP0008,GP,Giza,Giza,P0010,GastroEase,Molecule J,12,61,73
2024-02-01,HCP0009,Cardiology,Alexandria,Alexandria,P0001,CardioSafe,Molecule A,2,22,24
2024-02-01,HCP0009,Cardiology,Alexandria,Alexandria,P0002,GlucoMax,Molecule B,15,43,58
2024-02-01,HCP0009,Cardiology,Alexandria,Alexandria,P0003,Respira,Molecule C,16,44,60
2024-02-01,HCP0009,Cardiology,Alexandria,Alexandria,P0004,PainFree,Molecule D,23,36,59
2024-02-01,HCP0009,Cardiology,Alexandria,Alexandria,P0005,Infecto,Molecule E,33,70,103
2024-02-01,HCP0009,Cardiology,Alexandria,Alexandria,P0006,NeuroCalm,Molecule F,16,25,41
2024-02-01,HCP0009,Cardiology,Alexandria,Alexandria,P0007,ArthroRelief,Molecule G,11,27,38
2024-02-01,HCP0009,Cardiology,Alexandria,Alexandria,P0008,Dermacare,Molecule H,13,85,98
2024-02-01,HCP0009,Cardiology,Alexandria,Alexandria,P0009,LipiControl,Molecule I,30,89,119
2024-02-01,HCP0009,Cardiology,Alexandria,Alexandria,P0010,GastroEase,Molecule J,30,78,108
2024-02-01,HCP0010,Orthopedics,Cairo,Cairo West,P0001,CardioSafe,Molecule A,18,49,67
2024-02-01,HCP0010,Orthopedics,Cairo,Cairo West,P0002,GlucoMax,Molecule B,26,13,39
2024-02-01,HCP0010,Orthopedics,Cairo,Cairo West,P0003,Respira,Molecule C,6,5,11
2024-02-01,HCP0010,Orthopedics,Cairo,Cairo West,P0004,PainFree,Molecule D,23,62,85
2024-02-01,HCP0010,Orthopedics,Cairo,Cairo West,P0005,Infecto,Molecule E,10,90,100
2024-02-01,HCP0010,Orthopedics,Cairo,Cairo West,P0006,NeuroCalm,Molecule F,26,63,89
2024-02-01,HCP0010,Orthopedics,Cairo,Cairo West,P0007,ArthroRelief,Molecule G,19,37,56
2024-02-01,HCP0010,Orthopedics,Cairo,Cairo West,P0008,Dermacare,Molecule H,22,26,48
2024-02-01,HCP0010,Orthopedics,Cairo,Cairo West,P0009,LipiControl,Molecule I,36,29,65
2024-02-01,HCP0010,Orthopedics,Cairo,Cairo West,P0010,GastroEase,Molecule J,12,94,106
2024-03-01,HCP0001,Cardiology,Cairo,Cairo East,P0001,CardioSafe,Molecule A,13,88,101
2024-03-01,HCP0001,Cardiology,Cairo,Cairo East,P0002,GlucoMax,Molecule B,13,26,39
2024-03-01,HCP0001,Cardiology,Cairo,Cairo East,P0003,Respira,Molecule C,28,6,34
2024-03-01,HCP0001,Cardiology,Cairo,Cairo East,P0004,PainFree,Molecule D,36,67,103
2024-03-01,HCP0001,Cardiology,Cairo,Cairo East,P0005,Infecto,Molecule E,9,36,45
2024-03-01,HCP0001,Cardiology,Cairo,Cairo East,P0006,NeuroCalm,Molecule F,39,52,91
2024-03-01,HCP0001,Cardiology,Cairo,Cairo East,P0007,ArthroRelief,Molecule G,25,33,58
2024-03-01,HCP0001,Cardiology,Cairo,Cairo East,P0008,Dermacare,Molecule H,39,6,45
2024-03-01,HCP0001,Cardiology,Cairo,Cairo East,P0009,LipiControl,Molecule I,24,64,88
2024-03-01,HCP0001,Cardiology,Cairo,Cairo East,P0010,GastroEase,Molecule J,22,16,38
2024-03-01,HCP0002,Internal Medicine,Cairo,Cairo West,P0001,CardioSafe,Molecule A,17,49,66
2024-03-01,HCP0002,Internal Medicine,Cairo,Cairo West,P0002,GlucoMax,Molecule B,8,36,44
2024-03-01,HCP0002,Internal Medicine,Cairo,Cairo West,P0003,Respira,Molecule C,18,56,74
2024-03-01,HCP0002,Internal Medicine,Cairo,Cairo West,P0004,PainFree,Molecule D,10,73,83
2024-03-01,HCP0002,Internal Medicine,Cairo,Cairo West,P0005,Infecto,Molecule E,33,16,49
2024-03-01,HCP0002,Internal Medicine,Cairo,Cairo West,P0006,NeuroCalm,Molecule F,31,13,44
2024-03-01,HCP0002,Internal Medicine,Cairo,Cairo West,P0007,ArthroRelief,Molecule G,29,97,126
2024-03-01,HCP0002,Internal Medicine,Cairo,Cairo West,P0008,Dermacare,Molecule H,31,86,117
2024-03-01,HCP0002,Internal Medicine,Cairo,Cairo West,P0009,LipiControl,Molecule I,25,24,49
2024-03-01,HCP0002,Internal Medicine,Cairo,Cairo West,P0010,GastroEase,Molecule J,19,59,78
2024-03-01,HCP0003,Endocrinology,Giza,Giza,P0001,CardioSafe,Molecule A,14,91,105
2024-03-01,HCP0003,Endocrinology,Giza,Giza,P0002,GlucoMax,Molecule B,27,60,87
2024-03-01,HCP0003,Endocrinology,Giza,Giza,P0003,Respira,Molecule C,13,64,77
2024-03-01,HCP0003,Endocrinology,Giza,Giza,P0004,PainFree,Molecule D,38,55,93
2024-03-01,HCP0003,Endocrinology,Giza,Giza,P0005,Infecto,Molecule E,38,75,113
2024-03-01,HCP0003,Endocrinology,Giza,Giza,P0006,NeuroCalm,Molecule F,34,13,47
2024-03-01,HCP0003,Endocrinology,Giza,Giza,P0007,ArthroRelief,Molecule G,5,20,25
2024-03-01,HCP0003,Endocrinology,Giza,Giza,P0008,Dermacare,Molecule H,9,66,75
2024-03-01,HCP0003,Endocrinology,Giza,Giza,P0009,LipiControl,Molecule I,18,67,85
2024-03-01,HCP0003,Endocrinology,Giza,Giza,P0010,GastroEase,Molecule J,31,82,113
2024-03-01,HCP0004,Pediatrics,Alexandria,Alexandria,P0001,CardioSafe,Molecule A,27,19,46
2024-03-01,HCP0004,Pediatrics,Alexandria,Alexandria,P0002,GlucoMax,Molecule B,8,36,44
2024-03-01,HCP0004,Pediatrics,Alexandria,Alexandria,P0003,Respira,Molecule C,29,76,105
2024-03-01,HCP0004,Pediatrics,Alexandria,Alexandria,P0004,PainFree,Molecule D,23,77,100
2024-03-01,HCP0004,Pediatrics,Alexandria,Alexandria,P0005,Infecto,Molecule E,12,85,97
2024-03-01,HCP0004,Pediatrics,Alexandria,Alexandria,P0006,NeuroCalm,Molecule F,13,91,104
2024-03-01,HCP0004,Pediatrics,Alexandria,Alexandria,P0007,ArthroRelief,Molecule G,16,27,43
2024-03-01,HCP0004,Pediatrics,Alexandria,Alexandria,P0008,Dermacare,Molecule H,9,13,22
2024-03-01,HCP0004,Pediatrics,Alexandria,Alexandria,P0009,LipiControl,Molecule I,18,52,70
2024-03-01,HCP0004,Pediatrics,Alexandria,Alexandria,P0010,GastroEase,Molecule J,32,24,56
2024-03-01,HCP0005,Pulmonology,Mansoura,Delta,P0001,CardioSafe,Molecule A,18,13,31
2024-03-01,HCP0005,Pulmonology,Mansoura,Delta,P0002,GlucoMax,Molecule B,7,44,51
2024-03-01,HCP0005,Pulmonology,Mansoura,Delta,P0003,Respira,Molecule C,27,66,93
2024-03-01,HCP0005,Pulmonology,Mansoura,Delta,P0004,PainFree,Molecule D,25,11,36
2024-03-01,HCP0005,Pulmonology,Mansoura,Delta,P0005,Infecto,Molecule E,21,44,65
2024-03-01,HCP0005,Pulmonology,Mansoura,Delta,P0006,NeuroCalm,Molecule F,38,80,118
2024-03-01,HCP0005,Pulmonology,Mansoura,Delta,P0007,ArthroRelief,Molecule G,36,42,78
2024-03-01,HCP0005,Pulmonology,Mansoura,Delta,P0008,Dermacare,Molecule H,10,70,80
2024-03-01,HCP0005,Pulmonology,Mansoura,Delta,P0009,LipiControl,Molecule I,17,6,23
2024-03-01,HCP0005,Pulmonology,Mansoura,Delta,P0010,GastroEase,Molecule J,18,60,78
2024-03-01,HCP0006,Neurology,Assiut,Upper Egypt,P0001,CardioSafe,Molecule A,4,44,48
2024-03-01,HCP0006,Neurology,Assiut,Upper Egypt,P0002,GlucoMax,Molecule B,9,82,91
2024-03-01,HCP0006,Neurology,Assiut,Upper Egypt,P0003,Respira,Molecule C,4,95,99
2024-03-01,HCP0006,Neurology,Assiut,Upper Egypt,P0004,PainFree,Molecule D,31,69,100
2024-03-01,HCP0006,Neurology,Assiut,Upper Egypt,P0005,Infecto,Molecule E,21,91,112
2024-03-01,HCP0006,Neurology,Assiut,Upper Egypt,P0006,NeuroCalm,Molecule F,10,7,17
2024-03-01,HCP0006,Neurology,Assiut,Upper Egypt,P0007,ArthroRelief,Molecule G,14,68,82
2024-03-01,HCP0006,Neurology,Assiut,Upper Egypt,P0008,Dermacare,Molecule H,9,23,32
2024-03-01,HCP0006,Neurology,Assiut,Upper Egypt,P0009,LipiControl,Molecule I,30,84,114
2024-03-01,HCP0006,Neurology,Assiut,Upper Egypt,P0010,GastroEase,Molecule J,7,86,93
2024-03-01,HCP0007,Dermatology,Cairo,Cairo East,P0001,CardioSafe,Molecule A,38,72,110
2024-03-01,HCP0007,Dermatology,Cairo,Cairo East,P0002,GlucoMax,Molecule B,38,87,125
2024-03-01,HCP0007,Dermatology,Cairo,Cairo East,P0003,Respira,Molecule C,15,59,74
2024-03-01,HCP0007,Dermatology,Cairo,Cairo East,P0004,PainFree,Molecule D,31,95,126
2024-03-01,HCP0007,Dermatology,Cairo,Cairo East,P0005,Infecto,Molecule E,13,35,48
2024-03-01,HCP0007,Dermatology,Cairo,Cairo East,P0006,NeuroCalm,Molecule F,29,16,45
2024-03-01,HCP0007,Dermatology,Cairo,Cairo East,P0007,ArthroRelief,Molecule G,33,43,76
2024-03-01,HCP0007,Dermatology,Cairo,Cairo East,P0008,Dermacare,Molecule H,30,60,90
2024-03-01,HCP0007,Dermatology,Cairo,Cairo East,P0009,LipiControl,Molecule I,27,74,101
2024-03-01,HCP0007,Dermatology,Cairo,Cairo East,P0010,GastroEase,Molecule J,35,64,99
2024-03-01,HCP0008,GP,Giza,Giza,P0001,CardioSafe,Molecule A,33,40,73
2024-03-01,HCP0008,GP,Giza,Giza,P0002,GlucoMax,Molecule B,17,36,53
2024-03-01,HCP0008,GP,Giza,Giza,P0003,Respira,Molecule C,24,47,71
2024-03-01,HCP0008,GP,Giza,Giza,P0004,PainFree,Molecule D,25,33,58
2024-03-01,HCP0008,GP,Giza,Giza,P0005,Infecto,Molecule E,28,58,86
2024-03-01,HCP0008,GP,Giza,Giza,P0006,NeuroCalm,Molecule F,21,89,110
2024-03-01,HCP0008,GP,Giza,Giza,P0007,ArthroRelief,Molecule G,26,75,101
2024-03-01,HCP0008,GP,Giza,Giza,P0008,Dermacare,Molecule H,26,6,32
2024-03-01,HCP0008,GP,Giza,Giza,P0009,LipiControl,Molecule I,36,8,44
2024-03-01,HCP0008,GP,Giza,Giza,P0010,GastroEase,Molecule J,17,55,72
2024-03-01,HCP0009,Cardiology,Alexandria,Alexandria,P0001,CardioSafe,Molecule A,4,25,29
2024-03-01,HCP0009,Cardiology,Alexandria,Alexandria,P0002,GlucoMax,Molecule B,37,94,131
2024-03-01,HCP0009,Cardiology,Alexandria,Alexandria,P0003,Respira,Molecule C,39,20,59
2024-03-01,HCP0009,Cardiology,Alexandria,Alexandria,P0004,PainFree,Molecule D,25,49,74
2024-03-01,HCP0009,Cardiology,Alexandria,Alexandria,P0005,Infecto,Molecule E,25,40,65
2024-03-01,HCP0009,Cardiology,Alexandria,Alexandria,P0006,NeuroCalm,Molecule F,9,44,53
2024-03-01,HCP0009,Cardiology,Alexandria,Alexandria,P0007,ArthroRelief,Molecule G,11,49,60
2024-03-01,HCP0009,Cardiology,Alexandria,Alexandria,P0008,Dermacare,Molecule H,9,97,106
2024-03-01,HCP0009,Cardiology,Alexandria,Alexandria,P0009,LipiControl,Molecule I,25,89,114
2024-03-01,HCP0009,Cardiology,Alexandria,Alexandria,P0010,GastroEase,Molecule J,2,25,27
2024-03-01,HCP0010,Orthopedics,Cairo,Cairo West,P0001,CardioSafe,Molecule A,21,16,37
2024-03-01,HCP0010,Orthopedics,Cairo,Cairo West,P0002,GlucoMax,Molecule B,8,44,52
2024-03-01,HCP0010,Orthopedics,Cairo,Cairo West,P0003,Respira,Molecule C,31,86,117
2024-03-01,HCP0010,Orthopedics,Cairo,Cairo West,P0004,PainFree,Molecule D,34,72,106
2024-03-01,HCP0010,Orthopedics,Cairo,Cairo West,P0005,Infecto,Molecule E,22,39,61
2024-03-01,HCP0010,Orthopedics,Cairo,Cairo West,P0006,NeuroCalm,Molecule F,8,47,55
2024-03-01,HCP0010,Orthopedics,Cairo,Cairo West,P0007,ArthroRelief,Molecule G,3,74,77
2024-03-01,HCP0010,Orthopedics,Cairo,Cairo West,P0008,Dermacare,Molecule H,15,46,61
2024-03-01,HCP0010,Orthopedics,Cairo,Cairo West,P0009,LipiControl,Molecule I,19,83,102
2024-03-01,HCP0010,Orthopedics,Cairo,Cairo West,P0010,GastroEase,Molecule J,20,14,34
2024-04-01,HCP0001,Cardiology,Cairo,Cairo East,P0001,CardioSafe,Molecule A,26,86,112
2024-04-01,HCP0001,Cardiology,Cairo,Cairo East,P0002,GlucoMax,Molecule B,15,27,42
2024-04-01,HCP0001,Cardiology,Cairo,Cairo East,P0003,Respira,Molecule C,31,31,62
2024-04-01,HCP0001,Cardiology,Cairo,Cairo East,P0004,PainFree,Molecule D,36,86,122
2024-04-01,HCP0001,Cardiology,Cairo,Cairo East,P0005,Infecto,Molecule E,5,91,96
2024-04-01,HCP0001,Cardiology,Cairo,Cairo East,P0006,NeuroCalm,Molecule F,4,33,37
2024-04-01,HCP0001,Cardiology,Cairo,Cairo East,P0007,ArthroRelief,Molecule G,17,80,97
2024-04-01,HCP0001,Cardiology,Cairo,Cairo East,P0008,Dermacare,Molecule H,14,61,75
2024-04-01,HCP0001,Cardiology,Cairo,Cairo East,P0009,LipiControl,Molecule I,14,68,82
2024-04-01,HCP0001,Cardiology,Cairo,Cairo East,P0010,GastroEase,Molecule J,34,19,53
2024-04-01,HCP0002,Internal Medicine,Cairo,Cairo West,P0001,CardioSafe,Molecule A,5,70,75
2024-04-01,HCP0002,Internal Medicine,Cairo,Cairo West,P0002,GlucoMax,Molecule B,30,30,60
2024-04-01,HCP0002,Internal Medicine,Cairo,Cairo West,P0003,Respira,Molecule C,12,78,90
2024-04-01,HCP0002,Internal Medicine,Cairo,Cairo West,P0004,PainFree,Molecule D,13,39,52
2024-04-01,HCP0002,Internal Medicine,Cairo,Cairo West,P0005,Infecto,Molecule E,7,45,52
2024-04-01,HCP0002,Internal Medicine,Cairo,Cairo West,P0006,NeuroCalm,Molecule F,22,46,68
2024-04-01,HCP0002,Internal Medicine,Cairo,Cairo West,P0007,ArthroRelief,Molecule G,35,56,91
2024-04-01,HCP0002,Internal Medicine,Cairo,Cairo West,P0008,Dermacare,Molecule H,38,88,126
2024-04-01,HCP0002,Internal Medicine,Cairo,Cairo West,P0009,LipiControl,Molecule I,4,52,56
2024-04-01,HCP0002,Internal Medicine,Cairo,Cairo West,P0010,GastroEase,Molecule J,23,67,90
2024-04-01,HCP0003,Endocrinology,Giza,Giza,P0001,CardioSafe,Molecule A,10,76,86
2024-04-01,HCP0003,Endocrinology,Giza,Giza,P0002,GlucoMax,Molecule B,35,57,92
2024-04-01,HCP0003,Endocrinology,Giza,Giza,P0003,Respira,Molecule C,37,70,107
2024-04-01,HCP0003,Endocrinology,Giza,Giza,P0004,PainFree,Molecule D,15,76,91
2024-04-01,HCP0003,Endocrinology,Giza,Giza,P0005,Infecto,Molecule E,27,47,74
2024-04-01,HCP0003,Endocrinology,Giza,Giza,P0006,NeuroCalm,Molecule F,39,32,71
2024-04-01,HCP0003,Endocrinology,Giza,Giza,P0007,ArthroRelief,Molecule G,21,61,82
2024-04-01,HCP0003,Endocrinology,Giza,Giza,P0008,Dermacare,Molecule H,7,65,72
2024-04-01,HCP0003,Endocrinology,Giza,Giza,P0009,LipiControl,Molecule I,21,10,31
2024-04-01,HCP0003,Endocrinology,Giza,Giza,P0010,GastroEase,Molecule J,21,45,66
2024-04-01,HCP0004,Pediatrics,Alexandria,Alexandria,P0001,CardioSafe,Molecule A,25,46,71
2024-04-01,HCP0004,Pediatrics,Alexandria,Alexandria,P0002,GlucoMax,Molecule B,28,88,116
2024-04-01,HCP0004,Pediatrics,Alexandria,Alexandria,P0003,Respira,Molecule C,26,56,82
2024-04-01,HCP0004,Pediatrics,Alexandria,Alexandria,P0004,PainFree,Molecule D,2,72,74
2024-04-01,HCP0004,Pediatrics,Alexandria,Alexandria,P0005,Infecto,Molecule E,11,6,17
2024-04-01,HCP0004,Pediatrics,Alexandria,Alexandria,P0006,NeuroCalm,Molecule F,31,51,82
2024-04-01,HCP0004,Pediatrics,Alexandria,Alexandria,P0007,ArthroRelief,Molecule G,16,49,65
2024-04-01,HCP0004,Pediatrics,Alexandria,Alexandria,P0008,Dermacare,Molecule H,29,84,113
2024-04-01,HCP0004,Pediatrics,Alexandria,Alexandria,P0009,LipiControl,Molecule I,25,10,35
2024-04-01,HCP0004,Pediatrics,Alexandria,Alexandria,P0010,GastroEase,Molecule J,24,50,74
2024-04-01,HCP0005,Pulmonology,Mansoura,Delta,P0001,CardioSafe,Molecule A,19,94,113
2024-04-01,HCP0005,Pulmonology,Mansoura,Delta,P0002,GlucoMax,Molecule B,2,79,81
2024-04-01,HCP0005,Pulmonology,Mansoura,Delta,P0003,Respira,Molecule C,23,20,43
2024-04-01,HCP0005,Pulmonology,Mansoura,Delta,P0004,PainFree,Molecule D,4,38,42
2024-04-01,HCP0005,Pulmonology,Mansoura,Delta,P0005,Infecto,Molecule E,6,71,77
2024-04-01,HCP0005,Pulmonology,Mansoura,Delta,P0006,NeuroCalm,Molecule F,38,8,46
2024-04-01,HCP0005,Pulmonology,Mansoura,Delta,P0007,ArthroRelief,Molecule G,12,97,109
2024-04-01,HCP0005,Pulmonology,Mansoura,Delta,P0008,Dermacare,Molecule H,5,95,100
2024-04-01,HCP0005,Pulmonology,Mansoura,Delta,P0009,LipiControl,Molecule I,15,32,47
2024-04-01,HCP0005,Pulmonology,Mansoura,Delta,P0010,GastroEase,Molecule J,31,45,76
2024-04-01,HCP0006,Neurology,Assiut,Upper Egypt,P0001,CardioSafe,Molecule A,13,70,83
2024-04-01,HCP0006,Neurology,Assiut,Upper Egypt,P0002,GlucoMax,Molecule B,2,29,31
2024-04-01,HCP0006,Neurology,Assiut,Upper Egypt,P0003,Respira,Molecule C,15,76,91
2024-04-01,HCP0006,Neurology,Assiut,Upper Egypt,P0004,PainFree,Molecule D,32,36,68
2024-04-01,HCP0006,Neurology,Assiut,Upper Egypt,P0005,Infecto,Molecule E,16,74,90
2024-04-01,HCP0006,Neurology,Assiut,Upper Egypt,P0006,NeuroCalm,Molecule F,14,48,62
2024-04-01,HCP0006,Neurology,Assiut,Upper Egypt,P0007,ArthroRelief,Molecule G,6,30,36
2024-04-01,HCP0006,Neurology,Assiut,Upper Egypt,P0008,Dermacare,Molecule H,26,73,99
2024-04-01,HCP0006,Neurology,Assiut,Upper Egypt,P0009,LipiControl,Molecule I,25,60,85
2024-04-01,HCP0006,Neurology,Assiut,Upper Egypt,P0010,GastroEase,Molecule J,15,22,37
2024-04-01,HCP0007,Dermatology,Cairo,Cairo East,P0001,CardioSafe,Molecule A,17,85,102
2024-04-01,HCP0007,Dermatology,Cairo,Cairo East,P0002,GlucoMax,Molecule B,10,40,50
2024-04-01,HCP0007,Dermatology,Cairo,Cairo East,P0003,Respira,Molecule C,19,31,50
2024-04-01,HCP0007,Dermatology,Cairo,Cairo East,P0004,PainFree,Molecule D,34,18,52
2024-04-01,HCP0007,Dermatology,Cairo,Cairo East,P0005,Infecto,Molecule E,37,57,94
2024-04-01,HCP0007,Dermatology,Cairo,Cairo East,P0006,NeuroCalm,Molecule F,31,76,107
2024-04-01,HCP0007,Dermatology,Cairo,Cairo East,P0007,ArthroRelief,Molecule G,18,48,66
2024-04-01,HCP0007,Dermatology,Cairo,Cairo East,P0008,Dermacare,Molecule H,36,42,78
2024-04-01,HCP0007,Dermatology,Cairo,Cairo East,P0009,LipiControl,Molecule I,21,97,118
2024-04-01,HCP0007,Dermatology,Cairo,Cairo East,P0010,GastroEase,Molecule J,30,79,109
2024-04-01,HCP0008,GP,Giza,Giza,P0001,CardioSafe,Molecule A,31,32,63
2024-04-01,HCP0008,GP,Giza,Giza,P0002,GlucoMax,Molecule B,14,54,68
2024-04-01,HCP0008,GP,Giza,Giza,P0003,Respira,Molecule C,6,73,79
2024-04-01,HCP0008,GP,Giza,Giza,P0004,PainFree,Molecule D,23,31,54
2024-04-01,HCP0008,GP,Giza,Giza,P0005,Infecto,Molecule E,15,23,38
2024-04-01,HCP0008,GP,Giza,Giza,P0006,NeuroCalm,Molecule F,23,42,65
2024-04-01,HCP0008,GP,Giza,Giza,P0007,ArthroRelief,Molecule G,37,64,101
2024-04-01,HCP0008,GP,Giza,Giza,P0008,Dermacare,Molecule H,9,24,33
2024-04-01,HCP0008,GP,Giza,Giza,P0009,LipiControl,Molecule I,21,10,31
2024-04-01,HCP0008,GP,Giza,Giza,P0010,GastroEase,Molecule J,24,28,52
2024-04-01,HCP0009,Cardiology,Alexandria,Alexandria,P0001,CardioSafe,Molecule A,10,93,103
2024-04-01,HCP0009,Cardiology,Alexandria,Alexandria,P0002,GlucoMax,Molecule B,14,14,28
2024-04-01,HCP0009,Cardiology,Alexandria,Alexandria,P0003,Respira,Molecule C,23,82,105
2024-04-01,HCP0009,Cardiology,Alexandria,Alexandria,P0004,PainFree,Molecule D,21,30,51
2024-04-01,HCP0009,Cardiology,Alexandria,Alexandria,P0005,Infecto,Molecule E,26,35,61
2024-04-01,HCP0009,Cardiology,Alexandria,Alexandria,P0006,NeuroCalm,Molecule F,37,99,136
2024-04-01,HCP0009,Cardiology,Alexandria,Alexandria,P0007,ArthroRelief,Molecule G,10,88,98
2024-04-01,HCP0009,Cardiology,Alexandria,Alexandria,P0008,Dermacare,Molecule H,29,55,84
2024-04-01,HCP0009,Cardiology,Alexandria,Alexandria,P0009,LipiControl,Molecule I,11,24,35
2024-04-01,HCP0009,Cardiology,Alexandria,Alexandria,P0010,GastroEase,Molecule J,30,65,95
2024-04-01,HCP0010,Orthopedics,Cairo,Cairo West,P0001,CardioSafe,Molecule A,26,88,114
2024-04-01,HCP0010,Orthopedics,Cairo,Cairo West,P0002,GlucoMax,Molecule B,9,48,57
2024-04-01,HCP0010,Orthopedics,Cairo,Cairo West,P0003,Respira,Molecule C,23,51,74
2024-04-01,HCP0010,Orthopedics,Cairo,Cairo West,P0004,PainFree,Molecule D,16,40,56
2024-04-01,HCP0010,Orthopedics,Cairo,Cairo West,P0005,Infecto,Molecule E,21,86,107
2024-04-01,HCP0010,Orthopedics,Cairo,Cairo West,P0006,NeuroCalm,Molecule F,3,17,20
2024-04-01,HCP0010,Orthopedics,Cairo,Cairo West,P0007,ArthroRelief,Molecule G,30,76,106
2024-04-01,HCP0010,Orthopedics,Cairo,Cairo West,P0008,Dermacare,Molecule H,5,96,101
2024-04-01,HCP0010,Orthopedics,Cairo,Cairo West,P0009,LipiControl,Molecule I,26,88,114
2024-04-01,HCP0010,Orthopedics,Cairo,Cairo West,P0010,GastroEase,Molecule J,18,37,55
2024-05-01,HCP0001,Cardiology,Cairo,Cairo East,P0001,CardioSafe,Molecule A,16,31,47
2024-05-01,HCP0001,Cardiology,Cairo,Cairo East,P0002,GlucoMax,Molecule B,5,19,24
2024-05-01,HCP0001,Cardiology,Cairo,Cairo East,P0003,Respira,Molecule C,12,55,67
2024-05-01,HCP0001,Cardiology,Cairo,Cairo East,P0004,PainFree,Molecule D,16,80,96
2024-05-01,HCP0001,Cardiology,Cairo,Cairo East,P0005,Infecto,Molecule E,9,62,71
2024-05-01,HCP0001,Cardiology,Cairo,Cairo East,P0006,NeuroCalm,Molecule F,37,9,46
2024-05-01,HCP0001,Cardiology,Cairo,Cairo East,P0007,ArthroRelief,Molecule G,26,78,104
2024-05-01,HCP0001,Cardiology,Cairo,Cairo East,P0008,Dermacare,Molecule H,11,67,78
2024-05-01,HCP0001,Cardiology,Cairo,Cairo East,P0009,LipiControl,Molecule I,22,12,34
2024-05-01,HCP0001,Cardiology,Cairo,Cairo East,P0010,GastroEase,Molecule J,14,23,37
2024-05-01,HCP0002,Internal Medicine,Cairo,Cairo West,P0001,CardioSafe,Molecule A,25,9,34
2024-05-01,HCP0002,Internal Medicine,Cairo,Cairo West,P0002,GlucoMax,Molecule B,5,21,26
2024-05-01,HCP0002,Internal Medicine,Cairo,Cairo West,P0003,Respira,Molecule C,23,87,110
2024-05-01,HCP0002,Internal Medicine,Cairo,Cairo West,P0004,PainFree,Molecule D,31,10,41
2024-05-01,HCP0002,Internal Medicine,Cairo,Cairo West,P0005,Infecto,Molecule E,19,67,86
2024-05-01,HCP0002,Internal Medicine,Cairo,Cairo West,P0006,NeuroCalm,Molecule F,29,94,123
2024-05-01,HCP0002,Internal Medicine,Cairo,Cairo West,P0007,ArthroRelief,Molecule G,15,7,22
2024-05-01,HCP0002,Internal Medicine,Cairo,Cairo West,P0008,Dermacare,Molecule H,4,64,68
2024-05-01,HCP0002,Internal Medicine,Cairo,Cairo West,P0009,LipiControl,Molecule I,21,16,37
2024-05-01,HCP0002,Internal Medicine,Cairo,Cairo West,P0010,GastroEase,Molecule J,28,67,95
2024-05-01,HCP0003,Endocrinology,Giza,Giza,P0001,CardioSafe,Molecule A,10,42,52
2024-05-01,HCP0003,Endocrinology,Giza,Giza,P0002,GlucoMax,Molecule B,16,94,110
2024-05-01,HCP0003,Endocrinology,Giza,Giza,P0003,Respira,Molecule C,16,98,114
2024-05-01,HCP0003,Endocrinology,Giza,Giza,P0004,PainFree,Molecule D,17,30,47
2024-05-01,HCP0003,Endocrinology,Giza,Giza,P0005,Infecto,Molecule E,12,95,107
2024-05-01,HCP0003,Endocrinology,Giza,Giza,P0006,NeuroCalm,Molecule F,8,50,58
2024-05-01,HCP0003,Endocrinology,Giza,Giza,P0007,ArthroRelief,Molecule G,3,68,71
2024-05-01,HCP0003,Endocrinology,Giza,Giza,P0008,Dermacare,Molecule H,6,45,51
2024-05-01,HCP0003,Endocrinology,Giza,Giza,P0009,LipiControl,Molecule I,7,21,28
2024-05-01,HCP0003,Endocrinology,Giza,Giza,P0010,GastroEase,Molecule J,35,38,73
2024-05-01,HCP0004,Pediatrics,Alexandria,Alexandria,P0001,CardioSafe,Molecule A,19,91,110
2024-05-01,HCP0004,Pediatrics,Alexandria,Alexandria,P0002,GlucoMax,Molecule B,11,10,21
2024-05-01,HCP0004,Pediatrics,Alexandria,Alexandria,P0003,Respira,Molecule C,32,42,74
2024-05-01,HCP0004,Pediatrics,Alexandria,Alexandria,P0004,PainFree,Molecule D,19,9,28
2024-05-01,HCP0004,Pediatrics,Alexandria,Alexandria,P0005,Infecto,Molecule E,11,81,92
2024-05-01,HCP0004,Pediatrics,Alexandria,Alexandria,P0006,NeuroCalm,Molecule F,22,34,56
2024-05-01,HCP0004,Pediatrics,Alexandria,Alexandria,P0007,ArthroRelief,Molecule G,28,90,118
2024-05-01,HCP0004,Pediatrics,Alexandria,Alexandria,P0008,Dermacare,Molecule H,4,75,79
2024-05-01,HCP0004,Pediatrics,Alexandria,Alexandria,P0009,LipiControl,Molecule I,23,67,90
2024-05-01,HCP0004,Pediatrics,Alexandria,Alexandria,P0010,GastroEase,Molecule J,28,32,60
2024-05-01,HCP0005,Pulmonology,Mansoura,Delta,P0001,CardioSafe,Molecule A,18,65,83
2024-05-01,HCP0005,Pulmonology,Mansoura,Delta,P0002,GlucoMax,Molecule B,30,82,112
2024-05-01,HCP0005,Pulmonology,Mansoura,Delta,P0003,Respira,Molecule C,28,14,42
2024-05-01,HCP0005,Pulmonology,Mansoura,Delta,P0004,PainFree,Molecule D,37,55,92
2024-05-01,HCP0005,Pulmonology,Mansoura,Delta,P0005,Infecto,Molecule E,7,35,42
2024-05-01,HCP0005,Pulmonology,Mansoura,Delta,P0006,NeuroCalm,Molecule F,36,69,105
2024-05-01,HCP0005,Pulmonology,Mansoura,Delta,P0007,ArthroRelief,Molecule G,24,28,52
2024-05-01,HCP0005,Pulmonology,Mansoura,Delta,P0008,Dermacare,Molecule H,36,83,119
2024-05-01,HCP0005,Pulmonology,Mansoura,Delta,P0009,LipiControl,Molecule I,39,5,44
2024-05-01,HCP0005,Pulmonology,Mansoura,Delta,P0010,GastroEase,Molecule J,9,57,66
2024-05-01,HCP0006,Neurology,Assiut,Upper Egypt,P0001,CardioSafe,Molecule A,33,66,99
2024-05-01,HCP0006,Neurology,Assiut,Upper Egypt,P0002,GlucoMax,Molecule B,25,18,43
2024-05-01,HCP0006,Neurology,Assiut,Upper Egypt,P0003,Respira,Molecule C,13,66,79
2024-05-01,HCP0006,Neurology,Assiut,Upper Egypt,P0004,PainFree,Molecule D,15,27,42
2024-05-01,HCP0006,Neurology,Assiut,Upper Egypt,P0005,Infecto,Molecule E,25,66,91
2024-05-01,HCP0006,Neurology,Assiut,Upper Egypt,P0006,NeuroCalm,Molecule F,17,77,94
2024-05-01,HCP0006,Neurology,Assiut,Upper Egypt,P0007,ArthroRelief,Molecule G,16,27,43
2024-05-01,HCP0006,Neurology,Assiut,Upper Egypt,P0008,Dermacare,Molecule H,36,48,84
2024-05-01,HCP0006,Neurology,Assiut,Upper Egypt,P0009,LipiControl,Molecule I,21,27,48
2024-05-01,HCP0006,Neurology,Assiut,Upper Egypt,P0010,GastroEase,Molecule J,38,24,62
2024-05-01,HCP0007,Dermatology,Cairo,Cairo East,P0001,CardioSafe,Molecule A,16,42,58
2024-05-01,HCP0007,Dermatology,Cairo,Cairo East,P0002,GlucoMax,Molecule B,17,45,62
2024-05-01,HCP0007,Dermatology,Cairo,Cairo East,P0003,Respira,Molecule C,22,54,76
2024-05-01,HCP0007,Dermatology,Cairo,Cairo East,P0004,PainFree,Molecule D,33,76,109
2024-05-01,HCP0007,Dermatology,Cairo,Cairo East,P0005,Infecto,Molecule E,33,8,41
2024-05-01,HCP0007,Dermatology,Cairo,Cairo East,P0006,NeuroCalm,Molecule F,17,67,84
2024-05-01,HCP0007,Dermatology,Cairo,Cairo East,P0007,ArthroRelief,Molecule G,21,36,57
2024-05-01,HCP0007,Dermatology,Cairo,Cairo East,P0008,Dermacare,Molecule H,21,43,64
2024-05-01,HCP0007,Dermatology,Cairo,Cairo East,P0009,LipiControl,Molecule I,34,97,131
2024-05-01,HCP0007,Dermatology,Cairo,Cairo East,P0010,GastroEase,Molecule J,7,91,98
2024-05-01,HCP0008,GP,Giza,Giza,P0001,CardioSafe,Molecule A,12,32,44
2024-05-01,HCP0008,GP,Giza,Giza,P0002,GlucoMax,Molecule B,18,65,83
2024-05-01,HCP0008,GP,Giza,Giza,P0003,Respira,Molecule C,5,84,89
2024-05-01,HCP0008,GP,Giza,Giza,P0004,PainFree,Molecule D,30,50,80
2024-05-01,HCP0008,GP,Giza,Giza,P0005,Infecto,Molecule E,22,84,106
2024-05-01,HCP0008,GP,Giza,Giza,P0006,NeuroCalm,Molecule F,22,82,104
2024-05-01,HCP0008,GP,Giza,Giza,P0007,ArthroRelief,Molecule G,21,87,108
2024-05-01,HCP0008,GP,Giza,Giza,P0008,Dermacare,Molecule H,2,51,53
2024-05-01,HCP0008,GP,Giza,Giza,P0009,LipiControl,Molecule I,34,25,59
2024-05-01,HCP0008,GP,Giza,Giza,P0010,GastroEase,Molecule J,30,27,57
2024-05-01,HCP0009,Cardiology,Alexandria,Alexandria,P0001,CardioSafe,Molecule A,31,54,85
2024-05-01,HCP0009,Cardiology,Alexandria,Alexandria,P0002,GlucoMax,Molecule B,27,33,60
2024-05-01,HCP0009,Cardiology,Alexandria,Alexandria,P0003,Respira,Molecule C,7,14,21
2024-05-01,HCP0009,Cardiology,Alexandria,Alexandria,P0004,PainFree,Molecule D,16,72,88
2024-05-01,HCP0009,Cardiology,Alexandria,Alexandria,P0005,Infecto,Molecule E,10,62,72
2024-05-01,HCP0009,Cardiology,Alexandria,Alexandria,P0006,NeuroCalm,Molecule F,11,40,51
2024-05-01,HCP0009,Cardiology,Alexandria,Alexandria,P0007,ArthroRelief,Molecule G,12,83,95
2024-05-01,HCP0009,Cardiology,Alexandria,Alexandria,P0008,Dermacare,Molecule H,9,70,79
2024-05-01,HCP0009,Cardiology,Alexandria,Alexandria,P0009,LipiControl,Molecule I,9,82,91
2024-05-01,HCP0009,Cardiology,Alexandria,Alexandria,P0010,GastroEase,Molecule J,24,96,120
2024-05-01,HCP0010,Orthopedics,Cairo,Cairo West,P0001,CardioSafe,Molecule A,10,67,77
2024-05-01,HCP0010,Orthopedics,Cairo,Cairo West,P0002,GlucoMax,Molecule B,15,47,62
2024-05-01,HCP0010,Orthopedics,Cairo,Cairo West,P0003,Respira,Molecule C,8,82,90
2024-05-01,HCP0010,Orthopedics,Cairo,Cairo West,P0004,PainFree,Molecule D,23,26,49
2024-05-01,HCP0010,Orthopedics,Cairo,Cairo West,P0005,Infecto,Molecule E,36,99,135
2024-05-01,HCP0010,Orthopedics,Cairo,Cairo West,P0006,NeuroCalm,Molecule F,36,37,73
2024-05-01,HCP0010,Orthopedics,Cairo,Cairo West,P0007,ArthroRelief,Molecule G,30,23,53
2024-05-01,HCP0010,Orthopedics,Cairo,Cairo West,P0008,Dermacare,Molecule H,11,77,88
2024-05-01,HCP0010,Orthopedics,Cairo,Cairo West,P0009,LipiControl,Molecule I,13,54,67
2024-05-01,HCP0010,Orthopedics,Cairo,Cairo West,P0010,GastroEase,Molecule J,30,56,86
2024-06-01,HCP0001,Cardiology,Cairo,Cairo East,P0001,CardioSafe,Molecule A,26,41,67
2024-06-01,HCP0001,Cardiology,Cairo,Cairo East,P0002,GlucoMax,Molecule B,27,84,111
2024-06-01,HCP0001,Cardiology,Cairo,Cairo East,P0003,Respira,Molecule C,20,44,64
2024-06-01,HCP0001,Cardiology,Cairo,Cairo East,P0004,PainFree,Molecule D,34,50,84
2024-06-01,HCP0001,Cardiology,Cairo,Cairo East,P0005,Infecto,Molecule E,14,94,108
2024-06-01,HCP0001,Cardiology,Cairo,Cairo East,P0006,NeuroCalm,Molecule F,38,7,45
2024-06-01,HCP0001,Cardiology,Cairo,Cairo East,P0007,ArthroRelief,Molecule G,23,88,111
2024-06-01,HCP0001,Cardiology,Cairo,Cairo East,P0008,Dermacare,Molecule H,21,48,69
2024-06-01,HCP0001,Cardiology,Cairo,Cairo East,P0009,LipiControl,Molecule I,36,82,118
2024-06-01,HCP0001,Cardiology,Cairo,Cairo East,P0010,GastroEase,Molecule J,31,99,130
2024-06-01,HCP0002,Internal Medicine,Cairo,Cairo West,P0001,CardioSafe,Molecule A,32,29,61
2024-06-01,HCP0002,Internal Medicine,Cairo,Cairo West,P0002,GlucoMax,Molecule B,34,39,73
2024-06-01,HCP0002,Internal Medicine,Cairo,Cairo West,P0003,Respira,Molecule C,30,24,54
2024-06-01,HCP0002,Internal Medicine,Cairo,Cairo West,P0004,PainFree,Molecule D,23,94,117
2024-06-01,HCP0002,Internal Medicine,Cairo,Cairo West,P0005,Infecto,Molecule E,9,29,38
2024-06-01,HCP0002,Internal Medicine,Cairo,Cairo West,P0006,NeuroCalm,Molecule F,26,65,91
2024-06-01,HCP0002,Internal Medicine,Cairo,Cairo West,P0007,ArthroRelief,Molecule G,4,19,23
2024-06-01,HCP0002,Internal Medicine,Cairo,Cairo West,P0008,Dermacare,Molecule H,33,63,96
2024-06-01,HCP0002,Internal Medicine,Cairo,Cairo West,P0009,LipiControl,Molecule I,36,85,121
2024-06-01,HCP0002,Internal Medicine,Cairo,Cairo West,P0010,GastroEase,Molecule J,26,82,108
2024-06-01,HCP0003,Endocrinology,Giza,Giza,P0001,CardioSafe,Molecule A,29,49,78
2024-06-01,HCP0003,Endocrinology,Giza,Giza,P0002,GlucoMax,Molecule B,6,19,25
2024-06-01,HCP0003,Endocrinology,Giza,Giza,P0003,Respira,Molecule C,35,16,51
2024-06-01,HCP0003,Endocrinology,Giza,Giza,P0004,PainFree,Molecule D,12,94,106
2024-06-01,HCP0003,Endocrinology,Giza,Giza,P0005,Infecto,Molecule E,10,49,59
2024-06-01,HCP0003,Endocrinology,Giza,Giza,P0006,NeuroCalm,Molecule F,4,78,82
2024-06-01,HCP0003,Endocrinology,Giza,Giza,P0007,ArthroRelief,Molecule G,26,51,77
2024-06-01,HCP0003,Endocrinology,Giza,Giza,P0008,Dermacare,Molecule H,28,12,40
2024-06-01,HCP0003,Endocrinology,Giza,Giza,P0009,LipiControl,Molecule I,13,9,22
2024-06-01,HCP0003,Endocrinology,Giza,Giza,P0010,GastroEase,Molecule J,12,73,85
2024-06-01,HCP0004,Pediatrics,Alexandria,Alexandria,P0001,CardioSafe,Molecule A,24,87,111
2024-06-01,HCP0004,Pediatrics,Alexandria,Alexandria,P0002,GlucoMax,Molecule B,22,15,37
2024-06-01,HCP0004,Pediatrics,Alexandria,Alexandria,P0003,Respira,Molecule C,38,12,50
2024-06-01,HCP0004,Pediatrics,Alexandria,Alexandria,P0004,PainFree,Molecule D,28,31,59
2024-06-01,HCP0004,Pediatrics,Alexandria,Alexandria,P0005,Infecto,Molecule E,29,58,87
2024-06-01,HCP0004,Pediatrics,Alexandria,Alexandria,P0006,NeuroCalm,Molecule F,25,90,115
2024-06-01,HCP0004,Pediatrics,Alexandria,Alexandria,P0007,ArthroRelief,Molecule G,33,67,100
2024-06-01,HCP0004,Pediatrics,Alexandria,Alexandria,P0008,Dermacare,Molecule H,18,32,50
2024-06-01,HCP0004,Pediatrics,Alexandria,Alexandria,P0009,LipiControl,Molecule I,38,34,72
2024-06-01,HCP0004,Pediatrics,Alexandria,Alexandria,P0010,GastroEase,Molecule J,4,55,59
2024-06-01,HCP0005,Pulmonology,Mansoura,Delta,P0001,CardioSafe,Molecule A,4,78,82
2024-06-01,HCP0005,Pulmonology,Mansoura,Delta,P0002,GlucoMax,Molecule B,8,61,69
2024-06-01,HCP0005,Pulmonology,Mansoura,Delta,P0003,Respira,Molecule C,17,38,55
2024-06-01,HCP0005,Pulmonology,Mansoura,Delta,P0004,PainFree,Molecule D,36,70,106
2024-06-01,HCP0005,Pulmonology,Mansoura,Delta,P0005,Infecto,Molecule E,6,22,28
2024-06-01,HCP0005,Pulmonology,Mansoura,Delta,P0006,NeuroCalm,Molecule F,34,78,112
2024-06-01,HCP0005,Pulmonology,Mansoura,Delta,P0007,ArthroRelief,Molecule G,3,82,85
2024-06-01,HCP0005,Pulmonology,Mansoura,Delta,P0008,Dermacare,Molecule H,21,78,99
2024-06-01,HCP0005,Pulmonology,Mansoura,Delta,P0009,LipiControl,Molecule I,25,34,59
2024-06-01,HCP0005,Pulmonology,Mansoura,Delta,P0010,GastroEase,Molecule J,33,24,57
2024-06-01,HCP0006,Neurology,Assiut,Upper Egypt,P0001,CardioSafe,Molecule A,20,67,87
2024-06-01,HCP0006,Neurology,Assiut,Upper Egypt,P0002,GlucoMax,Molecule B,33,74,107
2024-06-01,HCP0006,Neurology,Assiut,Upper Egypt,P0003,Respira,Molecule C,39,56,95
2024-06-01,HCP0006,Neurology,Assiut,Upper Egypt,P0004,PainFree,Molecule D,21,69,90
2024-06-01,HCP0006,Neurology,Assiut,Upper Egypt,P0005,Infecto,Molecule E,23,16,39
2024-06-01,HCP0006,Neurology,Assiut,Upper Egypt,P0006,NeuroCalm,Molecule F,18,47,65
2024-06-01,HCP0006,Neurology,Assiut,Upper Egypt,P0007,ArthroRelief,Molecule G,36,83,119
2024-06-01,HCP0006,Neurology,Assiut,Upper Egypt,P0008,Dermacare,Molecule H,29,95,124
2024-06-01,HCP0006,Neurology,Assiut,Upper Egypt,P0009,LipiControl,Molecule I,27,69,96
2024-06-01,HCP0006,Neurology,Assiut,Upper Egypt,P0010,GastroEase,Molecule J,7,14,21
2024-06-01,HCP0007,Dermatology,Cairo,Cairo East,P0001,CardioSafe,Molecule A,20,75,95
2024-06-01,HCP0007,Dermatology,Cairo,Cairo East,P0002,GlucoMax,Molecule B,13,11,24
2024-06-01,HCP0007,Dermatology,Cairo,Cairo East,P0003,Respira,Molecule C,18,47,65
2024-06-01,HCP0007,Dermatology,Cairo,Cairo East,P0004,PainFree,Molecule D,23,12,35
2024-06-01,HCP0007,Dermatology,Cairo,Cairo East,P0005,Infecto,Molecule E,7,62,69
2024-06-01,HCP0007,Dermatology,Cairo,Cairo East,P0006,NeuroCalm,Molecule F,33,18,51
2024-06-01,HCP0007,Dermatology,Cairo,Cairo East,P0007,ArthroRelief,Molecule G,30,90,120
2024-06-01,HCP0007,Dermatology,Cairo,Cairo East,P0008,Dermacare,Molecule H,22,17,39
2024-06-01,HCP0007,Dermatology,Cairo,Cairo East,P0009,LipiControl,Molecule I,20,77,97
2024-06-01,HCP0007,Dermatology,Cairo,Cairo East,P0010,GastroEase,Molecule J,15,28,43
2024-06-01,HCP0008,GP,Giza,Giza,P0001,CardioSafe,Molecule A,26,80,106
2024-06-01,HCP0008,GP,Giza,Giza,P0002,GlucoMax,Molecule B,21,94,115
2024-06-01,HCP0008,GP,Giza,Giza,P0003,Respira,Molecule C,35,49,84
2024-06-01,HCP0008,GP,Giza,Giza,P0004,PainFree,Molecule D,34,68,102
2024-06-01,HCP0008,GP,Giza,Giza,P0005,Infecto,Molecule E,6,49,55
2024-06-01,HCP0008,GP,Giza,Giza,P0006,NeuroCalm,Molecule F,23,92,115
2024-06-01,HCP0008,GP,Giza,Giza,P0007,ArthroRelief,Molecule G,39,27,66
2024-06-01,HCP0008,GP,Giza,Giza,P0008,Dermacare,Molecule H,35,10,45
2024-06-01,HCP0008,GP,Giza,Giza,P0009,LipiControl,Molecule I,28,17,45
2024-06-01,HCP0008,GP,Giza,Giza,P0010,GastroEase,Molecule J,4,17,21
2024-06-01,HCP0009,Cardiology,Alexandria,Alexandria,P0001,CardioSafe,Molecule A,14,51,65
2024-06-01,HCP0009,Cardiology,Alexandria,Alexandria,P0002,GlucoMax,Molecule B,39,39,78
2024-06-01,HCP0009,Cardiology,Alexandria,Alexandria,P0003,Respira,Molecule C,38,36,74
2024-06-01,HCP0009,Cardiology,Alexandria,Alexandria,P0004,PainFree,Molecule D,33,51,84
2024-06-01,HCP0009,Cardiology,Alexandria,Alexandria,P0005,Infecto,Molecule E,11,84,95
2024-06-01,HCP0009,Cardiology,Alexandria,Alexandria,P0006,NeuroCalm,Molecule F,2,84,86
2024-06-01,HCP0009,Cardiology,Alexandria,Alexandria,P0007,ArthroRelief,Molecule G,17,32,49
2024-06-01,HCP0009,Cardiology,Alexandria,Alexandria,P0008,Dermacare,Molecule H,6,95,101
2024-06-01,HCP0009,Cardiology,Alexandria,Alexandria,P0009,LipiControl,Molecule I,17,46,63
2024-06-01,HCP0009,Cardiology,Alexandria,Alexandria,P0010,GastroEase,Molecule J,11,18,29
2024-06-01,HCP0010,Orthopedics,Cairo,Cairo West,P0001,CardioSafe,Molecule A,15,14,29
2024-06-01,HCP0010,Orthopedics,Cairo,Cairo West,P0002,GlucoMax,Molecule B,8,98,106
2024-06-01,HCP0010,Orthopedics,Cairo,Cairo West,P0003,Respira,Molecule C,39,44,83
2024-06-01,HCP0010,Orthopedics,Cairo,Cairo West,P0004,PainFree,Molecule D,30,54,84
2024-06-01,HCP0010,Orthopedics,Cairo,Cairo West,P0005,Infecto,Molecule E,23,89,112
2024-06-01,HCP0010,Orthopedics,Cairo,Cairo West,P0006,NeuroCalm,Molecule F,35,36,71
2024-06-01,HCP0010,Orthopedics,Cairo,Cairo West,P0007,ArthroRelief,Molecule G,3,71,74
2024-06-01,HCP0010,Orthopedics,Cairo,Cairo West,P0008,Dermacare,Molecule H,5,20,25
2024-06-01,HCP0010,Orthopedics,Cairo,Cairo West,P0009,LipiControl,Molecule I,24,67,91
2024-06-01,HCP0010,Orthopedics,Cairo,Cairo West,P0010,GastroEase,Molecule J,24,57,81
2024-07-01,HCP0001,Cardiology,Cairo,Cairo East,P0001,CardioSafe,Molecule A,26,21,47
2024-07-01,HCP0001,Cardiology,Cairo,Cairo East,P0002,GlucoMax,Molecule B,8,12,20
2024-07-01,HCP0001,Cardiology,Cairo,Cairo East,P0003,Respira,Molecule C,25,83,108
2024-07-01,HCP0001,Cardiology,Cairo,Cairo East,P0004,PainFree,Molecule D,19,31,50
2024-07-01,HCP0001,Cardiology,Cairo,Cairo East,P0005,Infecto,Molecule E,24,96,120
2024-07-01,HCP0001,Cardiology,Cairo,Cairo East,P0006,NeuroCalm,Molecule F,33,83,116
2024-07-01,HCP0001,Cardiology,Cairo,Cairo East,P0007,ArthroRelief,Molecule G,36,61,97
2024-07-01,HCP0001,Cardiology,Cairo,Cairo East,P0008,Dermacare,Molecule H,4,7,11
2024-07-01,HCP0001,Cardiology,Cairo,Cairo East,P0009,LipiControl,Molecule I,4,91,95
2024-07-01,HCP0001,Cardiology,Cairo,Cairo East,P0010,GastroEase,Molecule J,22,66,88
2024-07-01,HCP0002,Internal Medicine,Cairo,Cairo West,P0001,CardioSafe,Molecule A,6,49,55
2024-07-01,HCP0002,Internal Medicine,Cairo,Cairo West,P0002,GlucoMax,Molecule B,8,18,26
2024-07-01,HCP0002,Internal Medicine,Cairo,Cairo West,P0003,Respira,Molecule C,35,78,113
2024-07-01,HCP0002,Internal Medicine,Cairo,Cairo West,P0004,PainFree,Molecule D,22,9,31
2024-07-01,HCP0002,Internal Medicine,Cairo,Cairo West,P0005,Infecto,Molecule E,7,78,85
2024-07-01,HCP0002,Internal Medicine,Cairo,Cairo West,P0006,NeuroCalm,Molecule F,33,52,85
2024-07-01,HCP0002,Internal Medicine,Cairo,Cairo West,P0007,ArthroRelief,Molecule G,38,35,73
2024-07-01,HCP0002,Internal Medicine,Cairo,Cairo West,P0008,Dermacare,Molecule H,22,68,90
2024-07-01,HCP0002,Internal Medicine,Cairo,Cairo West,P0009,LipiControl,Molecule I,36,79,115
2024-07-01,HCP0002,Internal Medicine,Cairo,Cairo West,P0010,GastroEase,Molecule J,19,13,32
2024-07-01,HCP0003,Endocrinology,Giza,Giza,P0001,CardioSafe,Molecule A,25,66,91
2024-07-01,HCP0003,Endocrinology,Giza,Giza,P0002,GlucoMax,Molecule B,5,41,46
2024-07-01,HCP0003,Endocrinology,Giza,Giza,P0003,Respira,Molecule C,26,99,125
2024-07-01,HCP0003,Endocrinology,Giza,Giza,P0004,PainFree,Molecule D,11,68,79
2024-07-01,HCP0003,Endocrinology,Giza,Giza,P0005,Infecto,Molecule E,15,26,41
2024-07-01,HCP0003,Endocrinology,Giza,Giza,P0006,NeuroCalm,Molecule F,19,16,35
2024-07-01,HCP0003,Endocrinology,Giza,Giza,P0007,ArthroRelief,Molecule G,33,20,53
2024-07-01,HCP0003,Endocrinology,Giza,Giza,P0008,Dermacare,Molecule H,15,40,55
2024-07-01,HCP0003,Endocrinology,Giza,Giza,P0009,LipiControl,Molecule I,29,50,79
2024-07-01,HCP0003,Endocrinology,Giza,Giza,P0010,GastroEase,Molecule J,5,22,27
2024-07-01,HCP0004,Pediatrics,Alexandria,Alexandria,P0001,CardioSafe,Molecule A,29,38,67
2024-07-01,HCP0004,Pediatrics,Alexandria,Alexandria,P0002,GlucoMax,Molecule B,29,26,55
2024-07-01,HCP0004,Pediatrics,Alexandria,Alexandria,P0003,Respira,Molecule C,32,15,47
2024-07-01,HCP0004,Pediatrics,Alexandria,Alexandria,P0004,PainFree,Molecule D,16,72,88
2024-07-01,HCP0004,Pediatrics,Alexandria,Alexandria,P0005,Infecto,Molecule E,29,11,40
2024-07-01,HCP0004,Pediatrics,Alexandria,Alexandria,P0006,NeuroCalm,Molecule F,4,37,41
2024-07-01,HCP0004,Pediatrics,Alexandria,Alexandria,P0007,ArthroRelief,Molecule G,38,59,97
2024-07-01,HCP0004,Pediatrics,Alexandria,Alexandria,P0008,Dermacare,Molecule H,3,59,62
2024-07-01,HCP0004,Pediatrics,Alexandria,Alexandria,P0009,LipiControl,Molecule I,37,46,83
2024-07-01,HCP0004,Pediatrics,Alexandria,Alexandria,P0010,GastroEase,Molecule J,27,48,75
2024-07-01,HCP0005,Pulmonology,Mansoura,Delta,P0001,CardioSafe,Molecule A,28,19,47
2024-07-01,HCP0005,Pulmonology,Mansoura,Delta,P0002,GlucoMax,Molecule B,22,79,101
2024-07-01,HCP0005,Pulmonology,Mansoura,Delta,P0003,Respira,Molecule C,35,30,65
2024-07-01,HCP0005,Pulmonology,Mansoura,Delta,P0004,PainFree,Molecule D,30,62,92
2024-07-01,HCP0005,Pulmonology,Mansoura,Delta,P0005,Infecto,Molecule E,13,16,29
2024-07-01,HCP0005,Pulmonology,Mansoura,Delta,P0006,NeuroCalm,Molecule F,18,6,24
2024-07-01,HCP0005,Pulmonology,Mansoura,Delta,P0007,ArthroRelief,Molecule G,20,99,119
2024-07-01,HCP0005,Pulmonology,Mansoura,Delta,P0008,Dermacare,Molecule H,17,82,99
2024-07-01,HCP0005,Pulmonology,Mansoura,Delta,P0009,LipiControl,Molecule I,25,78,103
2024-07-01,HCP0005,Pulmonology,Mansoura,Delta,P0010,GastroEase,Molecule J,2,69,71
2024-07-01,HCP0006,Neurology,Assiut,Upper Egypt,P0001,CardioSafe,Molecule A,22,75,97
2024-07-01,HCP0006,Neurology,Assiut,Upper Egypt,P0002,GlucoMax,Molecule B,20,19,39
2024-07-01,HCP0006,Neurology,Assiut,Upper Egypt,P0003,Respira,Molecule C,28,72,100
2024-07-01,HCP0006,Neurology,Assiut,Upper Egypt,P0004,PainFree,Molecule D,29,43,72
2024-07-01,HCP0006,Neurology,Assiut,Upper Egypt,P0005,Infecto,Molecule E,16,42,58
2024-07-01,HCP0006,Neurology,Assiut,Upper Egypt,P0006,NeuroCalm,Molecule F,11,83,94
2024-07-01,HCP0006,Neurology,Assiut,Upper Egypt,P0007,ArthroRelief,Molecule G,19,45,64
2024-07-01,HCP0006,Neurology,Assiut,Upper Egypt,P0008,Dermacare,Molecule H,6,91,97
2024-07-01,HCP0006,Neurology,Assiut,Upper Egypt,P0009,LipiControl,Molecule I,15,47,62
2024-07-01,HCP0006,Neurology,Assiut,Upper Egypt,P0010,GastroEase,Molecule J,32,54,86
2024-07-01,HCP0007,Dermatology,Cairo,Cairo East,P0001,CardioSafe,Molecule A,34,95,129
2024-07-01,HCP0007,Dermatology,Cairo,Cairo East,P0002,GlucoMax,Molecule B,20,7,27
2024-07-01,HCP0007,Dermatology,Cairo,Cairo East,P0003,Respira,Molecule C,8,16,24
2024-07-01,HCP0007,Dermatology,Cairo,Cairo East,P0004,PainFree,Molecule D,13,35,48
2024-07-01,HCP0007,Dermatology,Cairo,Cairo East,P0005,Infecto,Molecule E,21,38,59
2024-07-01,HCP0007,Dermatology,Cairo,Cairo East,P0006,NeuroCalm,Molecule F,12,23,35
2024-07-01,HCP0007,Dermatology,Cairo,Cairo East,P0007,ArthroRelief,Molecule G,10,22,32
2024-07-01,HCP0007,Dermatology,Cairo,Cairo East,P0008,Dermacare,Molecule H,30,28,58
2024-07-01,HCP0007,Dermatology,Cairo,Cairo East,P0009,LipiControl,Molecule I,19,63,82
2024-07-01,HCP0007,Dermatology,Cairo,Cairo East,P0010,GastroEase,Molecule J,24,70,94
2024-07-01,HCP0008,GP,Giza,Giza,P0001,CardioSafe,Molecule A,17,72,89
2024-07-01,HCP0008,GP,Giza,Giza,P0002,GlucoMax,Molecule B,39,82,121
2024-07-01,HCP0008,GP,Giza,Giza,P0003,Respira,Molecule C,3,68,71
2024-07-01,HCP0008,GP,Giza,Giza,P0004,PainFree,Molecule D,31,44,75
2024-07-01,HCP0008,GP,Giza,Giza,P0005,Infecto,Molecule E,24,21,45
2024-07-01,HCP0008,GP,Giza,Giza,P0006,NeuroCalm,Molecule F,30,88,118
2024-07-01,HCP0008,GP,Giza,Giza,P0007,ArthroRelief,Molecule G,3,93,96
2024-07-01,HCP0008,GP,Giza,Giza,P0008,Dermacare,Molecule H,6,39,45
2024-07-01,HCP0008,GP,Giza,Giza,P0009,LipiControl,Molecule I,38,76,114
2024-07-01,HCP0008,GP,Giza,Giza,P0010,GastroEase,Molecule J,19,36,55
2024-07-01,HCP0009,Cardiology,Alexandria,Alexandria,P0001,CardioSafe,Molecule A,26,83,109
2024-07-01,HCP0009,Cardiology,Alexandria,Alexandria,P0002,GlucoMax,Molecule B,20,57,77
2024-07-01,HCP0009,Cardiology,Alexandria,Alexandria,P0003,Respira,Molecule C,31,62,93
2024-07-01,HCP0009,Cardiology,Alexandria,Alexandria,P0004,PainFree,Molecule D,32,96,128
2024-07-01,HCP0009,Cardiology,Alexandria,Alexandria,P0005,Infecto,Molecule E,28,62,90
2024-07-01,HCP0009,Cardiology,Alexandria,Alexandria,P0006,NeuroCalm,Molecule F,28,14,42
2024-07-01,HCP0009,Cardiology,Alexandria,Alexandria,P0007,ArthroRelief,Molecule G,37,75,112
2024-07-01,HCP0009,Cardiology,Alexandria,Alexandria,P0008,Dermacare,Molecule H,7,36,43
2024-07-01,HCP0009,Cardiology,Alexandria,Alexandria,P0009,LipiControl,Molecule I,12,10,22
2024-07-01,HCP0009,Cardiology,Alexandria,Alexandria,P0010,GastroEase,Molecule J,15,87,102
2024-07-01,HCP0010,Orthopedics,Cairo,Cairo West,P0001,CardioSafe,Molecule A,17,10,27
2024-07-01,HCP0010,Orthopedics,Cairo,Cairo West,P0002,GlucoMax,Molecule B,34,60,94
2024-07-01,HCP0010,Orthopedics,Cairo,Cairo West,P0003,Respira,Molecule C,31,88,119
2024-07-01,HCP0010,Orthopedics,Cairo,Cairo West,P0004,PainFree,Molecule D,8,54,62
2024-07-01,HCP0010,Orthopedics,Cairo,Cairo West,P0005,Infecto,Molecule E,21,20,41
2024-07-01,HCP0010,Orthopedics,Cairo,Cairo West,P0006,NeuroCalm,Molecule F,17,51,68
2024-07-01,HCP0010,Orthopedics,Cairo,Cairo West,P0007,ArthroRelief,Molecule G,25,8,33
2024-07-01,HCP0010,Orthopedics,Cairo,Cairo West,P0008,Dermacare,Molecule H,6,84,90
2024-07-01,HCP0010,Orthopedics,Cairo,Cairo West,P0009,LipiControl,Molecule I,38,76,114
2024-07-01,HCP0010,Orthopedics,Cairo,Cairo West,P0010,GastroEase,Molecule J,17,6,23
2024-08-01,HCP0001,Cardiology,Cairo,Cairo East,P0001,CardioSafe,Molecule A,20,75,95
2024-08-01,HCP0001,Cardiology,Cairo,Cairo East,P0002,GlucoMax,Molecule B,2,66,68
2024-08-01,HCP0001,Cardiology,Cairo,Cairo East,P0003,Respira,Molecule C,31,29,60
2024-08-01,HCP0001,Cardiology,Cairo,Cairo East,P0004,PainFree,Molecule D,7,90,97
2024-08-01,HCP0001,Cardiology,Cairo,Cairo East,P0005,Infecto,Molecule E,12,36,48
2024-08-01,HCP0001,Cardiology,Cairo,Cairo East,P0006,NeuroCalm,Molecule F,30,20,50
2024-08-01,HCP0001,Cardiology,Cairo,Cairo East,P0007,ArthroRelief,Molecule G,8,21,29
2024-08-01,HCP0001,Cardiology,Cairo,Cairo East,P0008,Dermacare,Molecule H,2,45,47
2024-08-01,HCP0001,Cardiology,Cairo,Cairo East,P0009,LipiControl,Molecule I,10,48,58
2024-08-01,HCP0001,Cardiology,Cairo,Cairo East,P0010,GastroEase,Molecule J,14,46,60
2024-08-01,HCP0002,Internal Medicine,Cairo,Cairo West,P0001,CardioSafe,Molecule A,9,14,23
2024-08-01,HCP0002,Internal Medicine,Cairo,Cairo West,P0002,GlucoMax,Molecule B,29,19,48
2024-08-01,HCP0002,Internal Medicine,Cairo,Cairo West,P0003,Respira,Molecule C,32,21,53
2024-08-01,HCP0002,Internal Medicine,Cairo,Cairo West,P0004,PainFree,Molecule D,12,27,39
2024-08-01,HCP0002,Internal Medicine,Cairo,Cairo West,P0005,Infecto,Molecule E,21,77,98
2024-08-01,HCP0002,Internal Medicine,Cairo,Cairo West,P0006,NeuroCalm,Molecule F,20,91,111
2024-08-01,HCP0002,Internal Medicine,Cairo,Cairo West,P0007,ArthroRelief,Molecule G,4,23,27
2024-08-01,HCP0002,Internal Medicine,Cairo,Cairo West,P0008,Dermacare,Molecule H,27,23,50
2024-08-01,HCP0002,Internal Medicine,Cairo,Cairo West,P0009,LipiControl,Molecule I,7,27,34
2024-08-01,HCP0002,Internal Medicine,Cairo,Cairo West,P0010,GastroEase,Molecule J,13,83,96
2024-08-01,HCP0003,Endocrinology,Giza,Giza,P0001,CardioSafe,Molecule A,9,53,62
2024-08-01,HCP0003,Endocrinology,Giza,Giza,P0002,GlucoMax,Molecule B,2,28,30
2024-08-01,HCP0003,Endocrinology,Giza,Giza,P0003,Respira,Molecule C,4,73,77
2024-08-01,HCP0003,Endocrinology,Giza,Giza,P0004,PainFree,Molecule D,22,31,53
2024-08-01,HCP0003,Endocrinology,Giza,Giza,P0005,Infecto,Molecule E,14,6,20
2024-08-01,HCP0003,Endocrinology,Giza,Giza,P0006,NeuroCalm,Molecule F,9,50,59
2024-08-01,HCP0003,Endocrinology,Giza,Giza,P0007,ArthroRelief,Molecule G,5,85,90
2024-08-01,HCP0003,Endocrinology,Giza,Giza,P0008,Dermacare,Molecule H,36,26,62
2024-08-01,HCP0003,Endocrinology,Giza,Giza,P0009,LipiControl,Molecule I,32,41,73
2024-08-01,HCP0003,Endocrinology,Giza,Giza,P0010,GastroEase,Molecule J,38,48,86
2024-08-01,HCP0004,Pediatrics,Alexandria,Alexandria,P0001,CardioSafe,Molecule A,34,50,84
2024-08-01,HCP0004,Pediatrics,Alexandria,Alexandria,P0002,GlucoMax,Molecule B,10,86,96
2024-08-01,HCP0004,Pediatrics,Alexandria,Alexandria,P0003,Respira,Molecule C,20,61,81
2024-08-01,HCP0004,Pediatrics,Alexandria,Alexandria,P0004,PainFree,Molecule D,18,49,67
2024-08-01,HCP0004,Pediatrics,Alexandria,Alexandria,P0005,Infecto,Molecule E,5,38,43
2024-08-01,HCP0004,Pediatrics,Alexandria,Alexandria,P0006,NeuroCalm,Molecule F,31,21,52
2024-08-01,HCP0004,Pediatrics,Alexandria,Alexandria,P0007,ArthroRelief,Molecule G,5,40,45
2024-08-01,HCP0004,Pediatrics,Alexandria,Alexandria,P0008,Dermacare,Molecule H,20,26,46
2024-08-01,HCP0004,Pediatrics,Alexandria,Alexandria,P0009,LipiControl,Molecule I,20,40,60
2024-08-01,HCP0004,Pediatrics,Alexandria,Alexandria,P0010,GastroEase,Molecule J,27,89,116
2024-08-01,HCP0005,Pulmonology,Mansoura,Delta,P0001,CardioSafe,Molecule A,33,98,131
2024-08-01,HCP0005,Pulmonology,Mansoura,Delta,P0002,GlucoMax,Molecule B,32,75,107
2024-08-01,HCP0005,Pulmonology,Mansoura,Delta,P0003,Respira,Molecule C,16,21,37
2024-08-01,HCP0005,Pulmonology,Mansoura,Delta,P0004,PainFree,Molecule D,14,26,40
2024-08-01,HCP0005,Pulmonology,Mansoura,Delta,P0005,Infecto,Molecule E,37,7,44
2024-08-01,HCP0005,Pulmonology,Mansoura,Delta,P0006,NeuroCalm,Molecule F,25,94,119
2024-08-01,HCP0005,Pulmonology,Mansoura,Delta,P0007,ArthroRelief,Molecule G,17,55,72
2024-08-01,HCP0005,Pulmonology,Mansoura,Delta,P0008,Dermacare,Molecule H,12,43,55
2024-08-01,HCP0005,Pulmonology,Mansoura,Delta,P0009,LipiControl,Molecule I,11,89,100
2024-08-01,HCP0005,Pulmonology,Mansoura,Delta,P0010,GastroEase,Molecule J,23,50,73
2024-08-01,HCP0006,Neurology,Assiut,Upper Egypt,P0001,CardioSafe,Molecule A,29,89,118
2024-08-01,HCP0006,Neurology,Assiut,Upper Egypt,P0002,GlucoMax,Molecule B,6,22,28
2024-08-01,HCP0006,Neurology,Assiut,Upper Egypt,P0003,Respira,Molecule C,9,38,47
2024-08-01,HCP0006,Neurology,Assiut,Upper Egypt,P0004,PainFree,Molecule D,4,58,62
2024-08-01,HCP0006,Neurology,Assiut,Upper Egypt,P0005,Infecto,Molecule E,33,14,47
2024-08-01,HCP0006,Neurology,Assiut,Upper Egypt,P0006,NeuroCalm,Molecule F,20,37,57
2024-08-01,HCP0006,Neurology,Assiut,Upper Egypt,P0007,ArthroRelief,Molecule G,24,97,121
2024-08-01,HCP0006,Neurology,Assiut,Upper Egypt,P0008,Dermacare,Molecule H,28,70,98
2024-08-01,HCP0006,Neurology,Assiut,Upper Egypt,P0009,LipiControl,Molecule I,33,47,80
2024-08-01,HCP0006,Neurology,Assiut,Upper Egypt,P0010,GastroEase,Molecule J,12,93,105
2024-08-01,HCP0007,Dermatology,Cairo,Cairo East,P0001,CardioSafe,Molecule A,17,84,101
2024-08-01,HCP0007,Dermatology,Cairo,Cairo East,P0002,GlucoMax,Molecule B,5,69,74
2024-08-01,HCP0007,Dermatology,Cairo,Cairo East,P0003,Respira,Molecule C,8,46,54
2024-08-01,HCP0007,Dermatology,Cairo,Cairo East,P0004,PainFree,Molecule D,39,77,116
2024-08-01,HCP0007,Dermatology,Cairo,Cairo East,P0005,Infecto,Molecule E,20,37,57
2024-08-01,HCP0007,Dermatology,Cairo,Cairo East,P0006,NeuroCalm,Molecule F,10,75,85
2024-08-01,HCP0007,Dermatology,Cairo,Cairo East,P0007,ArthroRelief,Molecule G,14,46,60
2024-08-01,HCP0007,Dermatology,Cairo,Cairo East,P0008,Dermacare,Molecule H,18,78,96
2024-08-01,HCP0007,Dermatology,Cairo,Cairo East,P0009,LipiControl,Molecule I,22,5,27
2024-08-01,HCP0007,Dermatology,Cairo,Cairo East,P0010,GastroEase,Molecule J,18,5,23
2024-08-01,HCP0008,GP,Giza,Giza,P0001,CardioSafe,Molecule A,7,88,95
2024-08-01,HCP0008,GP,Giza,Giza,P0002,GlucoMax,Molecule B,33,35,68
2024-08-01,HCP0008,GP,Giza,Giza,P0003,Respira,Molecule C,28,37,65
2024-08-01,HCP0008,GP,Giza,Giza,P0004,PainFree,Molecule D,13,34,47
2024-08-01,HCP0008,GP,Giza,Giza,P0005,Infecto,Molecule E,31,55,86
2024-08-01,HCP0008,GP,Giza,Giza,P0006,NeuroCalm,Molecule F,6,16,22
2024-08-01,HCP0008,GP,Giza,Giza,P0007,ArthroRelief,Molecule G,24,35,59
2024-08-01,HCP0008,GP,Giza,Giza,P0008,Dermacare,Molecule H,14,82,96
2024-08-01,HCP0008,GP,Giza,Giza,P0009,LipiControl,Molecule I,17,8,25
2024-08-01,HCP0008,GP,Giza,Giza,P0010,GastroEase,Molecule J,24,6,30
2024-08-01,HCP0009,Cardiology,Alexandria,Alexandria,P0001,CardioSafe,Molecule A,36,65,101
2024-08-01,HCP0009,Cardiology,Alexandria,Alexandria,P0002,GlucoMax,Molecule B,22,38,60
2024-08-01,HCP0009,Cardiology,Alexandria,Alexandria,P0003,Respira,Molecule C,21,18,39
2024-08-01,HCP0009,Cardiology,Alexandria,Alexandria,P0004,PainFree,Molecule D,29,14,43
2024-08-01,HCP0009,Cardiology,Alexandria,Alexandria,P0005,Infecto,Molecule E,25,28,53
2024-08-01,HCP0009,Cardiology,Alexandria,Alexandria,P0006,NeuroCalm,Molecule F,36,16,52
2024-08-01,HCP0009,Cardiology,Alexandria,Alexandria,P0007,ArthroRelief,Molecule G,21,88,109
2024-08-01,HCP0009,Cardiology,Alexandria,Alexandria,P0008,Dermacare,Molecule H,37,67,104
2024-08-01,HCP0009,Cardiology,Alexandria,Alexandria,P0009,LipiControl,Molecule I,3,61,64
2024-08-01,HCP0009,Cardiology,Alexandria,Alexandria,P0010,GastroEase,Molecule J,27,73,100
2024-08-01,HCP0010,Orthopedics,Cairo,Cairo West,P0001,CardioSafe,Molecule A,9,62,71
2024-08-01,HCP0010,Orthopedics,Cairo,Cairo West,P0002,GlucoMax,Molecule B,15,36,51
2024-08-01,HCP0010,Orthopedics,Cairo,Cairo West,P0003,Respira,Molecule C,38,5,43
2024-08-01,HCP0010,Orthopedics,Cairo,Cairo West,P0004,PainFree,Molecule D,6,74,80
2024-08-01,HCP0010,Orthopedics,Cairo,Cairo West,P0005,Infecto,Molecule E,11,37,48
2024-08-01,HCP0010,Orthopedics,Cairo,Cairo West,P0006,NeuroCalm,Molecule F,36,7,43
2024-08-01,HCP0010,Orthopedics,Cairo,Cairo West,P0007,ArthroRelief,Molecule G,5,33,38
2024-08-01,HCP0010,Orthopedics,Cairo,Cairo West,P0008,Dermacare,Molecule H,39,17,56
2024-08-01,HCP0010,Orthopedics,Cairo,Cairo West,P0009,LipiControl,Molecule I,29,51,80
2024-08-01,HCP0010,Orthopedics,Cairo,Cairo West,P0010,GastroEase,Molecule J,20,71,91
2024-09-01,HCP0001,Cardiology,Cairo,Cairo East,P0001,CardioSafe,Molecule A,35,63,98
2024-09-01,HCP0001,Cardiology,Cairo,Cairo East,P0002,GlucoMax,Molecule B,6,10,16
2024-09-01,HCP0001,Cardiology,Cairo,Cairo East,P0003,Respira,Molecule C,2,6,8
2024-09-01,HCP0001,Cardiology,Cairo,Cairo East,P0004,PainFree,Molecule D,35,95,130
2024-09-01,HCP0001,Cardiology,Cairo,Cairo East,P0005,Infecto,Molecule E,7,99,106
2024-09-01,HCP0001,Cardiology,Cairo,Cairo East,P0006,NeuroCalm,Molecule F,19,76,95
2024-09-01,HCP0001,Cardiology,Cairo,Cairo East,P0007,ArthroRelief,Molecule G,3,42,45
2024-09-01,HCP0001,Cardiology,Cairo,Cairo East,P0008,Dermacare,Molecule H,16,5,21
2024-09-01,HCP0001,Cardiology,Cairo,Cairo East,P0009,LipiControl,Molecule I,10,63,73
2024-09-01,HCP0001,Cardiology,Cairo,Cairo East,P0010,GastroEase,Molecule J,20,20,40
2024-09-01,HCP0002,Internal Medicine,Cairo,Cairo West,P0001,CardioSafe,Molecule A,23,55,78
2024-09-01,HCP0002,Internal Medicine,Cairo,Cairo West,P0002,GlucoMax,Molecule B,16,45,61
2024-09-01,HCP0002,Internal Medicine,Cairo,Cairo West,P0003,Respira,Molecule C,34,50,84
2024-09-01,HCP0002,Internal Medicine,Cairo,Cairo West,P0004,PainFree,Molecule D,39,77,116
2024-09-01,HCP0002,Internal Medicine,Cairo,Cairo West,P0005,Infecto,Molecule E,39,16,55
2024-09-01,HCP0002,Internal Medicine,Cairo,Cairo West,P0006,NeuroCalm,Molecule F,9,94,103
2024-09-01,HCP0002,Internal Medicine,Cairo,Cairo West,P0007,ArthroRelief,Molecule G,31,55,86
2024-09-01,HCP0002,Internal Medicine,Cairo,Cairo West,P0008,Dermacare,Molecule H,16,88,104
2024-09-01,HCP0002,Internal Medicine,Cairo,Cairo West,P0009,LipiControl,Molecule I,27,24,51
2024-09-01,HCP0002,Internal Medicine,Cairo,Cairo West,P0010,GastroEase,Molecule J,15,34,49
2024-09-01,HCP0003,Endocrinology,Giza,Giza,P0001,CardioSafe,Molecule A,16,10,26
2024-09-01,HCP0003,Endocrinology,Giza,Giza,P0002,GlucoMax,Molecule B,33,79,112
2024-09-01,HCP0003,Endocrinology,Giza,Giza,P0003,Respira,Molecule C,32,10,42
2024-09-01,HCP0003,Endocrinology,Giza,Giza,P0004,PainFree,Molecule D,11,97,108
2024-09-01,HCP0003,Endocrinology,Giza,Giza,P0005,Infecto,Molecule E,6,22,28
2024-09-01,HCP0003,Endocrinology,Giza,Giza,P0006,NeuroCalm,Molecule F,13,96,109
2024-09-01,HCP0003,Endocrinology,Giza,Giza,P0007,ArthroRelief,Molecule G,26,82,108
2024-09-01,HCP0003,Endocrinology,Giza,Giza,P0008,Dermacare,Molecule H,8,40,48
2024-09-01,HCP0003,Endocrinology,Giza,Giza,P0009,LipiControl,Molecule I,31,12,43
2024-09-01,HCP0003,Endocrinology,Giza,Giza,P0010,GastroEase,Molecule J,34,76,110
2024-09-01,HCP0004,Pediatrics,Alexandria,Alexandria,P0001,CardioSafe,Molecule A,17,33,50
2024-09-01,HCP0004,Pediatrics,Alexandria,Alexandria,P0002,GlucoMax,Molecule B,27,27,54
2024-09-01,HCP0004,Pediatrics,Alexandria,Alexandria,P0003,Respira,Molecule C,2,75,77
2024-09-01,HCP0004,Pediatrics,Alexandria,Alexandria,P0004,PainFree,Molecule D,36,62,98
2024-09-01,HCP0004,Pediatrics,Alexandria,Alexandria,P0005,Infecto,Molecule E,38,75,113
2024-09-01,HCP0004,Pediatrics,Alexandria,Alexandria,P0006,NeuroCalm,Molecule F,13,20,33
2024-09-01,HCP0004,Pediatrics,Alexandria,Alexandria,P0007,ArthroRelief,Molecule G,28,73,101
2024-09-01,HCP0004,Pediatrics,Alexandria,Alexandria,P0008,Dermacare,Molecule H,36,58,94
2024-09-01,HCP0004,Pediatrics,Alexandria,Alexandria,P0009,LipiControl,Molecule I,2,43,45
2024-09-01,HCP0004,Pediatrics,Alexandria,Alexandria,P0010,GastroEase,Molecule J,12,94,106
2024-09-01,HCP0005,Pulmonology,Mansoura,Delta,P0001,CardioSafe,Molecule A,4,95,99
2024-09-01,HCP0005,Pulmonology,Mansoura,Delta,P0002,GlucoMax,Molecule B,12,87,99
2024-09-01,HCP0005,Pulmonology,Mansoura,Delta,P0003,Respira,Molecule C,17,5,22
2024-09-01,HCP0005,Pulmonology,Mansoura,Delta,P0004,PainFree,Molecule D,3,72,75
2024-09-01,HCP0005,Pulmonology,Mansoura,Delta,P0005,Infecto,Molecule E,20,18,38
2024-09-01,HCP0005,Pulmonology,Mansoura,Delta,P0006,NeuroCalm,Molecule F,31,39,70
2024-09-01,HCP0005,Pulmonology,Mansoura,Delta,P0007,ArthroRelief,Molecule G,9,37,46
2024-09-01,HCP0005,Pulmonology,Mansoura,Delta,P0008,Dermacare,Molecule H,28,24,52
2024-09-01,HCP0005,Pulmonology,Mansoura,Delta,P0009,LipiControl,Molecule I,5,13,18
2024-09-01,HCP0005,Pulmonology,Mansoura,Delta,P0010,GastroEase,Molecule J,19,77,96
2024-09-01,HCP0006,Neurology,Assiut,Upper Egypt,P0001,CardioSafe,Molecule A,23,83,106
2024-09-01,HCP0006,Neurology,Assiut,Upper Egypt,P0002,GlucoMax,Molecule B,19,85,104
2024-09-01,HCP0006,Neurology,Assiut,Upper Egypt,P0003,Respira,Molecule C,26,68,94
2024-09-01,HCP0006,Neurology,Assiut,Upper Egypt,P0004,PainFree,Molecule D,20,6,26
2024-09-01,HCP0006,Neurology,Assiut,Upper Egypt,P0005,Infecto,Molecule E,38,20,58
2024-09-01,HCP0006,Neurology,Assiut,Upper Egypt,P0006,NeuroCalm,Molecule F,4,23,27
2024-09-01,HCP0006,Neurology,Assiut,Upper Egypt,P0007,ArthroRelief,Molecule G,34,88,122
2024-09-01,HCP0006,Neurology,Assiut,Upper Egypt,P0008,Dermacare,Molecule H,28,62,90
2024-09-01,HCP0006,Neurology,Assiut,Upper Egypt,P0009,LipiControl,Molecule I,14,80,94
2024-09-01,HCP0006,Neurology,Assiut,Upper Egypt,P0010,GastroEase,Molecule J,17,22,39
2024-09-01,HCP0007,Dermatology,Cairo,Cairo East,P0001,CardioSafe,Molecule A,5,16,21
2024-09-01,HCP0007,Dermatology,Cairo,Cairo East,P0002,GlucoMax,Molecule B,6,82,88
2024-09-01,HCP0007,Dermatology,Cairo,Cairo East,P0003,Respira,Molecule C,10,70,80
2024-09-01,HCP0007,Dermatology,Cairo,Cairo East,P0004,PainFree,Molecule D,2,46,48
2024-09-01,HCP0007,Dermatology,Cairo,Cairo East,P0005,Infecto,Molecule E,26,68,94
2024-09-01,HCP0007,Dermatology,Cairo,Cairo East,P0006,NeuroCalm,Molecule F,6,64,70
2024-09-01,HCP0007,Dermatology,Cairo,Cairo East,P0007,ArthroRelief,Molecule G,4,53,57
2024-09-01,HCP0007,Dermatology,Cairo,Cairo East,P0008,Dermacare,Molecule H,22,63,85
2024-09-01,HCP0007,Dermatology,Cairo,Cairo East,P0009,LipiControl,Molecule I,4,31,35
2024-09-01,HCP0007,Dermatology,Cairo,Cairo East,P0010,GastroEase,Molecule J,13,94,107
2024-09-01,HCP0008,GP,Giza,Giza,P0001,CardioSafe,Molecule A,26,25,51
2024-09-01,HCP0008,GP,Giza,Giza,P0002,GlucoMax,Molecule B,6,51,57
2024-09-01,HCP0008,GP,Giza,Giza,P0003,Respira,Molecule C,30,95,125
2024-09-01,HCP0008,GP,Giza,Giza,P0004,PainFree,Molecule D,14,11,25
2024-09-01,HCP0008,GP,Giza,Giza,P0005,Infecto,Molecule E,25,16,41
2024-09-01,HCP0008,GP,Giza,Giza,P0006,NeuroCalm,Molecule F,17,63,80
2024-09-01,HCP0008,GP,Giza,Giza,P0007,ArthroRelief,Molecule G,19,5,24
2024-09-01,HCP0008,GP,Giza,Giza,P0008,Dermacare,Molecule H,25,61,86
2024-09-01,HCP0008,GP,Giza,Giza,P0009,LipiControl,Molecule I,19,15,34
2024-09-01,HCP0008,GP,Giza,Giza,P0010,GastroEase,Molecule J,12,79,91
2024-09-01,HCP0009,Cardiology,Alexandria,Alexandria,P0001,CardioSafe,Molecule A,25,45,70
2024-09-01,HCP0009,Cardiology,Alexandria,Alexandria,P0002,GlucoMax,Molecule B,28,91,119
2024-09-01,HCP0009,Cardiology,Alexandria,Alexandria,P0003,Respira,Molecule C,23,18,41
2024-09-01,HCP0009,Cardiology,Alexandria,Alexandria,P0004,PainFree,Molecule D,26,68,94
2024-09-01,HCP0009,Cardiology,Alexandria,Alexandria,P0005,Infecto,Molecule E,32,56,88
2024-09-01,HCP0009,Cardiology,Alexandria,Alexandria,P0006,NeuroCalm,Molecule F,12,92,104
2024-09-01,HCP0009,Cardiology,Alexandria,Alexandria,P0007,ArthroRelief,Molecule G,24,36,60
2024-09-01,HCP0009,Cardiology,Alexandria,Alexandria,P0008,Dermacare,Molecule H,28,72,100
2024-09-01,HCP0009,Cardiology,Alexandria,Alexandria,P0009,LipiControl,Molecule I,13,80,93
2024-09-01,HCP0009,Cardiology,Alexandria,Alexandria,P0010,GastroEase,Molecule J,32,88,120
2024-09-01,HCP0010,Orthopedics,Cairo,Cairo West,P0001,CardioSafe,Molecule A,12,69,81
2024-09-01,HCP0010,Orthopedics,Cairo,Cairo West,P0002,GlucoMax,Molecule B,29,24,53
2024-09-01,HCP0010,Orthopedics,Cairo,Cairo West,P0003,Respira,Molecule C,2,86,88
2024-09-01,HCP0010,Orthopedics,Cairo,Cairo West,P0004,PainFree,Molecule D,7,15,22
2024-09-01,HCP0010,Orthopedics,Cairo,Cairo West,P0005,Infecto,Molecule E,38,88,126
2024-09-01,HCP0010,Orthopedics,Cairo,Cairo West,P0006,NeuroCalm,Molecule F,30,57,87
2024-09-01,HCP0010,Orthopedics,Cairo,Cairo West,P0007,ArthroRelief,Molecule G,38,99,137
2024-09-01,HCP0010,Orthopedics,Cairo,Cairo West,P0008,Dermacare,Molecule H,33,28,61
2024-09-01,HCP0010,Orthopedics,Cairo,Cairo West,P0009,LipiControl,Molecule I,23,18,41
2024-09-01,HCP0010,Orthopedics,Cairo,Cairo West,P0010,GastroEase,Molecule J,34,15,49
2024-10-01,HCP0001,Cardiology,Cairo,Cairo East,P0001,CardioSafe,Molecule A,10,7,17
2024-10-01,HCP0001,Cardiology,Cairo,Cairo East,P0002,GlucoMax,Molecule B,39,36,75
2024-10-01,HCP0001,Cardiology,Cairo,Cairo East,P0003,Respira,Molecule C,11,54,65
2024-10-01,HCP0001,Cardiology,Cairo,Cairo East,P0004,PainFree,Molecule D,12,40,52
2024-10-01,HCP0001,Cardiology,Cairo,Cairo East,P0005,Infecto,Molecule E,33,49,82
2024-10-01,HCP0001,Cardiology,Cairo,Cairo East,P0006,NeuroCalm,Molecule F,39,30,69
2024-10-01,HCP0001,Cardiology,Cairo,Cairo East,P0007,ArthroRelief,Molecule G,37,25,62
2024-10-01,HCP0001,Cardiology,Cairo,Cairo East,P0008,Dermacare,Molecule H,34,11,45
2024-10-01,HCP0001,Cardiology,Cairo,Cairo East,P0009,LipiControl,Molecule I,21,86,107
2024-10-01,HCP0001,Cardiology,Cairo,Cairo East,P0010,GastroEase,Molecule J,4,63,67
2024-10-01,HCP0002,Internal Medicine,Cairo,Cairo West,P0001,CardioSafe,Molecule A,33,53,86
2024-10-01,HCP0002,Internal Medicine,Cairo,Cairo West,P0002,GlucoMax,Molecule B,12,73,85
2024-10-01,HCP0002,Internal Medicine,Cairo,Cairo West,P0003,Respira,Molecule C,20,14,34
2024-10-01,HCP0002,Internal Medicine,Cairo,Cairo West,P0004,PainFree,Molecule D,19,77,96
2024-10-01,HCP0002,Internal Medicine,Cairo,Cairo West,P0005,Infecto,Molecule E,26,31,57
2024-10-01,HCP0002,Internal Medicine,Cairo,Cairo West,P0006,NeuroCalm,Molecule F,8,64,72
2024-10-01,HCP0002,Internal Medicine,Cairo,Cairo West,P0007,ArthroRelief,Molecule G,14,57,71
2024-10-01,HCP0002,Internal Medicine,Cairo,Cairo West,P0008,Dermacare,Molecule H,14,24,38
2024-10-01,HCP0002,Internal Medicine,Cairo,Cairo West,P0009,LipiControl,Molecule I,11,73,84
2024-10-01,HCP0002,Internal Medicine,Cairo,Cairo West,P0010,GastroEase,Molecule J,11,73,84
2024-10-01,HCP0003,Endocrinology,Giza,Giza,P0001,CardioSafe,Molecule A,37,76,113
2024-10-01,HCP0003,Endocrinology,Giza,Giza,P0002,GlucoMax,Molecule B,11,61,72
2024-10-01,HCP0003,Endocrinology,Giza,Giza,P0003,Respira,Molecule C,31,60,91
2024-10-01,HCP0003,Endocrinology,Giza,Giza,P0004,PainFree,Molecule D,23,69,92
2024-10-01,HCP0003,Endocrinology,Giza,Giza,P0005,Infecto,Molecule E,37,78,115
2024-10-01,HCP0003,Endocrinology,Giza,Giza,P0006,NeuroCalm,Molecule F,23,91,114
2024-10-01,HCP0003,Endocrinology,Giza,Giza,P0007,ArthroRelief,Molecule G,33,95,128
2024-10-01,HCP0003,Endocrinology,Giza,Giza,P0008,Dermacare,Molecule H,4,5,9
2024-10-01,HCP0003,Endocrinology,Giza,Giza,P0009,LipiControl,Molecule I,14,36,50
2024-10-01,HCP0003,Endocrinology,Giza,Giza,P0010,GastroEase,Molecule J,12,96,108
2024-10-01,HCP0004,Pediatrics,Alexandria,Alexandria,P0001,CardioSafe,Molecule A,13,60,73
2024-10-01,HCP0004,Pediatrics,Alexandria,Alexandria,P0002,GlucoMax,Molecule B,7,8,15
2024-10-01,HCP0004,Pediatrics,Alexandria,Alexandria,P0003,Respira,Molecule C,20,87,107
2024-10-01,HCP0004,Pediatrics,Alexandria,Alexandria,P0004,PainFree,Molecule D,34,98,132
2024-10-01,HCP0004,Pediatrics,Alexandria,Alexandria,P0005,Infecto,Molecule E,5,79,84
2024-10-01,HCP0004,Pediatrics,Alexandria,Alexandria,P0006,NeuroCalm,Molecule F,31,94,125
2024-10-01,HCP0004,Pediatrics,Alexandria,Alexandria,P0007,ArthroRelief,Molecule G,20,85,105
2024-10-01,HCP0004,Pediatrics,Alexandria,Alexandria,P0008,Dermacare,Molecule H,39,30,69
2024-10-01,HCP0004,Pediatrics,Alexandria,Alexandria,P0009,LipiControl,Molecule I,3,9,12
2024-10-01,HCP0004,Pediatrics,Alexandria,Alexandria,P0010,GastroEase,Molecule J,24,81,105
2024-10-01,HCP0005,Pulmonology,Mansoura,Delta,P0001,CardioSafe,Molecule A,22,47,69
2024-10-01,HCP0005,Pulmonology,Mansoura,Delta,P0002,GlucoMax,Molecule B,13,21,34
2024-10-01,HCP0005,Pulmonology,Mansoura,Delta,P0003,Respira,Molecule C,30,78,108
2024-10-01,HCP0005,Pulmonology,Mansoura,Delta,P0004,PainFree,Molecule D,10,36,46
2024-10-01,HCP0005,Pulmonology,Mansoura,Delta,P0005,Infecto,Molecule E,4,16,20
2024-10-01,HCP0005,Pulmonology,Mansoura,Delta,P0006,NeuroCalm,Molecule F,25,43,68
2024-10-01,HCP0005,Pulmonology,Mansoura,Delta,P0007,ArthroRelief,Molecule G,32,57,89
2024-10-01,HCP0005,Pulmonology,Mansoura,Delta,P0008,Dermacare,Molecule H,39,42,81
2024-10-01,HCP0005,Pulmonology,Mansoura,Delta,P0009,LipiControl,Molecule I,38,80,118
2024-10-01,HCP0005,Pulmonology,Mansoura,Delta,P0010,GastroEase,Molecule J,34,37,71
2024-10-01,HCP0006,Neurology,Assiut,Upper Egypt,P0001,CardioSafe,Molecule A,35,58,93
2024-10-01,HCP0006,Neurology,Assiut,Upper Egypt,P0002,GlucoMax,Molecule B,12,75,87
2024-10-01,HCP0006,Neurology,Assiut,Upper Egypt,P0003,Respira,Molecule C,8,57,65
2024-10-01,HCP0006,Neurology,Assiut,Upper Egypt,P0004,PainFree,Molecule D,38,5,43
2024-10-01,HCP0006,Neurology,Assiut,Upper Egypt,P0005,Infecto,Molecule E,5,39,44
2024-10-01,HCP0006,Neurology,Assiut,Upper Egypt,P0006,NeuroCalm,Molecule F,24,78,102
2024-10-01,HCP0006,Neurology,Assiut,Upper Egypt,P0007,ArthroRelief,Molecule G,2,17,19
2024-10-01,HCP0006,Neurology,Assiut,Upper Egypt,P0008,Dermacare,Molecule H,32,28,60
2024-10-01,HCP0006,Neurology,Assiut,Upper Egypt,P0009,LipiControl,Molecule I,9,8,17
2024-10-01,HCP0006,Neurology,Assiut,Upper Egypt,P0010,GastroEase,Molecule J,19,54,73
2024-10-01,HCP0007,Dermatology,Cairo,Cairo East,P0001,CardioSafe,Molecule A,37,49,86
2024-10-01,HCP0007,Dermatology,Cairo,Cairo East,P0002,GlucoMax,Molecule B,20,66,86
2024-10-01,HCP0007,Dermatology,Cairo,Cairo East,P0003,Respira,Molecule C,37,80,117
2024-10-01,HCP0007,Dermatology,Cairo,Cairo East,P0004,PainFree,Molecule D,6,87,93
2024-10-01,HCP0007,Dermatology,Cairo,Cairo East,P0005,Infecto,Molecule E,8,17,25
2024-10-01,HCP0007,Dermatology,Cairo,Cairo East,P0006,NeuroCalm,Molecule F,18,66,84
2024-10-01,HCP0007,Dermatology,Cairo,Cairo East,P0007,ArthroRelief,Molecule G,23,41,64
2024-10-01,HCP0007,Dermatology,Cairo,Cairo East,P0008,Dermacare,Molecule H,19,37,56
2024-10-01,HCP0007,Dermatology,Cairo,Cairo East,P0009,LipiControl,Molecule I,16,81,97
2024-10-01,HCP0007,Dermatology,Cairo,Cairo East,P0010,GastroEase,Molecule J,27,87,114
2024-10-01,HCP0008,GP,Giza,Giza,P0001,CardioSafe,Molecule A,8,94,102
2024-10-01,HCP0008,GP,Giza,Giza,P0002,GlucoMax,Molecule B,32,57,89
2024-10-01,HCP0008,GP,Giza,Giza,P0003,Respira,Molecule C,38,68,106
2024-10-01,HCP0008,GP,Giza,Giza,P0004,PainFree,Molecule D,37,36,73
2024-10-01,HCP0008,GP,Giza,Giza,P0005,Infecto,Molecule E,39,64,103
2024-10-01,HCP0008,GP,Giza,Giza,P0006,NeuroCalm,Molecule F,3,59,62
2024-10-01,HCP0008,GP,Giza,Giza,P0007,ArthroRelief,Molecule G,6,86,92
2024-10-01,HCP0008,GP,Giza,Giza,P0008,Dermacare,Molecule H,18,43,61
2024-10-01,HCP0008,GP,Giza,Giza,P0009,LipiControl,Molecule I,37,64,101
2024-10-01,HCP0008,GP,Giza,Giza,P0010,GastroEase,Molecule J,37,75,112
2024-10-01,HCP0009,Cardiology,Alexandria,Alexandria,P0001,CardioSafe,Molecule A,16,42,58
2024-10-01,HCP0009,Cardiology,Alexandria,Alexandria,P0002,GlucoMax,Molecule B,15,58,73
2024-10-01,HCP0009,Cardiology,Alexandria,Alexandria,P0003,Respira,Molecule C,39,8,47
2024-10-01,HCP0009,Cardiology,Alexandria,Alexandria,P0004,PainFree,Molecule D,36,87,123
2024-10-01,HCP0009,Cardiology,Alexandria,Alexandria,P0005,Infecto,Molecule E,17,97,114
2024-10-01,HCP0009,Cardiology,Alexandria,Alexandria,P0006,NeuroCalm,Molecule F,8,45,53
2024-10-01,HCP0009,Cardiology,Alexandria,Alexandria,P0007,ArthroRelief,Molecule G,32,52,84
2024-10-01,HCP0009,Cardiology,Alexandria,Alexandria,P0008,Dermacare,Molecule H,39,29,68
2024-10-01,HCP0009,Cardiology,Alexandria,Alexandria,P0009,LipiControl,Molecule I,16,55,71
2024-10-01,HCP0009,Cardiology,Alexandria,Alexandria,P0010,GastroEase,Molecule J,24,35,59
2024-10-01,HCP0010,Orthopedics,Cairo,Cairo West,P0001,CardioSafe,Molecule A,36,6,42
2024-10-01,HCP0010,Orthopedics,Cairo,Cairo West,P0002,GlucoMax,Molecule B,15,6,21
2024-10-01,HCP0010,Orthopedics,Cairo,Cairo West,P0003,Respira,Molecule C,17,42,59
2024-10-01,HCP0010,Orthopedics,Cairo,Cairo West,P0004,PainFree,Molecule D,12,60,72
2024-10-01,HCP0010,Orthopedics,Cairo,Cairo West,P0005,Infecto,Molecule E,15,52,67
2024-10-01,HCP0010,Orthopedics,Cairo,Cairo West,P0006,NeuroCalm,Molecule F,29,15,44
2024-10-01,HCP0010,Orthopedics,Cairo,Cairo West,P0007,ArthroRelief,Molecule G,33,75,108
2024-10-01,HCP0010,Orthopedics,Cairo,Cairo West,P0008,Dermacare,Molecule H,13,26,39
2024-10-01,HCP0010,Orthopedics,Cairo,Cairo West,P0009,LipiControl,Molecule I,32,6,38
2024-10-01,HCP0010,Orthopedics,Cairo,Cairo West,P0010,GastroEase,Molecule J,25,32,57
2024-11-01,HCP0001,Cardiology,Cairo,Cairo East,P0001,CardioSafe,Molecule A,9,28,37
2024-11-01,HCP0001,Cardiology,Cairo,Cairo East,P0002,GlucoMax,Molecule B,14,39,53
2024-11-01,HCP0001,Cardiology,Cairo,Cairo East,P0003,Respira,Molecule C,33,93,126
2024-11-01,HCP0001,Cardiology,Cairo,Cairo East,P0004,PainFree,Molecule D,35,92,127
2024-11-01,HCP0001,Cardiology,Cairo,Cairo East,P0005,Infecto,Molecule E,4,44,48
2024-11-01,HCP0001,Cardiology,Cairo,Cairo East,P0006,NeuroCalm,Molecule F,35,43,78
2024-11-01,HCP0001,Cardiology,Cairo,Cairo East,P0007,ArthroRelief,Molecule G,38,22,60
2024-11-01,HCP0001,Cardiology,Cairo,Cairo East,P0008,Dermacare,Molecule H,34,50,84
2024-11-01,HCP0001,Cardiology,Cairo,Cairo East,P0009,LipiControl,Molecule I,9,85,94
2024-11-01,HCP0001,Cardiology,Cairo,Cairo East,P0010,GastroEase,Molecule J,23,76,99
2024-11-01,HCP0002,Internal Medicine,Cairo,Cairo West,P0001,CardioSafe,Molecule A,22,43,65
2024-11-01,HCP0002,Internal Medicine,Cairo,Cairo West,P0002,GlucoMax,Molecule B,33,35,68
2024-11-01,HCP0002,Internal Medicine,Cairo,Cairo West,P0003,Respira,Molecule C,25,20,45
2024-11-01,HCP0002,Internal Medicine,Cairo,Cairo West,P0004,PainFree,Molecule D,9,95,104
2024-11-01,HCP0002,Internal Medicine,Cairo,Cairo West,P0005,Infecto,Molecule E,38,26,64
2024-11-01,HCP0002,Internal Medicine,Cairo,Cairo West,P0006,NeuroCalm,Molecule F,30,51,81
2024-11-01,HCP0002,Internal Medicine,Cairo,Cairo West,P0007,ArthroRelief,Molecule G,10,65,75
2024-11-01,HCP0002,Internal Medicine,Cairo,Cairo West,P0008,Dermacare,Molecule H,22,45,67
2024-11-01,HCP0002,Internal Medicine,Cairo,Cairo West,P0009,LipiControl,Molecule I,33,7,40
2024-11-01,HCP0002,Internal Medicine,Cairo,Cairo West,P0010,GastroEase,Molecule J,15,43,58
2024-11-01,HCP0003,Endocrinology,Giza,Giza,P0001,CardioSafe,Molecule A,36,8,44
2024-11-01,HCP0003,Endocrinology,Giza,Giza,P0002,GlucoMax,Molecule B,10,78,88
2024-11-01,HCP0003,Endocrinology,Giza,Giza,P0003,Respira,Molecule C,38,8,46
2024-11-01,HCP0003,Endocrinology,Giza,Giza,P0004,PainFree,Molecule D,24,27,51
2024-11-01,HCP0003,Endocrinology,Giza,Giza,P0005,Infecto,Molecule E,2,11,13
2024-11-01,HCP0003,Endocrinology,Giza,Giza,P0006,NeuroCalm,Molecule F,11,19,30
2024-11-01,HCP0003,Endocrinology,Giza,Giza,P0007,ArthroRelief,Molecule G,30,21,51
2024-11-01,HCP0003,Endocrinology,Giza,Giza,P0008,Dermacare,Molecule H,11,94,105
2024-11-01,HCP0003,Endocrinology,Giza,Giza,P0009,LipiControl,Molecule I,17,59,76
2024-11-01,HCP0003,Endocrinology,Giza,Giza,P0010,GastroEase,Molecule J,20,27,47
2024-11-01,HCP0004,Pediatrics,Alexandria,Alexandria,P0001,CardioSafe,Molecule A,26,38,64
2024-11-01,HCP0004,Pediatrics,Alexandria,Alexandria,P0002,GlucoMax,Molecule B,24,43,67
2024-11-01,HCP0004,Pediatrics,Alexandria,Alexandria,P0003,Respira,Molecule C,30,78,108
2024-11-01,HCP0004,Pediatrics,Alexandria,Alexandria,P0004,PainFree,Molecule D,3,63,66
2024-11-01,HCP0004,Pediatrics,Alexandria,Alexandria,P0005,Infecto,Molecule E,34,90,124
2024-11-01,HCP0004,Pediatrics,Alexandria,Alexandria,P0006,NeuroCalm,Molecule F,10,9,19
2024-11-01,HCP0004,Pediatrics,Alexandria,Alexandria,P0007,ArthroRelief,Molecule G,9,31,40
2024-11-01,HCP0004,Pediatrics,Alexandria,Alexandria,P0008,Dermacare,Molecule H,31,70,101
2024-11-01,HCP0004,Pediatrics,Alexandria,Alexandria,P0009,LipiControl,Molecule I,31,68,99
2024-11-01,HCP0004,Pediatrics,Alexandria,Alexandria,P0010,GastroEase,Molecule J,27,88,115
2024-11-01,HCP0005,Pulmonology,Mansoura,Delta,P0001,CardioSafe,Molecule A,37,60,97
2024-11-01,HCP0005,Pulmonology,Mansoura,Delta,P0002,GlucoMax,Molecule B,27,13,40
2024-11-01,HCP0005,Pulmonology,Mansoura,Delta,P0003,Respira,Molecule C,8,51,59
2024-11-01,HCP0005,Pulmonology,Mansoura,Delta,P0004,PainFree,Molecule D,28,24,52
2024-11-01,HCP0005,Pulmonology,Mansoura,Delta,P0005,Infecto,Molecule E,22,36,58
2024-11-01,HCP0005,Pulmonology,Mansoura,Delta,P0006,NeuroCalm,Molecule F,28,12,40
2024-11-01,HCP0005,Pulmonology,Mansoura,Delta,P0007,ArthroRelief,Molecule G,27,60,87
2024-11-01,HCP0005,Pulmonology,Mansoura,Delta,P0008,Dermacare,Molecule H,30,25,55
2024-11-01,HCP0005,Pulmonology,Mansoura,Delta,P0009,LipiControl,Molecule I,4,67,71
2024-11-01,HCP0005,Pulmonology,Mansoura,Delta,P0010,GastroEase,Molecule J,37,35,72
2024-11-01,HCP0006,Neurology,Assiut,Upper Egypt,P0001,CardioSafe,Molecule A,32,41,73
2024-11-01,HCP0006,Neurology,Assiut,Upper Egypt,P0002,GlucoMax,Molecule B,24,27,51
2024-11-01,HCP0006,Neurology,Assiut,Upper Egypt,P0003,Respira,Molecule C,25,97,122
2024-11-01,HCP0006,Neurology,Assiut,Upper Egypt,P0004,PainFree,Molecule D,27,87,114
2024-11-01,HCP0006,Neurology,Assiut,Upper Egypt,P0005,Infecto,Molecule E,7,24,31
2024-11-01,HCP0006,Neurology,Assiut,Upper Egypt,P0006,NeuroCalm,Molecule F,39,70,109
2024-11-01,HCP0006,Neurology,Assiut,Upper Egypt,P0007,ArthroRelief,Molecule G,18,84,102
2024-11-01,HCP0006,Neurology,Assiut,Upper Egypt,P0008,Dermacare,Molecule H,16,90,106
2024-11-01,HCP0006,Neurology,Assiut,Upper Egypt,P0009,LipiControl,Molecule I,11,42,53
2024-11-01,HCP0006,Neurology,Assiut,Upper Egypt,P0010,GastroEase,Molecule J,2,63,65
2024-11-01,HCP0007,Dermatology,Cairo,Cairo East,P0001,CardioSafe,Molecule A,4,16,20
2024-11-01,HCP0007,Dermatology,Cairo,Cairo East,P0002,GlucoMax,Molecule B,35,91,126
2024-11-01,HCP0007,Dermatology,Cairo,Cairo East,P0003,Respira,Molecule C,31,26,57
2024-11-01,HCP0007,Dermatology,Cairo,Cairo East,P0004,PainFree,Molecule D,29,5,34
2024-11-01,HCP0007,Dermatology,Cairo,Cairo East,P0005,Infecto,Molecule E,31,45,76
2024-11-01,HCP0007,Dermatology,Cairo,Cairo East,P0006,NeuroCalm,Molecule F,22,37,59
2024-11-01,HCP0007,Dermatology,Cairo,Cairo East,P0007,ArthroRelief,Molecule G,11,65,76
2024-11-01,HCP0007,Dermatology,Cairo,Cairo East,P0008,Dermacare,Molecule H,8,16,24
2024-11-01,HCP0007,Dermatology,Cairo,Cairo East,P0009,LipiControl,Molecule I,36,76,112
2024-11-01,HCP0007,Dermatology,Cairo,Cairo East,P0010,GastroEase,Molecule J,31,56,87
2024-11-01,HCP0008,GP,Giza,Giza,P0001,CardioSafe,Molecule A,34,29,63
2024-11-01,HCP0008,GP,Giza,Giza,P0002,GlucoMax,Molecule B,27,34,61
2024-11-01,HCP0008,GP,Giza,Giza,P0003,Respira,Molecule C,18,5,23
2024-11-01,HCP0008,GP,Giza,Giza,P0004,PainFree,Molecule D,3,50,53
2024-11-01,HCP0008,GP,Giza,Giza,P0005,Infecto,Molecule E,15,98,113
2024-11-01,HCP0008,GP,Giza,Giza,P0006,NeuroCalm,Molecule F,4,49,53
2024-11-01,HCP0008,GP,Giza,Giza,P0007,ArthroRelief,Molecule G,39,6,45
2024-11-01,HCP0008,GP,Giza,Giza,P0008,Dermacare,Molecule H,26,22,48
2024-11-01,HCP0008,GP,Giza,Giza,P0009,LipiControl,Molecule I,22,12,34
2024-11-01,HCP0008,GP,Giza,Giza,P0010,GastroEase,Molecule J,31,16,47
2024-11-01,HCP0009,Cardiology,Alexandria,Alexandria,P0001,CardioSafe,Molecule A,9,18,27
2024-11-01,HCP0009,Cardiology,Alexandria,Alexandria,P0002,GlucoMax,Molecule B,5,83,88
2024-11-01,HCP0009,Cardiology,Alexandria,Alexandria,P0003,Respira,Molecule C,17,71,88
2024-11-01,HCP0009,Cardiology,Alexandria,Alexandria,P0004,PainFree,Molecule D,4,90,94
2024-11-01,HCP0009,Cardiology,Alexandria,Alexandria,P0005,Infecto,Molecule E,23,69,92
2024-11-01,HCP0009,Cardiology,Alexandria,Alexandria,P0006,NeuroCalm,Molecule F,2,93,95
2024-11-01,HCP0009,Cardiology,Alexandria,Alexandria,P0007,ArthroRelief,Molecule G,8,9,17
2024-11-01,HCP0009,Cardiology,Alexandria,Alexandria,P0008,Dermacare,Molecule H,15,77,92
2024-11-01,HCP0009,Cardiology,Alexandria,Alexandria,P0009,LipiControl,Molecule I,20,8,28
2024-11-01,HCP0009,Cardiology,Alexandria,Alexandria,P0010,GastroEase,Molecule J,17,8,25
2024-11-01,HCP0010,Orthopedics,Cairo,Cairo West,P0001,CardioSafe,Molecule A,9,15,24
2024-11-01,HCP0010,Orthopedics,Cairo,Cairo West,P0002,GlucoMax,Molecule B,31,30,61
2024-11-01,HCP0010,Orthopedics,Cairo,Cairo West,P0003,Respira,Molecule C,32,86,118
2024-11-01,HCP0010,Orthopedics,Cairo,Cairo West,P0004,PainFree,Molecule D,6,64,70
2024-11-01,HCP0010,Orthopedics,Cairo,Cairo West,P0005,Infecto,Molecule E,19,93,112
2024-11-01,HCP0010,Orthopedics,Cairo,Cairo West,P0006,NeuroCalm,Molecule F,29,56,85
2024-11-01,HCP0010,Orthopedics,Cairo,Cairo West,P0007,ArthroRelief,Molecule G,19,18,37
2024-11-01,HCP0010,Orthopedics,Cairo,Cairo West,P0008,Dermacare,Molecule H,4,34,38
2024-11-01,HCP0010,Orthopedics,Cairo,Cairo West,P0009,LipiControl,Molecule I,6,46,52
2024-11-01,HCP0010,Orthopedics,Cairo,Cairo West,P0010,GastroEase,Molecule J,9,86,95
2024-12-01,HCP0001,Cardiology,Cairo,Cairo East,P0001,CardioSafe,Molecule A,34,94,128
2024-12-01,HCP0001,Cardiology,Cairo,Cairo East,P0002,GlucoMax,Molecule B,15,17,32
2024-12-01,HCP0001,Cardiology,Cairo,Cairo East,P0003,Respira,Molecule C,10,45,55
2024-12-01,HCP0001,Cardiology,Cairo,Cairo East,P0004,PainFree,Molecule D,20,77,97
2024-12-01,HCP0001,Cardiology,Cairo,Cairo East,P0005,Infecto,Molecule E,19,19,38
2024-12-01,HCP0001,Cardiology,Cairo,Cairo East,P0006,NeuroCalm,Molecule F,22,31,53
2024-12-01,HCP0001,Cardiology,Cairo,Cairo East,P0007,ArthroRelief,Molecule G,29,94,123
2024-12-01,HCP0001,Cardiology,Cairo,Cairo East,P0008,Dermacare,Molecule H,16,38,54
2024-12-01,HCP0001,Cardiology,Cairo,Cairo East,P0009,LipiControl,Molecule I,21,97,118
2024-12-01,HCP0001,Cardiology,Cairo,Cairo East,P0010,GastroEase,Molecule J,16,96,112
2024-12-01,HCP0002,Internal Medicine,Cairo,Cairo West,P0001,CardioSafe,Molecule A,5,70,75
2024-12-01,HCP0002,Internal Medicine,Cairo,Cairo West,P0002,GlucoMax,Molecule B,31,21,52
2024-12-01,HCP0002,Internal Medicine,Cairo,Cairo West,P0003,Respira,Molecule C,17,14,31
2024-12-01,HCP0002,Internal Medicine,Cairo,Cairo West,P0004,PainFree,Molecule D,38,88,126
2024-12-01,HCP0002,Internal Medicine,Cairo,Cairo West,P0005,Infecto,Molecule E,13,12,25
2024-12-01,HCP0002,Internal Medicine,Cairo,Cairo West,P0006,NeuroCalm,Molecule F,16,32,48
2024-12-01,HCP0002,Internal Medicine,Cairo,Cairo West,P0007,ArthroRelief,Molecule G,32,56,88
2024-12-01,HCP0002,Internal Medicine,Cairo,Cairo West,P0008,Dermacare,Molecule H,21,66,87
2024-12-01,HCP0002,Internal Medicine,Cairo,Cairo West,P0009,LipiControl,Molecule I,5,36,41
2024-12-01,HCP0002,Internal Medicine,Cairo,Cairo West,P0010,GastroEase,Molecule J,26,22,48
2024-12-01,HCP0003,Endocrinology,Giza,Giza,P0001,CardioSafe,Molecule A,11,36,47
2024-12-01,HCP0003,Endocrinology,Giza,Giza,P0002,GlucoMax,Molecule B,22,31,53
2024-12-01,HCP0003,Endocrinology,Giza,Giza,P0003,Respira,Molecule C,31,85,116
2024-12-01,HCP0003,Endocrinology,Giza,Giza,P0004,PainFree,Molecule D,21,71,92
2024-12-01,HCP0003,Endocrinology,Giza,Giza,P0005,Infecto,Molecule E,23,33,56
2024-12-01,HCP0003,Endocrinology,Giza,Giza,P0006,NeuroCalm,Molecule F,19,72,91
2024-12-01,HCP0003,Endocrinology,Giza,Giza,P0007,ArthroRelief,Molecule G,4,93,97
2024-12-01,HCP0003,Endocrinology,Giza,Giza,P0008,Dermacare,Molecule H,22,98,120
2024-12-01,HCP0003,Endocrinology,Giza,Giza,P0009,LipiControl,Molecule I,36,88,124
2024-12-01,HCP0003,Endocrinology,Giza,Giza,P0010,GastroEase,Molecule J,30,19,49
2024-12-01,HCP0004,Pediatrics,Alexandria,Alexandria,P0001,CardioSafe,Molecule A,39,50,89
2024-12-01,HCP0004,Pediatrics,Alexandria,Alexandria,P0002,GlucoMax,Molecule B,21,74,95
2024-12-01,HCP0004,Pediatrics,Alexandria,Alexandria,P0003,Respira,Molecule C,34,17,51
2024-12-01,HCP0004,Pediatrics,Alexandria,Alexandria,P0004,PainFree,Molecule D,3,48,51
2024-12-01,HCP0004,Pediatrics,Alexandria,Alexandria,P0005,Infecto,Molecule E,37,24,61
2024-12-01,HCP0004,Pediatrics,Alexandria,Alexandria,P0006,NeuroCalm,Molecule F,25,6,31
2024-12-01,HCP0004,Pediatrics,Alexandria,Alexandria,P0007,ArthroRelief,Molecule G,16,20,36
2024-12-01,HCP0004,Pediatrics,Alexandria,Alexandria,P0008,Dermacare,Molecule H,29,66,95
2024-12-01,HCP0004,Pediatrics,Alexandria,Alexandria,P0009,LipiControl,Molecule I,38,15,53
2024-12-01,HCP0004,Pediatrics,Alexandria,Alexandria,P0010,GastroEase,Molecule J,33,50,83
2024-12-01,HCP0005,Pulmonology,Mansoura,Delta,P0001,CardioSafe,Molecule A,2,75,77
2024-12-01,HCP0005,Pulmonology,Mansoura,Delta,P0002,GlucoMax,Molecule B,32,74,106
2024-12-01,HCP0005,Pulmonology,Mansoura,Delta,P0003,Respira,Molecule C,14,55,69
2024-12-01,HCP0005,Pulmonology,Mansoura,Delta,P0004,PainFree,Molecule D,7,28,35
2024-12-01,HCP0005,Pulmonology,Mansoura,Delta,P0005,Infecto,Molecule E,12,7,19
2024-12-01,HCP0005,Pulmonology,Mansoura,Delta,P0006,NeuroCalm,Molecule F,30,90,120
2024-12-01,HCP0005,Pulmonology,Mansoura,Delta,P0007,ArthroRelief,Molecule G,37,18,55
2024-12-01,HCP0005,Pulmonology,Mansoura,Delta,P0008,Dermacare,Molecule H,17,75,92
2024-12-01,HCP0005,Pulmonology,Mansoura,Delta,P0009,LipiControl,Molecule I,20,74,94
2024-12-01,HCP0005,Pulmonology,Mansoura,Delta,P0010,GastroEase,Molecule J,19,80,99
2024-12-01,HCP0006,Neurology,Assiut,Upper Egypt,P0001,CardioSafe,Molecule A,11,35,46
2024-12-01,HCP0006,Neurology,Assiut,Upper Egypt,P0002,GlucoMax,Molecule B,16,57,73
2024-12-01,HCP0006,Neurology,Assiut,Upper Egypt,P0003,Respira,Molecule C,39,34,73
2024-12-01,HCP0006,Neurology,Assiut,Upper Egypt,P0004,PainFree,Molecule D,13,95,108
2024-12-01,HCP0006,Neurology,Assiut,Upper Egypt,P0005,Infecto,Molecule E,13,9,22
2024-12-01,HCP0006,Neurology,Assiut,Upper Egypt,P0006,NeuroCalm,Molecule F,11,21,32
2024-12-01,HCP0006,Neurology,Assiut,Upper Egypt,P0007,ArthroRelief,Molecule G,37,44,81
2024-12-01,HCP0006,Neurology,Assiut,Upper Egypt,P0008,Dermacare,Molecule H,31,50,81
2024-12-01,HCP0006,Neurology,Assiut,Upper Egypt,P0009,LipiControl,Molecule I,30,70,100
2024-12-01,HCP0006,Neurology,Assiut,Upper Egypt,P0010,GastroEase,Molecule J,2,76,78
2024-12-01,HCP0007,Dermatology,Cairo,Cairo East,P0001,CardioSafe,Molecule A,27,12,39
2024-12-01,HCP0007,Dermatology,Cairo,Cairo East,P0002,GlucoMax,Molecule B,13,15,28
2024-12-01,HCP0007,Dermatology,Cairo,Cairo East,P0003,Respira,Molecule C,10,81,91
2024-12-01,HCP0007,Dermatology,Cairo,Cairo East,P0004,PainFree,Molecule D,32,15,47
2024-12-01,HCP0007,Dermatology,Cairo,Cairo East,P0005,Infecto,Molecule E,11,57,68
2024-12-01,HCP0007,Dermatology,Cairo,Cairo East,P0006,NeuroCalm,Molecule F,24,7,31
2024-12-01,HCP0007,Dermatology,Cairo,Cairo East,P0007,ArthroRelief,Molecule G,20,37,57
2024-12-01,HCP0007,Dermatology,Cairo,Cairo East,P0008,Dermacare,Molecule H,15,78,93
2024-12-01,HCP0007,Dermatology,Cairo,Cairo East,P0009,LipiControl,Molecule I,21,56,77
2024-12-01,HCP0007,Dermatology,Cairo,Cairo East,P0010,GastroEase,Molecule J,13,65,78
2024-12-01,HCP0008,GP,Giza,Giza,P0001,CardioSafe,Molecule A,2,95,97
2024-12-01,HCP0008,GP,Giza,Giza,P0002,GlucoMax,Molecule B,9,17,26
2024-12-01,HCP0008,GP,Giza,Giza,P0003,Respira,Molecule C,35,91,126
2024-12-01,HCP0008,GP,Giza,Giza,P0004,PainFree,Molecule D,35,83,118
2024-12-01,HCP0008,GP,Giza,Giza,P0005,Infecto,Molecule E,35,25,60
2024-12-01,HCP0008,GP,Giza,Giza,P0006,NeuroCalm,Molecule F,32,48,80
2024-12-01,HCP0008,GP,Giza,Giza,P0007,ArthroRelief,Molecule G,38,24,62
2024-12-01,HCP0008,GP,Giza,Giza,P0008,Dermacare,Molecule H,3,31,34
2024-12-01,HCP0008,GP,Giza,Giza,P0009,LipiControl,Molecule I,24,81,105
2024-12-01,HCP0008,GP,Giza,Giza,P0010,GastroEase,Molecule J,13,81,94
2024-12-01,HCP0009,Cardiology,Alexandria,Alexandria,P0001,CardioSafe,Molecule A,12,98,110
2024-12-01,HCP0009,Cardiology,Alexandria,Alexandria,P0002,GlucoMax,Molecule B,37,69,106
2024-12-01,HCP0009,Cardiology,Alexandria,Alexandria,P0003,Respira,Molecule C,35,83,118
2024-12-01,HCP0009,Cardiology,Alexandria,Alexandria,P0004,PainFree,Molecule D,16,10,26
2024-12-01,HCP0009,Cardiology,Alexandria,Alexandria,P0005,Infecto,Molecule E,25,47,72
2024-12-01,HCP0009,Cardiology,Alexandria,Alexandria,P0006,NeuroCalm,Molecule F,3,31,34
2024-12-01,HCP0009,Cardiology,Alexandria,Alexandria,P0007,ArthroRelief,Molecule G,13,95,108
2024-12-01,HCP0009,Cardiology,Alexandria,Alexandria,P0008,Dermacare,Molecule H,9,26,35
2024-12-01,HCP0009,Cardiology,Alexandria,Alexandria,P0009,LipiControl,Molecule I,31,44,75
2024-12-01,HCP0009,Cardiology,Alexandria,Alexandria,P0010,GastroEase,Molecule J,23,7,30
2024-12-01,HCP0010,Orthopedics,Cairo,Cairo West,P0001,CardioSafe,Molecule A,2,41,43
2024-12-01,HCP0010,Orthopedics,Cairo,Cairo West,P0002,GlucoMax,Molecule B,15,59,74
2024-12-01,HCP0010,Orthopedics,Cairo,Cairo West,P0003,Respira,Molecule C,9,41,50
2024-12-01,HCP0010,Orthopedics,Cairo,Cairo West,P0004,PainFree,Molecule D,27,7,34
2024-12-01,HCP0010,Orthopedics,Cairo,Cairo West,P0005,Infecto,Molecule E,6,59,65
2024-12-01,HCP0010,Orthopedics,Cairo,Cairo West,P0006,NeuroCalm,Molecule F,18,5,23
2024-12-01,HCP0010,Orthopedics,Cairo,Cairo West,P0007,ArthroRelief,Molecule G,8,75,83
2024-12-01,HCP0010,Orthopedics,Cairo,Cairo West,P0008,Dermacare,Molecule H,5,41,46
2024-12-01,HCP0010,Orthopedics,Cairo,Cairo West,P0009,LipiControl,Molecule I,19,46,65
2024-12-01,HCP0010,Orthopedics,Cairo,Cairo West,P0010,GastroEase,Molecule J,18,95,113
2025-01-01,HCP0001,Cardiology,Cairo,Cairo East,P0001,CardioSafe,Molecule A,5,11,16
2025-01-01,HCP0001,Cardiology,Cairo,Cairo East,P0002,GlucoMax,Molecule B,11,37,48
2025-01-01,HCP0001,Cardiology,Cairo,Cairo East,P0003,Respira,Molecule C,16,40,56
2025-01-01,HCP0001,Cardiology,Cairo,Cairo East,P0004,PainFree,Molecule D,29,76,105
2025-01-01,HCP0001,Cardiology,Cairo,Cairo East,P0005,Infecto,Molecule E,6,38,44
2025-01-01,HCP0001,Cardiology,Cairo,Cairo East,P0006,NeuroCalm,Molecule F,15,45,60
2025-01-01,HCP0001,Cardiology,Cairo,Cairo East,P0007,ArthroRelief,Molecule G,11,94,105
2025-01-01,HCP0001,Cardiology,Cairo,Cairo East,P0008,Dermacare,Molecule H,10,51,61
2025-01-01,HCP0001,Cardiology,Cairo,Cairo East,P0009,LipiControl,Molecule I,26,62,88
2025-01-01,HCP0001,Cardiology,Cairo,Cairo East,P0010,GastroEase,Molecule J,23,46,69
2025-01-01,HCP0002,Internal Medicine,Cairo,Cairo West,P0001,CardioSafe,Molecule A,13,94,107
2025-01-01,HCP0002,Internal Medicine,Cairo,Cairo West,P0002,GlucoMax,Molecule B,31,17,48
2025-01-01,HCP0002,Internal Medicine,Cairo,Cairo West,P0003,Respira,Molecule C,24,21,45
2025-01-01,HCP0002,Internal Medicine,Cairo,Cairo West,P0004,PainFree,Molecule D,9,29,38
2025-01-01,HCP0002,Internal Medicine,Cairo,Cairo West,P0005,Infecto,Molecule E,14,97,111
2025-01-01,HCP0002,Internal Medicine,Cairo,Cairo West,P0006,NeuroCalm,Molecule F,23,19,42
2025-01-01,HCP0002,Internal Medicine,Cairo,Cairo West,P0007,ArthroRelief,Molecule G,16,11,27
2025-01-01,HCP0002,Internal Medicine,Cairo,Cairo West,P0008,Dermacare,Molecule H,16,26,42
2025-01-01,HCP0002,Internal Medicine,Cairo,Cairo West,P0009,LipiControl,Molecule I,23,38,61
2025-01-01,HCP0002,Internal Medicine,Cairo,Cairo West,P0010,GastroEase,Molecule J,20,15,35
2025-01-01,HCP0003,Endocrinology,Giza,Giza,P0001,CardioSafe,Molecule A,15,38,53
2025-01-01,HCP0003,Endocrinology,Giza,Giza,P0002,GlucoMax,Molecule B,4,20,24
2025-01-01,HCP0003,Endocrinology,Giza,Giza,P0003,Respira,Molecule C,20,36,56
2025-01-01,HCP0003,Endocrinology,Giza,Giza,P0004,PainFree,Molecule D,19,78,97
2025-01-01,HCP0003,Endocrinology,Giza,Giza,P0005,Infecto,Molecule E,32,8,40
2025-01-01,HCP0003,Endocrinology,Giza,Giza,P0006,NeuroCalm,Molecule F,15,14,29
2025-01-01,HCP0003,Endocrinology,Giza,Giza,P0007,ArthroRelief,Molecule G,5,26,31
2025-01-01,HCP0003,Endocrinology,Giza,Giza,P0008,Dermacare,Molecule H,7,56,63
2025-01-01,HCP0003,Endocrinology,Giza,Giza,P0009,LipiControl,Molecule I,6,35,41
2025-01-01,HCP0003,Endocrinology,Giza,Giza,P0010,GastroEase,Molecule J,7,87,94
2025-01-01,HCP0004,Pediatrics,Alexandria,Alexandria,P0001,CardioSafe,Molecule A,35,48,83
2025-01-01,HCP0004,Pediatrics,Alexandria,Alexandria,P0002,GlucoMax,Molecule B,2,78,80
2025-01-01,HCP0004,Pediatrics,Alexandria,Alexandria,P0003,Respira,Molecule C,23,98,121
2025-01-01,HCP0004,Pediatrics,Alexandria,Alexandria,P0004,PainFree,Molecule D,27,51,78
2025-01-01,HCP0004,Pediatrics,Alexandria,Alexandria,P0005,Infecto,Molecule E,28,84,112
2025-01-01,HCP0004,Pediatrics,Alexandria,Alexandria,P0006,NeuroCalm,Molecule F,31,67,98
2025-01-01,HCP0004,Pediatrics,Alexandria,Alexandria,P0007,ArthroRelief,Molecule G,6,46,52
2025-01-01,HCP0004,Pediatrics,Alexandria,Alexandria,P0008,Dermacare,Molecule H,18,75,93
2025-01-01,HCP0004,Pediatrics,Alexandria,Alexandria,P0009,LipiControl,Molecule I,39,32,71
2025-01-01,HCP0004,Pediatrics,Alexandria,Alexandria,P0010,GastroEase,Molecule J,11,7,18
2025-01-01,HCP0005,Pulmonology,Mansoura,Delta,P0001,CardioSafe,Molecule A,20,84,104
2025-01-01,HCP0005,Pulmonology,Mansoura,Delta,P0002,GlucoMax,Molecule B,3,18,21
2025-01-01,HCP0005,Pulmonology,Mansoura,Delta,P0003,Respira,Molecule C,6,34,40
2025-01-01,HCP0005,Pulmonology,Mansoura,Delta,P0004,PainFree,Molecule D,7,39,46
2025-01-01,HCP0005,Pulmonology,Mansoura,Delta,P0005,Infecto,Molecule E,23,61,84
2025-01-01,HCP0005,Pulmonology,Mansoura,Delta,P0006,NeuroCalm,Molecule F,8,7,15
2025-01-01,HCP0005,Pulmonology,Mansoura,Delta,P0007,ArthroRelief,Molecule G,11,97,108
2025-01-01,HCP0005,Pulmonology,Mansoura,Delta,P0008,Dermacare,Molecule H,18,43,61
2025-01-01,HCP0005,Pulmonology,Mansoura,Delta,P0009,LipiControl,Molecule I,12,25,37
2025-01-01,HCP0005,Pulmonology,Mansoura,Delta,P0010,GastroEase,Molecule J,5,5,10
2025-01-01,HCP0006,Neurology,Assiut,Upper Egypt,P0001,CardioSafe,Molecule A,28,55,83
2025-01-01,HCP0006,Neurology,Assiut,Upper Egypt,P0002,GlucoMax,Molecule B,34,8,42
2025-01-01,HCP0006,Neurology,Assiut,Upper Egypt,P0003,Respira,Molecule C,6,19,25
2025-01-01,HCP0006,Neurology,Assiut,Upper Egypt,P0004,PainFree,Molecule D,22,6,28
2025-01-01,HCP0006,Neurology,Assiut,Upper Egypt,P0005,Infecto,Molecule E,4,89,93
2025-01-01,HCP0006,Neurology,Assiut,Upper Egypt,P0006,NeuroCalm,Molecule F,17,97,114
2025-01-01,HCP0006,Neurology,Assiut,Upper Egypt,P0007,ArthroRelief,Molecule G,11,71,82
2025-01-01,HCP0006,Neurology,Assiut,Upper Egypt,P0008,Dermacare,Molecule H,18,5,23
2025-01-01,HCP0006,Neurology,Assiut,Upper Egypt,P0009,LipiControl,Molecule I,33,31,64
2025-01-01,HCP0006,Neurology,Assiut,Upper Egypt,P0010,GastroEase,Molecule J,14,57,71
2025-01-01,HCP0007,Dermatology,Cairo,Cairo East,P0001,CardioSafe,Molecule A,12,72,84
2025-01-01,HCP0007,Dermatology,Cairo,Cairo East,P0002,GlucoMax,Molecule B,14,90,104
2025-01-01,HCP0007,Dermatology,Cairo,Cairo East,P0003,Respira,Molecule C,5,71,76
2025-01-01,HCP0007,Dermatology,Cairo,Cairo East,P0004,PainFree,Molecule D,30,91,121
2025-01-01,HCP0007,Dermatology,Cairo,Cairo East,P0005,Infecto,Molecule E,26,17,43
2025-01-01,HCP0007,Dermatology,Cairo,Cairo East,P0006,NeuroCalm,Molecule F,9,64,73
2025-01-01,HCP0007,Dermatology,Cairo,Cairo East,P0007,ArthroRelief,Molecule G,36,70,106
2025-01-01,HCP0007,Dermatology,Cairo,Cairo East,P0008,Dermacare,Molecule H,4,51,55
2025-01-01,HCP0007,Dermatology,Cairo,Cairo East,P0009,LipiControl,Molecule I,33,12,45
2025-01-01,HCP0007,Dermatology,Cairo,Cairo East,P0010,GastroEase,Molecule J,31,17,48
2025-01-01,HCP0008,GP,Giza,Giza,P0001,CardioSafe,Molecule A,2,56,58
2025-01-01,HCP0008,GP,Giza,Giza,P0002,GlucoMax,Molecule B,37,44,81
2025-01-01,HCP0008,GP,Giza,Giza,P0003,Respira,Molecule C,25,83,108
2025-01-01,HCP0008,GP,Giza,Giza,P0004,PainFree,Molecule D,6,83,89
2025-01-01,HCP0008,GP,Giza,Giza,P0005,Infecto,Molecule E,23,14,37
2025-01-01,HCP0008,GP,Giza,Giza,P0006,NeuroCalm,Molecule F,31,19,50
2025-01-01,HCP0008,GP,Giza,Giza,P0007,ArthroRelief,Molecule G,2,56,58
2025-01-01,HCP0008,GP,Giza,Giza,P0008,Dermacare,Molecule H,2,84,86
2025-01-01,HCP0008,GP,Giza,Giza,P0009,LipiControl,Molecule I,16,46,62
2025-01-01,HCP0008,GP,Giza,Giza,P0010,GastroEase,Molecule J,28,18,46
2025-01-01,HCP0009,Cardiology,Alexandria,Alexandria,P0001,CardioSafe,Molecule A,23,71,94
2025-01-01,HCP0009,Cardiology,Alexandria,Alexandria,P0002,GlucoMax,Molecule B,3,88,91
2025-01-01,HCP0009,Cardiology,Alexandria,Alexandria,P0003,Respira,Molecule C,30,34,64
2025-01-01,HCP0009,Cardiology,Alexandria,Alexandria,P0004,PainFree,Molecule D,21,16,37
2025-01-01,HCP0009,Cardiology,Alexandria,Alexandria,P0005,Infecto,Molecule E,39,14,53
2025-01-01,HCP0009,Cardiology,Alexandria,Alexandria,P0006,NeuroCalm,Molecule F,32,96,128
2025-01-01,HCP0009,Cardiology,Alexandria,Alexandria,P0007,ArthroRelief,Molecule G,23,29,52
2025-01-01,HCP0009,Cardiology,Alexandria,Alexandria,P0008,Dermacare,Molecule H,29,24,53
2025-01-01,HCP0009,Cardiology,Alexandria,Alexandria,P0009,LipiControl,Molecule I,25,20,45
2025-01-01,HCP0009,Cardiology,Alexandria,Alexandria,P0010,GastroEase,Molecule J,24,79,103
2025-01-01,HCP0010,Orthopedics,Cairo,Cairo West,P0001,CardioSafe,Molecule A,35,45,80
2025-01-01,HCP0010,Orthopedics,Cairo,Cairo West,P0002,GlucoMax,Molecule B,3,5,8
2025-01-01,HCP0010,Orthopedics,Cairo,Cairo West,P0003,Respira,Molecule C,26,87,113
2025-01-01,HCP0010,Orthopedics,Cairo,Cairo West,P0004,PainFree,Molecule D,18,79,97
2025-01-01,HCP0010,Orthopedics,Cairo,Cairo West,P0005,Infecto,Molecule E,34,35,69
2025-01-01,HCP0010,Orthopedics,Cairo,Cairo West,P0006,NeuroCalm,Molecule F,32,70,102
2025-01-01,HCP0010,Orthopedics,Cairo,Cairo West,P0007,ArthroRelief,Molecule G,38,53,91
2025-01-01,HCP0010,Orthopedics,Cairo,Cairo West,P0008,Dermacare,Molecule H,4,76,80
2025-01-01,HCP0010,Orthopedics,Cairo,Cairo West,P0009,LipiControl,Molecule I,33,98,131
2025-01-01,HCP0010,Orthopedics,Cairo,Cairo West,P0010,GastroEase,Molecule J,37,84,121
2025-02-01,HCP0001,Cardiology,Cairo,Cairo East,P0001,CardioSafe,Molecule A,22,35,57
2025-02-01,HCP0001,Cardiology,Cairo,Cairo East,P0002,GlucoMax,Molecule B,19,93,112
2025-02-01,HCP0001,Cardiology,Cairo,Cairo East,P0003,Respira,Molecule C,10,98,108
2025-02-01,HCP0001,Cardiology,Cairo,Cairo East,P0004,PainFree,Molecule D,10,94,104
2025-02-01,HCP0001,Cardiology,Cairo,Cairo East,P0005,Infecto,Molecule E,21,42,63
2025-02-01,HCP0001,Cardiology,Cairo,Cairo East,P0006,NeuroCalm,Molecule F,21,79,100
2025-02-01,HCP0001,Cardiology,Cairo,Cairo East,P0007,ArthroRelief,Molecule G,37,49,86
2025-02-01,HCP0001,Cardiology,Cairo,Cairo East,P0008,Dermacare,Molecule H,29,69,98
2025-02-01,HCP0001,Cardiology,Cairo,Cairo East,P0009,LipiControl,Molecule I,24,56,80
2025-02-01,HCP0001,Cardiology,Cairo,Cairo East,P0010,GastroEase,Molecule J,24,42,66
2025-02-01,HCP0002,Internal Medicine,Cairo,Cairo West,P0001,CardioSafe,Molecule A,3,66,69
2025-02-01,HCP0002,Internal Medicine,Cairo,Cairo West,P0002,GlucoMax,Molecule B,5,35,40
2025-02-01,HCP0002,Internal Medicine,Cairo,Cairo West,P0003,Respira,Molecule C,30,37,67
2025-02-01,HCP0002,Internal Medicine,Cairo,Cairo West,P0004,PainFree,Molecule D,35,72,107
2025-02-01,HCP0002,Internal Medicine,Cairo,Cairo West,P0005,Infecto,Molecule E,32,89,121
2025-02-01,HCP0002,Internal Medicine,Cairo,Cairo West,P0006,NeuroCalm,Molecule F,38,36,74
2025-02-01,HCP0002,Internal Medicine,Cairo,Cairo West,P0007,ArthroRelief,Molecule G,30,69,99
2025-02-01,HCP0002,Internal Medicine,Cairo,Cairo West,P0008,Dermacare,Molecule H,15,38,53
2025-02-01,HCP0002,Internal Medicine,Cairo,Cairo West,P0009,LipiControl,Molecule I,7,55,62
2025-02-01,HCP0002,Internal Medicine,Cairo,Cairo West,P0010,GastroEase,Molecule J,20,25,45
2025-02-01,HCP0003,Endocrinology,Giza,Giza,P0001,CardioSafe,Molecule A,14,27,41
2025-02-01,HCP0003,Endocrinology,Giza,Giza,P0002,GlucoMax,Molecule B,9,14,23
2025-02-01,HCP0003,Endocrinology,Giza,Giza,P0003,Respira,Molecule C,13,45,58
2025-02-01,HCP0003,Endocrinology,Giza,Giza,P0004,PainFree,Molecule D,32,68,100
2025-02-01,HCP0003,Endocrinology,Giza,Giza,P0005,Infecto,Molecule E,20,75,95
2025-02-01,HCP0003,Endocrinology,Giza,Giza,P0006,NeuroCalm,Molecule F,37,57,94
2025-02-01,HCP0003,Endocrinology,Giza,Giza,P0007,ArthroRelief,Molecule G,31,68,99
2025-02-01,HCP0003,Endocrinology,Giza,Giza,P0008,Dermacare,Molecule H,22,77,99
2025-02-01,HCP0003,Endocrinology,Giza,Giza,P0009,LipiControl,Molecule I,17,23,40
2025-02-01,HCP0003,Endocrinology,Giza,Giza,P0010,GastroEase,Molecule J,7,77,84
2025-02-01,HCP0004,Pediatrics,Alexandria,Alexandria,P0001,CardioSafe,Molecule A,25,91,116
2025-02-01,HCP0004,Pediatrics,Alexandria,Alexandria,P0002,GlucoMax,Molecule B,39,67,106
2025-02-01,HCP0004,Pediatrics,Alexandria,Alexandria,P0003,Respira,Molecule C,31,22,53
2025-02-01,HCP0004,Pediatrics,Alexandria,Alexandria,P0004,PainFree,Molecule D,20,63,83
2025-02-01,HCP0004,Pediatrics,Alexandria,Alexandria,P0005,Infecto,Molecule E,39,77,116
2025-02-01,HCP0004,Pediatrics,Alexandria,Alexandria,P0006,NeuroCalm,Molecule F,22,18,40
2025-02-01,HCP0004,Pediatrics,Alexandria,Alexandria,P0007,ArthroRelief,Molecule G,36,99,135
2025-02-01,HCP0004,Pediatrics,Alexandria,Alexandria,P0008,Dermacare,Molecule H,21,49,70
2025-02-01,HCP0004,Pediatrics,Alexandria,Alexandria,P0009,LipiControl,Molecule I,3,76,79
2025-02-01,HCP0004,Pediatrics,Alexandria,Alexandria,P0010,GastroEase,Molecule J,16,90,106
2025-02-01,HCP0005,Pulmonology,Mansoura,Delta,P0001,CardioSafe,Molecule A,34,25,59
2025-02-01,HCP0005,Pulmonology,Mansoura,Delta,P0002,GlucoMax,Molecule B,10,9,19
2025-02-01,HCP0005,Pulmonology,Mansoura,Delta,P0003,Respira,Molecule C,8,80,88
2025-02-01,HCP0005,Pulmonology,Mansoura,Delta,P0004,PainFree,Molecule D,22,15,37
2025-02-01,HCP0005,Pulmonology,Mansoura,Delta,P0005,Infecto,Molecule E,13,48,61
2025-02-01,HCP0005,Pulmonology,Mansoura,Delta,P0006,NeuroCalm,Molecule F,34,67,101
2025-02-01,HCP0005,Pulmonology,Mansoura,Delta,P0007,ArthroRelief,Molecule G,31,17,48
2025-02-01,HCP0005,Pulmonology,Mansoura,Delta,P0008,Dermacare,Molecule H,8,25,33
2025-02-01,HCP0005,Pulmonology,Mansoura,Delta,P0009,LipiControl,Molecule I,17,42,59
2025-02-01,HCP0005,Pulmonology,Mansoura,Delta,P0010,GastroEase,Molecule J,8,15,23
2025-02-01,HCP0006,Neurology,Assiut,Upper Egypt,P0001,CardioSafe,Molecule A,21,19,40
2025-02-01,HCP0006,Neurology,Assiut,Upper Egypt,P0002,GlucoMax,Molecule B,39,88,127
2025-02-01,HCP0006,Neurology,Assiut,Upper Egypt,P0003,Respira,Molecule C,35,78,113
2025-02-01,HCP0006,Neurology,Assiut,Upper Egypt,P0004,PainFree,Molecule D,16,85,101
2025-02-01,HCP0006,Neurology,Assiut,Upper Egypt,P0005,Infecto,Molecule E,22,16,38
2025-02-01,HCP0006,Neurology,Assiut,Upper Egypt,P0006,NeuroCalm,Molecule F,26,94,120
2025-02-01,HCP0006,Neurology,Assiut,Upper Egypt,P0007,ArthroRelief,Molecule G,7,16,23
2025-02-01,HCP0006,Neurology,Assiut,Upper Egypt,P0008,Dermacare,Molecule H,24,70,94
2025-02-01,HCP0006,Neurology,Assiut,Upper Egypt,P0009,LipiControl,Molecule I,38,85,123
2025-02-01,HCP0006,Neurology,Assiut,Upper Egypt,P0010,GastroEase,Molecule J,20,16,36
2025-02-01,HCP0007,Dermatology,Cairo,Cairo East,P0001,CardioSafe,Molecule A,36,43,79
2025-02-01,HCP0007,Dermatology,Cairo,Cairo East,P0002,GlucoMax,Molecule B,4,25,29
2025-02-01,HCP0007,Dermatology,Cairo,Cairo East,P0003,Respira,Molecule C,35,47,82
2025-02-01,HCP0007,Dermatology,Cairo,Cairo East,P0004,PainFree,Molecule D,4,75,79
2025-02-01,HCP0007,Dermatology,Cairo,Cairo East,P0005,Infecto,Molecule E,16,79,95
2025-02-01,HCP0007,Dermatology,Cairo,Cairo East,P0006,NeuroCalm,Molecule F,18,83,101
2025-02-01,HCP0007,Dermatology,Cairo,Cairo East,P0007,ArthroRelief,Molecule G,28,64,92
2025-02-01,HCP0007,Dermatology,Cairo,Cairo East,P0008,Dermacare,Molecule H,30,78,108
2025-02-01,HCP0007,Dermatology,Cairo,Cairo East,P0009,LipiControl,Molecule I,18,26,44
2025-02-01,HCP0007,Dermatology,Cairo,Cairo East,P0010,GastroEase,Molecule J,18,61,79
2025-02-01,HCP0008,GP,Giza,Giza,P0001,CardioSafe,Molecule A,17,46,63
2025-02-01,HCP0008,GP,Giza,Giza,P0002,GlucoMax,Molecule B,37,23,60
2025-02-01,HCP0008,GP,Giza,Giza,P0003,Respira,Molecule C,16,88,104
2025-02-01,HCP0008,GP,Giza,Giza,P0004,PainFree,Molecule D,11,79,90
2025-02-01,HCP0008,GP,Giza,Giza,P0005,Infecto,Molecule E,20,14,34
2025-02-01,HCP0008,GP,Giza,Giza,P0006,NeuroCalm,Molecule F,5,37,42
2025-02-01,HCP0008,GP,Giza,Giza,P0007,ArthroRelief,Molecule G,26,24,50
2025-02-01,HCP0008,GP,Giza,Giza,P0008,Dermacare,Molecule H,23,68,91
2025-02-01,HCP0008,GP,Giza,Giza,P0009,LipiControl,Molecule I,18,69,87
2025-02-01,HCP0008,GP,Giza,Giza,P0010,GastroEase,Molecule J,17,50,67
2025-02-01,HCP0009,Cardiology,Alexandria,Alexandria,P0001,CardioSafe,Molecule A,9,99,108
2025-02-01,HCP0009,Cardiology,Alexandria,Alexandria,P0002,GlucoMax,Molecule B,10,85,95
2025-02-01,HCP0009,Cardiology,Alexandria,Alexandria,P0003,Respira,Molecule C,21,27,48
2025-02-01,HCP0009,Cardiology,Alexandria,Alexandria,P0004,PainFree,Molecule D,23,28,51
2025-02-01,HCP0009,Cardiology,Alexandria,Alexandria,P0005,Infecto,Molecule E,10,82,92
2025-02-01,HCP0009,Cardiology,Alexandria,Alexandria,P0006,NeuroCalm,Molecule F,5,80,85
2025-02-01,HCP0009,Cardiology,Alexandria,Alexandria,P0007,ArthroRelief,Molecule G,37,51,88
2025-02-01,HCP0009,Cardiology,Alexandria,Alexandria,P0008,Dermacare,Molecule H,16,89,105
2025-02-01,HCP0009,Cardiology,Alexandria,Alexandria,P0009,LipiControl,Molecule I,34,88,122
2025-02-01,HCP0009,Cardiology,Alexandria,Alexandria,P0010,GastroEase,Molecule J,34,12,46
2025-02-01,HCP0010,Orthopedics,Cairo,Cairo West,P0001,CardioSafe,Molecule A,9,70,79
2025-02-01,HCP0010,Orthopedics,Cairo,Cairo West,P0002,GlucoMax,Molecule B,29,75,104
2025-02-01,HCP0010,Orthopedics,Cairo,Cairo West,P0003,Respira,Molecule C,26,16,42
2025-02-01,HCP0010,Orthopedics,Cairo,Cairo West,P0004,PainFree,Molecule D,5,16,21
2025-02-01,HCP0010,Orthopedics,Cairo,Cairo West,P0005,Infecto,Molecule E,24,84,108
2025-02-01,HCP0010,Orthopedics,Cairo,Cairo West,P0006,NeuroCalm,Molecule F,18,31,49
2025-02-01,HCP0010,Orthopedics,Cairo,Cairo West,P0007,ArthroRelief,Molecule G,36,22,58
2025-02-01,HCP0010,Orthopedics,Cairo,Cairo West,P0008,Dermacare,Molecule H,8,24,32
2025-02-01,HCP0010,Orthopedics,Cairo,Cairo West,P0009,LipiControl,Molecule I,27,50,77
2025-02-01,HCP0010,Orthopedics,Cairo,Cairo West,P0010,GastroEase,Molecule J,39,62,101
2025-03-01,HCP0001,Cardiology,Cairo,Cairo East,P0001,CardioSafe,Molecule A,20,83,103
2025-03-01,HCP0001,Cardiology,Cairo,Cairo East,P0002,GlucoMax,Molecule B,22,40,62
2025-03-01,HCP0001,Cardiology,Cairo,Cairo East,P0003,Respira,Molecule C,26,71,97
2025-03-01,HCP0001,Cardiology,Cairo,Cairo East,P0004,PainFree,Molecule D,20,13,33
2025-03-01,HCP0001,Cardiology,Cairo,Cairo East,P0005,Infecto,Molecule E,14,38,52
2025-03-01,HCP0001,Cardiology,Cairo,Cairo East,P0006,NeuroCalm,Molecule F,20,56,76
2025-03-01,HCP0001,Cardiology,Cairo,Cairo East,P0007,ArthroRelief,Molecule G,31,21,52
2025-03-01,HCP0001,Cardiology,Cairo,Cairo East,P0008,Dermacare,Molecule H,26,57,83
2025-03-01,HCP0001,Cardiology,Cairo,Cairo East,P0009,LipiControl,Molecule I,25,20,45
2025-03-01,HCP0001,Cardiology,Cairo,Cairo East,P0010,GastroEase,Molecule J,39,21,60
2025-03-01,HCP0002,Internal Medicine,Cairo,Cairo West,P0001,CardioSafe,Molecule A,10,13,23
2025-03-01,HCP0002,Internal Medicine,Cairo,Cairo West,P0002,GlucoMax,Molecule B,3,98,101
2025-03-01,HCP0002,Internal Medicine,Cairo,Cairo West,P0003,Respira,Molecule C,32,78,110
2025-03-01,HCP0002,Internal Medicine,Cairo,Cairo West,P0004,PainFree,Molecule D,35,40,75
2025-03-01,HCP0002,Internal Medicine,Cairo,Cairo West,P0005,Infecto,Molecule E,26,71,97
2025-03-01,HCP0002,Internal Medicine,Cairo,Cairo West,P0006,NeuroCalm,Molecule F,38,32,70
2025-03-01,HCP0002,Internal Medicine,Cairo,Cairo West,P0007,ArthroRelief,Molecule G,14,60,74
2025-03-01,HCP0002,Internal Medicine,Cairo,Cairo West,P0008,Dermacare,Molecule H,7,74,81
2025-03-01,HCP0002,Internal Medicine,Cairo,Cairo West,P0009,LipiControl,Molecule I,23,59,82
2025-03-01,HCP0002,Internal Medicine,Cairo,Cairo West,P0010,GastroEase,Molecule J,37,47,84
2025-03-01,HCP0003,Endocrinology,Giza,Giza,P0001,CardioSafe,Molecule A,24,61,85
2025-03-01,HCP0003,Endocrinology,Giza,Giza,P0002,GlucoMax,Molecule B,8,54,62
2025-03-01,HCP0003,Endocrinology,Giza,Giza,P0003,Respira,Molecule C,9,90,99
2025-03-01,HCP0003,Endocrinology,Giza,Giza,P0004,PainFree,Molecule D,9,23,32
2025-03-01,HCP0003,Endocrinology,Giza,Giza,P0005,Infecto,Molecule E,16,81,97
2025-03-01,HCP0003,Endocrinology,Giza,Giza,P0006,NeuroCalm,Molecule F,29,19,48
2025-03-01,HCP0003,Endocrinology,Giza,Giza,P0007,ArthroRelief,Molecule G,25,15,40
2025-03-01,HCP0003,Endocrinology,Giza,Giza,P0008,Dermacare,Molecule H,24,92,116
2025-03-01,HCP0003,Endocrinology,Giza,Giza,P0009,LipiControl,Molecule I,2,20,22
2025-03-01,HCP0003,Endocrinology,Giza,Giza,P0010,GastroEase,Molecule J,35,25,60
2025-03-01,HCP0004,Pediatrics,Alexandria,Alexandria,P0001,CardioSafe,Molecule A,22,11,33
2025-03-01,HCP0004,Pediatrics,Alexandria,Alexandria,P0002,GlucoMax,Molecule B,32,94,126
2025-03-01,HCP0004,Pediatrics,Alexandria,Alexandria,P0003,Respira,Molecule C,19,60,79
2025-03-01,HCP0004,Pediatrics,Alexandria,Alexandria,P0004,PainFree,Molecule D,37,16,53
2025-03-01,HCP0004,Pediatrics,Alexandria,Alexandria,P0005,Infecto,Molecule E,14,28,42
2025-03-01,HCP0004,Pediatrics,Alexandria,Alexandria,P0006,NeuroCalm,Molecule F,5,50,55
2025-03-01,HCP0004,Pediatrics,Alexandria,Alexandria,P0007,ArthroRelief,Molecule G,14,61,75
2025-03-01,HCP0004,Pediatrics,Alexandria,Alexandria,P0008,Dermacare,Molecule H,15,20,35
2025-03-01,HCP0004,Pediatrics,Alexandria,Alexandria,P0009,LipiControl,Molecule I,5,78,83
2025-03-01,HCP0004,Pediatrics,Alexandria,Alexandria,P0010,GastroEase,Molecule J,18,29,47
2025-03-01,HCP0005,Pulmonology,Mansoura,Delta,P0001,CardioSafe,Molecule A,21,43,64
2025-03-01,HCP0005,Pulmonology,Mansoura,Delta,P0002,GlucoMax,Molecule B,10,51,61
2025-03-01,HCP0005,Pulmonology,Mansoura,Delta,P0003,Respira,Molecule C,24,88,112
2025-03-01,HCP0005,Pulmonology,Mansoura,Delta,P0004,PainFree,Molecule D,17,97,114
2025-03-01,HCP0005,Pulmonology,Mansoura,Delta,P0005,Infecto,Molecule E,38,56,94
2025-03-01,HCP0005,Pulmonology,Mansoura,Delta,P0006,NeuroCalm,Molecule F,39,81,120
2025-03-01,HCP0005,Pulmonology,Mansoura,Delta,P0007,ArthroRelief,Molecule G,15,43,58
2025-03-01,HCP0005,Pulmonology,Mansoura,Delta,P0008,Dermacare,Molecule H,16,44,60
2025-03-01,HCP0005,Pulmonology,Mansoura,Delta,P0009,LipiControl,Molecule I,13,38,51
2025-03-01,HCP0005,Pulmonology,Mansoura,Delta,P0010,GastroEase,Molecule J,8,34,42
2025-03-01,HCP0006,Neurology,Assiut,Upper Egypt,P0001,CardioSafe,Molecule A,28,59,87
2025-03-01,HCP0006,Neurology,Assiut,Upper Egypt,P0002,GlucoMax,Molecule B,23,86,109
2025-03-01,HCP0006,Neurology,Assiut,Upper Egypt,P0003,Respira,Molecule C,22,11,33
2025-03-01,HCP0006,Neurology,Assiut,Upper Egypt,P0004,PainFree,Molecule D,3,49,52
2025-03-01,HCP0006,Neurology,Assiut,Upper Egypt,P0005,Infecto,Molecule E,19,78,97
2025-03-01,HCP0006,Neurology,Assiut,Upper Egypt,P0006,NeuroCalm,Molecule F,29,62,91
2025-03-01,HCP0006,Neurology,Assiut,Upper Egypt,P0007,ArthroRelief,Molecule G,9,43,52
2025-03-01,HCP0006,Neurology,Assiut,Upper Egypt,P0008,Dermacare,Molecule H,22,23,45
2025-03-01,HCP0006,Neurology,Assiut,Upper Egypt,P0009,LipiControl,Molecule I,12,63,75
2025-03-01,HCP0006,Neurology,Assiut,Upper Egypt,P0010,GastroEase,Molecule J,35,73,108
2025-03-01,HCP0007,Dermatology,Cairo,Cairo East,P0001,CardioSafe,Molecule A,9,90,99
2025-03-01,HCP0007,Dermatology,Cairo,Cairo East,P0002,GlucoMax,Molecule B,12,91,103
2025-03-01,HCP0007,Dermatology,Cairo,Cairo East,P0003,Respira,Molecule C,28,20,48
2025-03-01,HCP0007,Dermatology,Cairo,Cairo East,P0004,PainFree,Molecule D,39,96,135
2025-03-01,HCP0007,Dermatology,Cairo,Cairo East,P0005,Infecto,Molecule E,35,57,92
2025-03-01,HCP0007,Dermatology,Cairo,Cairo East,P0006,NeuroCalm,Molecule F,25,42,67
2025-03-01,HCP0007,Dermatology,Cairo,Cairo East,P0007,ArthroRelief,Molecule G,10,46,56
2025-03-01,HCP0007,Dermatology,Cairo,Cairo East,P0008,Dermacare,Molecule H,27,63,90
2025-03-01,HCP0007,Dermatology,Cairo,Cairo East,P0009,LipiControl,Molecule I,37,64,101
2025-03-01,HCP0007,Dermatology,Cairo,Cairo East,P0010,GastroEase,Molecule J,29,16,45
2025-03-01,HCP0008,GP,Giza,Giza,P0001,CardioSafe,Molecule A,12,81,93
2025-03-01,HCP0008,GP,Giza,Giza,P0002,GlucoMax,Molecule B,33,56,89
2025-03-01,HCP0008,GP,Giza,Giza,P0003,Respira,Molecule C,8,15,23
2025-03-01,HCP0008,GP,Giza,Giza,P0004,PainFree,Molecule D,17,62,79
2025-03-01,HCP0008,GP,Giza,Giza,P0005,Infecto,Molecule E,31,30,61
2025-03-01,HCP0008,GP,Giza,Giza,P0006,NeuroCalm,Molecule F,14,54,68
2025-03-01,HCP0008,GP,Giza,Giza,P0007,ArthroRelief,Molecule G,36,9,45
2025-03-01,HCP0008,GP,Giza,Giza,P0008,Dermacare,Molecule H,34,16,50
2025-03-01,HCP0008,GP,Giza,Giza,P0009,LipiControl,Molecule I,10,14,24
2025-03-01,HCP0008,GP,Giza,Giza,P0010,GastroEase,Molecule J,34,64,98
2025-03-01,HCP0009,Cardiology,Alexandria,Alexandria,P0001,CardioSafe,Molecule A,6,72,78
2025-03-01,HCP0009,Cardiology,Alexandria,Alexandria,P0002,GlucoMax,Molecule B,26,82,108
2025-03-01,HCP0009,Cardiology,Alexandria,Alexandria,P0003,Respira,Molecule C,7,58,65
2025-03-01,HCP0009,Cardiology,Alexandria,Alexandria,P0004,PainFree,Molecule D,25,33,58
2025-03-01,HCP0009,Cardiology,Alexandria,Alexandria,P0005,Infecto,Molecule E,37,16,53
2025-03-01,HCP0009,Cardiology,Alexandria,Alexandria,P0006,NeuroCalm,Molecule F,22,52,74
2025-03-01,HCP0009,Cardiology,Alexandria,Alexandria,P0007,ArthroRelief,Molecule G,15,60,75
2025-03-01,HCP0009,Cardiology,Alexandria,Alexandria,P0008,Dermacare,Molecule H,19,5,24
2025-03-01,HCP0009,Cardiology,Alexandria,Alexandria,P0009,LipiControl,Molecule I,33,12,45
2025-03-01,HCP0009,Cardiology,Alexandria,Alexandria,P0010,GastroEase,Molecule J,36,10,46
2025-03-01,HCP0010,Orthopedics,Cairo,Cairo West,P0001,CardioSafe,Molecule A,25,91,116
2025-03-01,HCP0010,Orthopedics,Cairo,Cairo West,P0002,GlucoMax,Molecule B,31,51,82
2025-03-01,HCP0010,Orthopedics,Cairo,Cairo West,P0003,Respira,Molecule C,23,12,35
2025-03-01,HCP0010,Orthopedics,Cairo,Cairo West,P0004,PainFree,Molecule D,28,65,93
2025-03-01,HCP0010,Orthopedics,Cairo,Cairo West,P0005,Infecto,Molecule E,6,97,103
2025-03-01,HCP0010,Orthopedics,Cairo,Cairo West,P0006,NeuroCalm,Molecule F,12,98,110
2025-03-01,HCP0010,Orthopedics,Cairo,Cairo West,P0007,ArthroRelief,Molecule G,38,22,60
2025-03-01,HCP0010,Orthopedics,Cairo,Cairo West,P0008,Dermacare,Molecule H,34,68,102
2025-03-01,HCP0010,Orthopedics,Cairo,Cairo West,P0009,LipiControl,Molecule I,3,97,100
2025-03-01,HCP0010,Orthopedics,Cairo,Cairo West,P0010,GastroEase,Molecule J,29,26,55
2025-04-01,HCP0001,Cardiology,Cairo,Cairo East,P0001,CardioSafe,Molecule A,32,62,94
2025-04-01,HCP0001,Cardiology,Cairo,Cairo East,P0002,GlucoMax,Molecule B,14,88,102
2025-04-01,HCP0001,Cardiology,Cairo,Cairo East,P0003,Respira,Molecule C,3,65,68
2025-04-01,HCP0001,Cardiology,Cairo,Cairo East,P0004,PainFree,Molecule D,32,47,79
2025-04-01,HCP0001,Cardiology,Cairo,Cairo East,P0005,Infecto,Molecule E,31,12,43
2025-04-01,HCP0001,Cardiology,Cairo,Cairo East,P0006,NeuroCalm,Molecule F,2,16,18
2025-04-01,HCP0001,Cardiology,Cairo,Cairo East,P0007,ArthroRelief,Molecule G,26,53,79
2025-04-01,HCP0001,Cardiology,Cairo,Cairo East,P0008,Dermacare,Molecule H,15,91,106
2025-04-01,HCP0001,Cardiology,Cairo,Cairo East,P0009,LipiControl,Molecule I,37,68,105
2025-04-01,HCP0001,Cardiology,Cairo,Cairo East,P0010,GastroEase,Molecule J,32,66,98
2025-04-01,HCP0002,Internal Medicine,Cairo,Cairo West,P0001,CardioSafe,Molecule A,26,13,39
2025-04-01,HCP0002,Internal Medicine,Cairo,Cairo West,P0002,GlucoMax,Molecule B,27,49,76
2025-04-01,HCP0002,Internal Medicine,Cairo,Cairo West,P0003,Respira,Molecule C,36,90,126
2025-04-01,HCP0002,Internal Medicine,Cairo,Cairo West,P0004,PainFree,Molecule D,5,86,91
2025-04-01,HCP0002,Internal Medicine,Cairo,Cairo West,P0005,Infecto,Molecule E,34,67,101
2025-04-01,HCP0002,Internal Medicine,Cairo,Cairo West,P0006,NeuroCalm,Molecule F,20,71,91
2025-04-01,HCP0002,Internal Medicine,Cairo,Cairo West,P0007,ArthroRelief,Molecule G,9,63,72
2025-04-01,HCP0002,Internal Medicine,Cairo,Cairo West,P0008,Dermacare,Molecule H,28,52,80
2025-04-01,HCP0002,Internal Medicine,Cairo,Cairo West,P0009,LipiControl,Molecule I,33,48,81
2025-04-01,HCP0002,Internal Medicine,Cairo,Cairo West,P0010,GastroEase,Molecule J,27,88,115
2025-04-01,HCP0003,Endocrinology,Giza,Giza,P0001,CardioSafe,Molecule A,16,89,105
2025-04-01,HCP0003,Endocrinology,Giza,Giza,P0002,GlucoMax,Molecule B,30,34,64
2025-04-01,HCP0003,Endocrinology,Giza,Giza,P0003,Respira,Molecule C,37,11,48
2025-04-01,HCP0003,Endocrinology,Giza,Giza,P0004,PainFree,Molecule D,9,94,103
2025-04-01,HCP0003,Endocrinology,Giza,Giza,P0005,Infecto,Molecule E,33,96,129
2025-04-01,HCP0003,Endocrinology,Giza,Giza,P0006,NeuroCalm,Molecule F,38,94,132
2025-04-01,HCP0003,Endocrinology,Giza,Giza,P0007,ArthroRelief,Molecule G,18,29,47
2025-04-01,HCP0003,Endocrinology,Giza,Giza,P0008,Dermacare,Molecule H,24,9,33
2025-04-01,HCP0003,Endocrinology,Giza,Giza,P0009,LipiControl,Molecule I,9,13,22
2025-04-01,HCP0003,Endocrinology,Giza,Giza,P0010,GastroEase,Molecule J,6,47,53
2025-04-01,HCP0004,Pediatrics,Alexandria,Alexandria,P0001,CardioSafe,Molecule A,26,18,44
2025-04-01,HCP0004,Pediatrics,Alexandria,Alexandria,P0002,GlucoMax,Molecule B,3,50,53
2025-04-01,HCP0004,Pediatrics,Alexandria,Alexandria,P0003,Respira,Molecule C,30,96,126
2025-04-01,HCP0004,Pediatrics,Alexandria,Alexandria,P0004,PainFree,Molecule D,19,45,64
2025-04-01,HCP0004,Pediatrics,Alexandria,Alexandria,P0005,Infecto,Molecule E,26,24,50
2025-04-01,HCP0004,Pediatrics,Alexandria,Alexandria,P0006,NeuroCalm,Molecule F,39,81,120
2025-04-01,HCP0004,Pediatrics,Alexandria,Alexandria,P0007,ArthroRelief,Molecule G,23,61,84
2025-04-01,HCP0004,Pediatrics,Alexandria,Alexandria,P0008,Dermacare,Molecule H,26,98,124
2025-04-01,HCP0004,Pediatrics,Alexandria,Alexandria,P0009,LipiControl,Molecule I,10,31,41
2025-04-01,HCP0004,Pediatrics,Alexandria,Alexandria,P0010,GastroEase,Molecule J,21,64,85
2025-04-01,HCP0005,Pulmonology,Mansoura,Delta,P0001,CardioSafe,Molecule A,27,61,88
2025-04-01,HCP0005,Pulmonology,Mansoura,Delta,P0002,GlucoMax,Molecule B,35,47,82
2025-04-01,HCP0005,Pulmonology,Mansoura,Delta,P0003,Respira,Molecule C,39,95,134
2025-04-01,HCP0005,Pulmonology,Mansoura,Delta,P0004,PainFree,Molecule D,24,52,76
2025-04-01,HCP0005,Pulmonology,Mansoura,Delta,P0005,Infecto,Molecule E,9,83,92
2025-04-01,HCP0005,Pulmonology,Mansoura,Delta,P0006,NeuroCalm,Molecule F,4,73,77
2025-04-01,HCP0005,Pulmonology,Mansoura,Delta,P0007,ArthroRelief,Molecule G,29,55,84
2025-04-01,HCP0005,Pulmonology,Mansoura,Delta,P0008,Dermacare,Molecule H,35,99,134
2025-04-01,HCP0005,Pulmonology,Mansoura,Delta,P0009,LipiControl,Molecule I,10,6,16
2025-04-01,HCP0005,Pulmonology,Mansoura,Delta,P0010,GastroEase,Molecule J,38,61,99
2025-04-01,HCP0006,Neurology,Assiut,Upper Egypt,P0001,CardioSafe,Molecule A,8,87,95
2025-04-01,HCP0006,Neurology,Assiut,Upper Egypt,P0002,GlucoMax,Molecule B,24,33,57
2025-04-01,HCP0006,Neurology,Assiut,Upper Egypt,P0003,Respira,Molecule C,3,17,20
2025-04-01,HCP0006,Neurology,Assiut,Upper Egypt,P0004,PainFree,Molecule D,39,48,87
2025-04-01,HCP0006,Neurology,Assiut,Upper Egypt,P0005,Infecto,Molecule E,29,57,86
2025-04-01,HCP0006,Neurology,Assiut,Upper Egypt,P0006,NeuroCalm,Molecule F,24,9,33
2025-04-01,HCP0006,Neurology,Assiut,Upper Egypt,P0007,ArthroRelief,Molecule G,25,31,56
2025-04-01,HCP0006,Neurology,Assiut,Upper Egypt,P0008,Dermacare,Molecule H,32,68,100
2025-04-01,HCP0006,Neurology,Assiut,Upper Egypt,P0009,LipiControl,Molecule I,37,16,53
2025-04-01,HCP0006,Neurology,Assiut,Upper Egypt,P0010,GastroEase,Molecule J,24,62,86
2025-04-01,HCP0007,Dermatology,Cairo,Cairo East,P0001,CardioSafe,Molecule A,25,68,93
2025-04-01,HCP0007,Dermatology,Cairo,Cairo East,P0002,GlucoMax,Molecule B,29,54,83
2025-04-01,HCP0007,Dermatology,Cairo,Cairo East,P0003,Respira,Molecule C,39,30,69
2025-04-01,HCP0007,Dermatology,Cairo,Cairo East,P0004,PainFree,Molecule D,17,37,54
2025-04-01,HCP0007,Dermatology,Cairo,Cairo East,P0005,Infecto,Molecule E,28,23,51
2025-04-01,HCP0007,Dermatology,Cairo,Cairo East,P0006,NeuroCalm,Molecule F,33,61,94
2025-04-01,HCP0007,Dermatology,Cairo,Cairo East,P0007,ArthroRelief,Molecule G,14,15,29
2025-04-01,HCP0007,Dermatology,Cairo,Cairo East,P0008,Dermacare,Molecule H,36,8,44
2025-04-01,HCP0007,Dermatology,Cairo,Cairo East,P0009,LipiControl,Molecule I,22,16,38
2025-04-01,HCP0007,Dermatology,Cairo,Cairo East,P0010,GastroEase,Molecule J,34,76,110
2025-04-01,HCP0008,GP,Giza,Giza,P0001,CardioSafe,Molecule A,16,85,101
2025-04-01,HCP0008,GP,Giza,Giza,P0002,GlucoMax,Molecule B,2,97,99
2025-04-01,HCP0008,GP,Giza,Giza,P0003,Respira,Molecule C,26,95,121
2025-04-01,HCP0008,GP,Giza,Giza,P0004,PainFree,Molecule D,19,51,70
2025-04-01,HCP0008,GP,Giza,Giza,P0005,Infecto,Molecule E,9,78,87
2025-04-01,HCP0008,GP,Giza,Giza,P0006,NeuroCalm,Molecule F,24,33,57
2025-04-01,HCP0008,GP,Giza,Giza,P0007,ArthroRelief,Molecule G,21,77,98
2025-04-01,HCP0008,GP,Giza,Giza,P0008,Dermacare,Molecule H,31,53,84
2025-04-01,HCP0008,GP,Giza,Giza,P0009,LipiControl,Molecule I,37,82,119
2025-04-01,HCP0008,GP,Giza,Giza,P0010,GastroEase,Molecule J,39,56,95
2025-04-01,HCP0009,Cardiology,Alexandria,Alexandria,P0001,CardioSafe,Molecule A,20,51,71
2025-04-01,HCP0009,Cardiology,Alexandria,Alexandria,P0002,GlucoMax,Molecule B,15,59,74
2025-04-01,HCP0009,Cardiology,Alexandria,Alexandria,P0003,Respira,Molecule C,19,78,97
2025-04-01,HCP0009,Cardiology,Alexandria,Alexandria,P0004,PainFree,Molecule D,5,71,76
2025-04-01,HCP0009,Cardiology,Alexandria,Alexandria,P0005,Infecto,Molecule E,30,85,115
2025-04-01,HCP0009,Cardiology,Alexandria,Alexandria,P0006,NeuroCalm,Molecule F,33,35,68
2025-04-01,HCP0009,Cardiology,Alexandria,Alexandria,P0007,ArthroRelief,Molecule G,31,14,45
2025-04-01,HCP0009,Cardiology,Alexandria,Alexandria,P0008,Dermacare,Molecule H,34,93,127
2025-04-01,HCP0009,Cardiology,Alexandria,Alexandria,P0009,LipiControl,Molecule I,37,21,58
2025-04-01,HCP0009,Cardiology,Alexandria,Alexandria,P0010,GastroEase,Molecule J,3,51,54
2025-04-01,HCP0010,Orthopedics,Cairo,Cairo West,P0001,CardioSafe,Molecule A,21,76,97
2025-04-01,HCP0010,Orthopedics,Cairo,Cairo West,P0002,GlucoMax,Molecule B,12,69,81
2025-04-01,HCP0010,Orthopedics,Cairo,Cairo West,P0003,Respira,Molecule C,37,18,55
2025-04-01,HCP0010,Orthopedics,Cairo,Cairo West,P0004,PainFree,Molecule D,35,59,94
2025-04-01,HCP0010,Orthopedics,Cairo,Cairo West,P0005,Infecto,Molecule E,10,23,33
2025-04-01,HCP0010,Orthopedics,Cairo,Cairo West,P0006,NeuroCalm,Molecule F,18,64,82
2025-04-01,HCP0010,Orthopedics,Cairo,Cairo West,P0007,ArthroRelief,Molecule G,25,20,45
2025-04-01,HCP0010,Orthopedics,Cairo,Cairo West,P0008,Dermacare,Molecule H,15,54,69
2025-04-01,HCP0010,Orthopedics,Cairo,Cairo West,P0009,LipiControl,Molecule I,19,56,75
2025-04-01,HCP0010,Orthopedics,Cairo,Cairo West,P0010,GastroEase,Molecule J,33,92,125
2025-05-01,HCP0001,Cardiology,Cairo,Cairo East,P0001,CardioSafe,Molecule A,35,62,97
2025-05-01,HCP0001,Cardiology,Cairo,Cairo East,P0002,GlucoMax,Molecule B,35,67,102
2025-05-01,HCP0001,Cardiology,Cairo,Cairo East,P0003,Respira,Molecule C,19,41,60
2025-05-01,HCP0001,Cardiology,Cairo,Cairo East,P0004,PainFree,Molecule D,27,94,121
2025-05-01,HCP0001,Cardiology,Cairo,Cairo East,P0005,Infecto,Molecule E,3,23,26
2025-05-01,HCP0001,Cardiology,Cairo,Cairo East,P0006,NeuroCalm,Molecule F,22,6,28
2025-05-01,HCP0001,Cardiology,Cairo,Cairo East,P0007,ArthroRelief,Molecule G,19,25,44
2025-05-01,HCP0001,Cardiology,Cairo,Cairo East,P0008,Dermacare,Molecule H,6,62,68
2025-05-01,HCP0001,Cardiology,Cairo,Cairo East,P0009,LipiControl,Molecule I,26,19,45
2025-05-01,HCP0001,Cardiology,Cairo,Cairo East,P0010,GastroEase,Molecule J,10,97,107
2025-05-01,HCP0002,Internal Medicine,Cairo,Cairo West,P0001,CardioSafe,Molecule A,30,17,47
2025-05-01,HCP0002,Internal Medicine,Cairo,Cairo West,P0002,GlucoMax,Molecule B,28,81,109
2025-05-01,HCP0002,Internal Medicine,Cairo,Cairo West,P0003,Respira,Molecule C,23,91,114
2025-05-01,HCP0002,Internal Medicine,Cairo,Cairo West,P0004,PainFree,Molecule D,35,81,116
2025-05-01,HCP0002,Internal Medicine,Cairo,Cairo West,P0005,Infecto,Molecule E,27,79,106
2025-05-01,HCP0002,Internal Medicine,Cairo,Cairo West,P0006,NeuroCalm,Molecule F,27,91,118
2025-05-01,HCP0002,Internal Medicine,Cairo,Cairo West,P0007,ArthroRelief,Molecule G,36,92,128
2025-05-01,HCP0002,Internal Medicine,Cairo,Cairo West,P0008,Dermacare,Molecule H,3,10,13
2025-05-01,HCP0002,Internal Medicine,Cairo,Cairo West,P0009,LipiControl,Molecule I,8,5,13
2025-05-01,HCP0002,Internal Medicine,Cairo,Cairo West,P0010,GastroEase,Molecule J,12,99,111
2025-05-01,HCP0003,Endocrinology,Giza,Giza,P0001,CardioSafe,Molecule A,39,82,121
2025-05-01,HCP0003,Endocrinology,Giza,Giza,P0002,GlucoMax,Molecule B,22,47,69
2025-05-01,HCP0003,Endocrinology,Giza,Giza,P0003,Respira,Molecule C,21,97,118
2025-05-01,HCP0003,Endocrinology,Giza,Giza,P0004,PainFree,Molecule D,38,90,128
2025-05-01,HCP0003,Endocrinology,Giza,Giza,P0005,Infecto,Molecule E,39,43,82
2025-05-01,HCP0003,Endocrinology,Giza,Giza,P0006,NeuroCalm,Molecule F,27,29,56
2025-05-01,HCP0003,Endocrinology,Giza,Giza,P0007,ArthroRelief,Molecule G,25,13,38
2025-05-01,HCP0003,Endocrinology,Giza,Giza,P0008,Dermacare,Molecule H,7,83,90
2025-05-01,HCP0003,Endocrinology,Giza,Giza,P0009,LipiControl,Molecule I,28,62,90
2025-05-01,HCP0003,Endocrinology,Giza,Giza,P0010,GastroEase,Molecule J,24,97,121
2025-05-01,HCP0004,Pediatrics,Alexandria,Alexandria,P0001,CardioSafe,Molecule A,29,49,78
2025-05-01,HCP0004,Pediatrics,Alexandria,Alexandria,P0002,GlucoMax,Molecule B,6,57,63
2025-05-01,HCP0004,Pediatrics,Alexandria,Alexandria,P0003,Respira,Molecule C,11,54,65
2025-05-01,HCP0004,Pediatrics,Alexandria,Alexandria,P0004,PainFree,Molecule D,30,96,126
2025-05-01,HCP0004,Pediatrics,Alexandria,Alexandria,P0005,Infecto,Molecule E,32,51,83
2025-05-01,HCP0004,Pediatrics,Alexandria,Alexandria,P0006,NeuroCalm,Molecule F,23,57,80
2025-05-01,HCP0004,Pediatrics,Alexandria,Alexandria,P0007,ArthroRelief,Molecule G,22,48,70
2025-05-01,HCP0004,Pediatrics,Alexandria,Alexandria,P0008,Dermacare,Molecule H,12,62,74
2025-05-01,HCP0004,Pediatrics,Alexandria,Alexandria,P0009,LipiControl,Molecule I,30,58,88
2025-05-01,HCP0004,Pediatrics,Alexandria,Alexandria,P0010,GastroEase,Molecule J,17,35,52
2025-05-01,HCP0005,Pulmonology,Mansoura,Delta,P0001,CardioSafe,Molecule A,13,95,108
2025-05-01,HCP0005,Pulmonology,Mansoura,Delta,P0002,GlucoMax,Molecule B,2,40,42
2025-05-01,HCP0005,Pulmonology,Mansoura,Delta,P0003,Respira,Molecule C,15,65,80
2025-05-01,HCP0005,Pulmonology,Mansoura,Delta,P0004,PainFree,Molecule D,17,63,80
2025-05-01,HCP0005,Pulmonology,Mansoura,Delta,P0005,Infecto,Molecule E,7,74,81
2025-05-01,HCP0005,Pulmonology,Mansoura,Delta,P0006,NeuroCalm,Molecule F,10,59,69
2025-05-01,HCP0005,Pulmonology,Mansoura,Delta,P0007,ArthroRelief,Molecule G,17,46,63
2025-05-01,HCP0005,Pulmonology,Mansoura,Delta,P0008,Dermacare,Molecule H,4,24,28
2025-05-01,HCP0005,Pulmonology,Mansoura,Delta,P0009,LipiControl,Molecule I,14,28,42
2025-05-01,HCP0005,Pulmonology,Mansoura,Delta,P0010,GastroEase,Molecule J,26,66,92
2025-05-01,HCP0006,Neurology,Assiut,Upper Egypt,P0001,CardioSafe,Molecule A,30,74,104
2025-05-01,HCP0006,Neurology,Assiut,Upper Egypt,P0002,GlucoMax,Molecule B,32,10,42
2025-05-01,HCP0006,Neurology,Assiut,Upper Egypt,P0003,Respira,Molecule C,24,68,92
2025-05-01,HCP0006,Neurology,Assiut,Upper Egypt,P0004,PainFree,Molecule D,22,47,69
2025-05-01,HCP0006,Neurology,Assiut,Upper Egypt,P0005,Infecto,Molecule E,22,65,87
2025-05-01,HCP0006,Neurology,Assiut,Upper Egypt,P0006,NeuroCalm,Molecule F,26,42,68
2025-05-01,HCP0006,Neurology,Assiut,Upper Egypt,P0007,ArthroRelief,Molecule G,20,98,118
2025-05-01,HCP0006,Neurology,Assiut,Upper Egypt,P0008,Dermacare,Molecule H,11,79,90
2025-05-01,HCP0006,Neurology,Assiut,Upper Egypt,P0009,LipiControl,Molecule I,38,7,45
2025-05-01,HCP0006,Neurology,Assiut,Upper Egypt,P0010,GastroEase,Molecule J,18,72,90
2025-05-01,HCP0007,Dermatology,Cairo,Cairo East,P0001,CardioSafe,Molecule A,21,82,103
2025-05-01,HCP0007,Dermatology,Cairo,Cairo East,P0002,GlucoMax,Molecule B,32,13,45
2025-05-01,HCP0007,Dermatology,Cairo,Cairo East,P0003,Respira,Molecule C,18,88,106
2025-05-01,HCP0007,Dermatology,Cairo,Cairo East,P0004,PainFree,Molecule D,14,44,58
2025-05-01,HCP0007,Dermatology,Cairo,Cairo East,P0005,Infecto,Molecule E,30,18,48
2025-05-01,HCP0007,Dermatology,Cairo,Cairo East,P0006,NeuroCalm,Molecule F,25,8,33
2025-05-01,HCP0007,Dermatology,Cairo,Cairo East,P0007,ArthroRelief,Molecule G,30,25,55
2025-05-01,HCP0007,Dermatology,Cairo,Cairo East,P0008,Dermacare,Molecule H,35,59,94
2025-05-01,HCP0007,Dermatology,Cairo,Cairo East,P0009,LipiControl,Molecule I,37,70,107
2025-05-01,HCP0007,Dermatology,Cairo,Cairo East,P0010,GastroEase,Molecule J,32,26,58
2025-05-01,HCP0008,GP,Giza,Giza,P0001,CardioSafe,Molecule A,22,8,30
2025-05-01,HCP0008,GP,Giza,Giza,P0002,GlucoMax,Molecule B,10,39,49
2025-05-01,HCP0008,GP,Giza,Giza,P0003,Respira,Molecule C,33,95,128
2025-05-01,HCP0008,GP,Giza,Giza,P0004,PainFree,Molecule D,6,67,73
2025-05-01,HCP0008,GP,Giza,Giza,P0005,Infecto,Molecule E,13,42,55
2025-05-01,HCP0008,GP,Giza,Giza,P0006,NeuroCalm,Molecule F,15,21,36
2025-05-01,HCP0008,GP,Giza,Giza,P0007,ArthroRelief,Molecule G,26,24,50
2025-05-01,HCP0008,GP,Giza,Giza,P0008,Dermacare,Molecule H,34,29,63
2025-05-01,HCP0008,GP,Giza,Giza,P0009,LipiControl,Molecule I,14,27,41
2025-05-01,HCP0008,GP,Giza,Giza,P0010,GastroEase,Molecule J,34,31,65
2025-05-01,HCP0009,Cardiology,Alexandria,Alexandria,P0001,CardioSafe,Molecule A,3,34,37
2025-05-01,HCP0009,Cardiology,Alexandria,Alexandria,P0002,GlucoMax,Molecule B,38,59,97
2025-05-01,HCP0009,Cardiology,Alexandria,Alexandria,P0003,Respira,Molecule C,6,49,55
2025-05-01,HCP0009,Cardiology,Alexandria,Alexandria,P0004,PainFree,Molecule D,39,99,138
2025-05-01,HCP0009,Cardiology,Alexandria,Alexandria,P0005,Infecto,Molecule E,39,55,94
2025-05-01,HCP0009,Cardiology,Alexandria,Alexandria,P0006,NeuroCalm,Molecule F,22,6,28
2025-05-01,HCP0009,Cardiology,Alexandria,Alexandria,P0007,ArthroRelief,Molecule G,20,69,89
2025-05-01,HCP0009,Cardiology,Alexandria,Alexandria,P0008,Dermacare,Molecule H,6,65,71
2025-05-01,HCP0009,Cardiology,Alexandria,Alexandria,P0009,LipiControl,Molecule I,33,58,91
2025-05-01,HCP0009,Cardiology,Alexandria,Alexandria,P0010,GastroEase,Molecule J,35,94,129
2025-05-01,HCP0010,Orthopedics,Cairo,Cairo West,P0001,CardioSafe,Molecule A,19,97,116
2025-05-01,HCP0010,Orthopedics,Cairo,Cairo West,P0002,GlucoMax,Molecule B,27,28,55
2025-05-01,HCP0010,Orthopedics,Cairo,Cairo West,P0003,Respira,Molecule C,33,94,127
2025-05-01,HCP0010,Orthopedics,Cairo,Cairo West,P0004,PainFree,Molecule D,26,64,90
2025-05-01,HCP0010,Orthopedics,Cairo,Cairo West,P0005,Infecto,Molecule E,12,49,61
2025-05-01,HCP0010,Orthopedics,Cairo,Cairo West,P0006,NeuroCalm,Molecule F,11,86,97
2025-05-01,HCP0010,Orthopedics,Cairo,Cairo West,P0007,ArthroRelief,Molecule G,7,80,87
2025-05-01,HCP0010,Orthopedics,Cairo,Cairo West,P0008,Dermacare,Molecule H,15,85,100
2025-05-01,HCP0010,Orthopedics,Cairo,Cairo West,P0009,LipiControl,Molecule I,17,54,71
2025-05-01,HCP0010,Orthopedics,Cairo,Cairo West,P0010,GastroEase,Molecule J,33,91,124
2025-06-01,HCP0001,Cardiology,Cairo,Cairo East,P0001,CardioSafe,Molecule A,14,71,85
2025-06-01,HCP0001,Cardiology,Cairo,Cairo East,P0002,GlucoMax,Molecule B,9,36,45
2025-06-01,HCP0001,Cardiology,Cairo,Cairo East,P0003,Respira,Molecule C,3,88,91
2025-06-01,HCP0001,Cardiology,Cairo,Cairo East,P0004,PainFree,Molecule D,22,36,58
2025-06-01,HCP0001,Cardiology,Cairo,Cairo East,P0005,Infecto,Molecule E,19,60,79
2025-06-01,HCP0001,Cardiology,Cairo,Cairo East,P0006,NeuroCalm,Molecule F,30,89,119
2025-06-01,HCP0001,Cardiology,Cairo,Cairo East,P0007,ArthroRelief,Molecule G,37,64,101
2025-06-01,HCP0001,Cardiology,Cairo,Cairo East,P0008,Dermacare,Molecule H,16,46,62
2025-06-01,HCP0001,Cardiology,Cairo,Cairo East,P0009,LipiControl,Molecule I,34,89,123
2025-06-01,HCP0001,Cardiology,Cairo,Cairo East,P0010,GastroEase,Molecule J,26,73,99
2025-06-01,HCP0002,Internal Medicine,Cairo,Cairo West,P0001,CardioSafe,Molecule A,21,91,112
2025-06-01,HCP0002,Internal Medicine,Cairo,Cairo West,P0002,GlucoMax,Molecule B,5,95,100
2025-06-01,HCP0002,Internal Medicine,Cairo,Cairo West,P0003,Respira,Molecule C,27,13,40
2025-06-01,HCP0002,Internal Medicine,Cairo,Cairo West,P0004,PainFree,Molecule D,5,60,65
2025-06-01,HCP0002,Internal Medicine,Cairo,Cairo West,P0005,Infecto,Molecule E,6,45,51
2025-06-01,HCP0002,Internal Medicine,Cairo,Cairo West,P0006,NeuroCalm,Molecule F,2,9,11
2025-06-01,HCP0002,Internal Medicine,Cairo,Cairo West,P0007,ArthroRelief,Molecule G,25,16,41
2025-06-01,HCP0002,Internal Medicine,Cairo,Cairo West,P0008,Dermacare,Molecule H,21,32,53
2025-06-01,HCP0002,Internal Medicine,Cairo,Cairo West,P0009,LipiControl,Molecule I,14,45,59
2025-06-01,HCP0002,Internal Medicine,Cairo,Cairo West,P0010,GastroEase,Molecule J,19,36,55
2025-06-01,HCP0003,Endocrinology,Giza,Giza,P0001,CardioSafe,Molecule A,37,86,123
2025-06-01,HCP0003,Endocrinology,Giza,Giza,P0002,GlucoMax,Molecule B,18,9,27
2025-06-01,HCP0003,Endocrinology,Giza,Giza,P0003,Respira,Molecule C,38,8,46
2025-06-01,HCP0003,Endocrinology,Giza,Giza,P0004,PainFree,Molecule D,37,38,75
2025-06-01,HCP0003,Endocrinology,Giza,Giza,P0005,Infecto,Molecule E,27,16,43
2025-06-01,HCP0003,Endocrinology,Giza,Giza,P0006,NeuroCalm,Molecule F,31,96,127
2025-06-01,HCP0003,Endocrinology,Giza,Giza,P0007,ArthroRelief,Molecule G,8,84,92
2025-06-01,HCP0003,Endocrinology,Giza,Giza,P0008,Dermacare,Molecule H,4,44,48
2025-06-01,HCP0003,Endocrinology,Giza,Giza,P0009,LipiControl,Molecule I,37,93,130
2025-06-01,HCP0003,Endocrinology,Giza,Giza,P0010,GastroEase,Molecule J,7,56,63
2025-06-01,HCP0004,Pediatrics,Alexandria,Alexandria,P0001,CardioSafe,Molecule A,35,23,58
2025-06-01,HCP0004,Pediatrics,Alexandria,Alexandria,P0002,GlucoMax,Molecule B,9,70,79
2025-06-01,HCP0004,Pediatrics,Alexandria,Alexandria,P0003,Respira,Molecule C,9,56,65
2025-06-01,HCP0004,Pediatrics,Alexandria,Alexandria,P0004,PainFree,Molecule D,7,40,47
2025-06-01,HCP0004,Pediatrics,Alexandria,Alexandria,P0005,Infecto,Molecule E,31,14,45
2025-06-01,HCP0004,Pediatrics,Alexandria,Alexandria,P0006,NeuroCalm,Molecule F,3,39,42
2025-06-01,HCP0004,Pediatrics,Alexandria,Alexandria,P0007,ArthroRelief,Molecule G,15,40,55
2025-06-01,HCP0004,Pediatrics,Alexandria,Alexandria,P0008,Dermacare,Molecule H,17,42,59
2025-06-01,HCP0004,Pediatrics,Alexandria,Alexandria,P0009,LipiControl,Molecule I,16,86,102
2025-06-01,HCP0004,Pediatrics,Alexandria,Alexandria,P0010,GastroEase,Molecule J,22,18,40
2025-06-01,HCP0005,Pulmonology,Mansoura,Delta,P0001,CardioSafe,Molecule A,24,26,50
2025-06-01,HCP0005,Pulmonology,Mansoura,Delta,P0002,GlucoMax,Molecule B,19,86,105
2025-06-01,HCP0005,Pulmonology,Mansoura,Delta,P0003,Respira,Molecule C,29,51,80
2025-06-01,HCP0005,Pulmonology,Mansoura,Delta,P0004,PainFree,Molecule D,18,56,74
2025-06-01,HCP0005,Pulmonology,Mansoura,Delta,P0005,Infecto,Molecule E,29,83,112
2025-06-01,HCP0005,Pulmonology,Mansoura,Delta,P0006,NeuroCalm,Molecule F,6,40,46
2025-06-01,HCP0005,Pulmonology,Mansoura,Delta,P0007,ArthroRelief,Molecule G,35,99,134
2025-06-01,HCP0005,Pulmonology,Mansoura,Delta,P0008,Dermacare,Molecule H,38,22,60
2025-06-01,HCP0005,Pulmonology,Mansoura,Delta,P0009,LipiControl,Molecule I,11,24,35
2025-06-01,HCP0005,Pulmonology,Mansoura,Delta,P0010,GastroEase,Molecule J,13,74,87
2025-06-01,HCP0006,Neurology,Assiut,Upper Egypt,P0001,CardioSafe,Molecule A,35,88,123
2025-06-01,HCP0006,Neurology,Assiut,Upper Egypt,P0002,GlucoMax,Molecule B,19,29,48
2025-06-01,HCP0006,Neurology,Assiut,Upper Egypt,P0003,Respira,Molecule C,18,38,56
2025-06-01,HCP0006,Neurology,Assiut,Upper Egypt,P0004,PainFree,Molecule D,35,73,108
2025-06-01,HCP0006,Neurology,Assiut,Upper Egypt,P0005,Infecto,Molecule E,3,65,68
2025-06-01,HCP0006,Neurology,Assiut,Upper Egypt,P0006,NeuroCalm,Molecule F,7,31,38
2025-06-01,HCP0006,Neurology,Assiut,Upper Egypt,P0007,ArthroRelief,Molecule G,34,94,128
2025-06-01,HCP0006,Neurology,Assiut,Upper Egypt,P0008,Dermacare,Molecule H,5,20,25
2025-06-01,HCP0006,Neurology,Assiut,Upper Egypt,P0009,LipiControl,Molecule I,18,76,94
2025-06-01,HCP0006,Neurology,Assiut,Upper Egypt,P0010,GastroEase,Molecule J,21,44,65
2025-06-01,HCP0007,Dermatology,Cairo,Cairo East,P0001,CardioSafe,Molecule A,7,41,48
2025-06-01,HCP0007,Dermatology,Cairo,Cairo East,P0002,GlucoMax,Molecule B,4,45,49
2025-06-01,HCP0007,Dermatology,Cairo,Cairo East,P0003,Respira,Molecule C,33,43,76
2025-06-01,HCP0007,Dermatology,Cairo,Cairo East,P0004,PainFree,Molecule D,7,35,42
2025-06-01,HCP0007,Dermatology,Cairo,Cairo East,P0005,Infecto,Molecule E,23,17,40
2025-06-01,HCP0007,Dermatology,Cairo,Cairo East,P0006,NeuroCalm,Molecule F,27,28,55
2025-06-01,HCP0007,Dermatology,Cairo,Cairo East,P0007,ArthroRelief,Molecule G,31,76,107
2025-06-01,HCP0007,Dermatology,Cairo,Cairo East,P0008,Dermacare,Molecule H,13,69,82
2025-06-01,HCP0007,Dermatology,Cairo,Cairo East,P0009,LipiControl,Molecule I,23,31,54
2025-06-01,HCP0007,Dermatology,Cairo,Cairo East,P0010,GastroEase,Molecule J,8,35,43
2025-06-01,HCP0008,GP,Giza,Giza,P0001,CardioSafe,Molecule A,7,9,16
2025-06-01,HCP0008,GP,Giza,Giza,P0002,GlucoMax,Molecule B,35,81,116
2025-06-01,HCP0008,GP,Giza,Giza,P0003,Respira,Molecule C,33,87,120
2025-06-01,HCP0008,GP,Giza,Giza,P0004,PainFree,Molecule D,39,20,59
2025-06-01,HCP0008,GP,Giza,Giza,P0005,Infecto,Molecule E,28,59,87
2025-06-01,HCP0008,GP,Giza,Giza,P0006,NeuroCalm,Molecule F,37,39,76
2025-06-01,HCP0008,GP,Giza,Giza,P0007,ArthroRelief,Molecule G,37,68,105
2025-06-01,HCP0008,GP,Giza,Giza,P0008,Dermacare,Molecule H,20,92,112
2025-06-01,HCP0008,GP,Giza,Giza,P0009,LipiControl,Molecule I,2,97,99
2025-06-01,HCP0008,GP,Giza,Giza,P0010,GastroEase,Molecule J,37,59,96
2025-06-01,HCP0009,Cardiology,Alexandria,Alexandria,P0001,CardioSafe,Molecule A,37,30,67
2025-06-01,HCP0009,Cardiology,Alexandria,Alexandria,P0002,GlucoMax,Molecule B,8,77,85
2025-06-01,HCP0009,Cardiology,Alexandria,Alexandria,P0003,Respira,Molecule C,36,99,135
2025-06-01,HCP0009,Cardiology,Alexandria,Alexandria,P0004,PainFree,Molecule D,23,43,66
2025-06-01,HCP0009,Cardiology,Alexandria,Alexandria,P0005,Infecto,Molecule E,33,47,80
2025-06-01,HCP0009,Cardiology,Alexandria,Alexandria,P0006,NeuroCalm,Molecule F,24,97,121
2025-06-01,HCP0009,Cardiology,Alexandria,Alexandria,P0007,ArthroRelief,Molecule G,22,81,103
2025-06-01,HCP0009,Cardiology,Alexandria,Alexandria,P0008,Dermacare,Molecule H,30,36,66
2025-06-01,HCP0009,Cardiology,Alexandria,Alexandria,P0009,LipiControl,Molecule I,5,83,88
2025-06-01,HCP0009,Cardiology,Alexandria,Alexandria,P0010,GastroEase,Molecule J,17,31,48
2025-06-01,HCP0010,Orthopedics,Cairo,Cairo West,P0001,CardioSafe,Molecule A,24,60,84
2025-06-01,HCP0010,Orthopedics,Cairo,Cairo West,P0002,GlucoMax,Molecule B,36,87,123
2025-06-01,HCP0010,Orthopedics,Cairo,Cairo West,P0003,Respira,Molecule C,2,77,79
2025-06-01,HCP0010,Orthopedics,Cairo,Cairo West,P0004,PainFree,Molecule D,8,76,84
2025-06-01,HCP0010,Orthopedics,Cairo,Cairo West,P0005,Infecto,Molecule E,27,14,41
2025-06-01,HCP0010,Orthopedics,Cairo,Cairo West,P0006,NeuroCalm,Molecule F,28,53,81
2025-06-01,HCP0010,Orthopedics,Cairo,Cairo West,P0007,ArthroRelief,Molecule G,14,65,79
2025-06-01,HCP0010,Orthopedics,Cairo,Cairo West,P0008,Dermacare,Molecule H,16,93,109
2025-06-01,HCP0010,Orthopedics,Cairo,Cairo West,P0009,LipiControl,Molecule I,15,40,55
2025-06-01,HCP0010,Orthopedics,Cairo,Cairo West,P0010,GastroEase,Molecule J,15,64,79
2025-07-01,HCP0001,Cardiology,Cairo,Cairo East,P0001,CardioSafe,Molecule A,8,97,105
2025-07-01,HCP0001,Cardiology,Cairo,Cairo East,P0002,GlucoMax,Molecule B,2,54,56
2025-07-01,HCP0001,Cardiology,Cairo,Cairo East,P0003,Respira,Molecule C,32,59,91
2025-07-01,HCP0001,Cardiology,Cairo,Cairo East,P0004,PainFree,Molecule D,6,52,58
2025-07-01,HCP0001,Cardiology,Cairo,Cairo East,P0005,Infecto,Molecule E,22,89,111
2025-07-01,HCP0001,Cardiology,Cairo,Cairo East,P0006,NeuroCalm,Molecule F,7,77,84
2025-07-01,HCP0001,Cardiology,Cairo,Cairo East,P0007,ArthroRelief,Molecule G,26,72,98
2025-07-01,HCP0001,Cardiology,Cairo,Cairo East,P0008,Dermacare,Molecule H,2,92,94
2025-07-01,HCP0001,Cardiology,Cairo,Cairo East,P0009,LipiControl,Molecule I,6,21,27
2025-07-01,HCP0001,Cardiology,Cairo,Cairo East,P0010,GastroEase,Molecule J,2,94,96
2025-07-01,HCP0002,Internal Medicine,Cairo,Cairo West,P0001,CardioSafe,Molecule A,23,7,30
2025-07-01,HCP0002,Internal Medicine,Cairo,Cairo West,P0002,GlucoMax,Molecule B,37,63,100
2025-07-01,HCP0002,Internal Medicine,Cairo,Cairo West,P0003,Respira,Molecule C,33,78,111
2025-07-01,HCP0002,Internal Medicine,Cairo,Cairo West,P0004,PainFree,Molecule D,29,30,59
2025-07-01,HCP0002,Internal Medicine,Cairo,Cairo West,P0005,Infecto,Molecule E,21,34,55
2025-07-01,HCP0002,Internal Medicine,Cairo,Cairo West,P0006,NeuroCalm,Molecule F,15,36,51
2025-07-01,HCP0002,Internal Medicine,Cairo,Cairo West,P0007,ArthroRelief,Molecule G,15,48,63
2025-07-01,HCP0002,Internal Medicine,Cairo,Cairo West,P0008,Dermacare,Molecule H,19,58,77
2025-07-01,HCP0002,Internal Medicine,Cairo,Cairo West,P0009,LipiControl,Molecule I,8,69,77
2025-07-01,HCP0002,Internal Medicine,Cairo,Cairo West,P0010,GastroEase,Molecule J,21,92,113
2025-07-01,HCP0003,Endocrinology,Giza,Giza,P0001,CardioSafe,Molecule A,34,70,104
2025-07-01,HCP0003,Endocrinology,Giza,Giza,P0002,GlucoMax,Molecule B,19,21,40
2025-07-01,HCP0003,Endocrinology,Giza,Giza,P0003,Respira,Molecule C,26,43,69
2025-07-01,HCP0003,Endocrinology,Giza,Giza,P0004,PainFree,Molecule D,19,52,71
2025-07-01,HCP0003,Endocrinology,Giza,Giza,P0005,Infecto,Molecule E,28,79,107
2025-07-01,HCP0003,Endocrinology,Giza,Giza,P0006,NeuroCalm,Molecule F,18,77,95
2025-07-01,HCP0003,Endocrinology,Giza,Giza,P0007,ArthroRelief,Molecule G,39,7,46
2025-07-01,HCP0003,Endocrinology,Giza,Giza,P0008,Dermacare,Molecule H,23,9,32
2025-07-01,HCP0003,Endocrinology,Giza,Giza,P0009,LipiControl,Molecule I,6,45,51
2025-07-01,HCP0003,Endocrinology,Giza,Giza,P0010,GastroEase,Molecule J,30,82,112
2025-07-01,HCP0004,Pediatrics,Alexandria,Alexandria,P0001,CardioSafe,Molecule A,26,52,78
2025-07-01,HCP0004,Pediatrics,Alexandria,Alexandria,P0002,GlucoMax,Molecule B,9,65,74
2025-07-01,HCP0004,Pediatrics,Alexandria,Alexandria,P0003,Respira,Molecule C,24,7,31
2025-07-01,HCP0004,Pediatrics,Alexandria,Alexandria,P0004,PainFree,Molecule D,13,71,84
2025-07-01,HCP0004,Pediatrics,Alexandria,Alexandria,P0005,Infecto,Molecule E,33,24,57
2025-07-01,HCP0004,Pediatrics,Alexandria,Alexandria,P0006,NeuroCalm,Molecule F,36,78,114
2025-07-01,HCP0004,Pediatrics,Alexandria,Alexandria,P0007,ArthroRelief,Molecule G,18,55,73
2025-07-01,HCP0004,Pediatrics,Alexandria,Alexandria,P0008,Dermacare,Molecule H,38,94,132
2025-07-01,HCP0004,Pediatrics,Alexandria,Alexandria,P0009,LipiControl,Molecule I,22,11,33
2025-07-01,HCP0004,Pediatrics,Alexandria,Alexandria,P0010,GastroEase,Molecule J,32,63,95
2025-07-01,HCP0005,Pulmonology,Mansoura,Delta,P0001,CardioSafe,Molecule A,33,72,105
2025-07-01,HCP0005,Pulmonology,Mansoura,Delta,P0002,GlucoMax,Molecule B,22,30,52
2025-07-01,HCP0005,Pulmonology,Mansoura,Delta,P0003,Respira,Molecule C,29,83,112
2025-07-01,HCP0005,Pulmonology,Mansoura,Delta,P0004,PainFree,Molecule D,34,83,117
2025-07-01,HCP0005,Pulmonology,Mansoura,Delta,P0005,Infecto,Molecule E,36,55,91
2025-07-01,HCP0005,Pulmonology,Mansoura,Delta,P0006,NeuroCalm,Molecule F,36,65,101
2025-07-01,HCP0005,Pulmonology,Mansoura,Delta,P0007,ArthroRelief,Molecule G,17,55,72
2025-07-01,HCP0005,Pulmonology,Mansoura,Delta,P0008,Dermacare,Molecule H,15,9,24
2025-07-01,HCP0005,Pulmonology,Mansoura,Delta,P0009,LipiControl,Molecule I,37,37,74
2025-07-01,HCP0005,Pulmonology,Mansoura,Delta,P0010,GastroEase,Molecule J,4,98,102
2025-07-01,HCP0006,Neurology,Assiut,Upper Egypt,P0001,CardioSafe,Molecule A,14,88,102
2025-07-01,HCP0006,Neurology,Assiut,Upper Egypt,P0002,GlucoMax,Molecule B,6,10,16
2025-07-01,HCP0006,Neurology,Assiut,Upper Egypt,P0003,Respira,Molecule C,12,46,58
2025-07-01,HCP0006,Neurology,Assiut,Upper Egypt,P0004,PainFree,Molecule D,18,48,66
2025-07-01,HCP0006,Neurology,Assiut,Upper Egypt,P0005,Infecto,Molecule E,4,64,68
2025-07-01,HCP0006,Neurology,Assiut,Upper Egypt,P0006,NeuroCalm,Molecule F,8,47,55
2025-07-01,HCP0006,Neurology,Assiut,Upper Egypt,P0007,ArthroRelief,Molecule G,24,57,81
2025-07-01,HCP0006,Neurology,Assiut,Upper Egypt,P0008,Dermacare,Molecule H,4,20,24
2025-07-01,HCP0006,Neurology,Assiut,Upper Egypt,P0009,LipiControl,Molecule I,24,49,73
2025-07-01,HCP0006,Neurology,Assiut,Upper Egypt,P0010,GastroEase,Molecule J,38,36,74
2025-07-01,HCP0007,Dermatology,Cairo,Cairo East,P0001,CardioSafe,Molecule A,35,79,114
2025-07-01,HCP0007,Dermatology,Cairo,Cairo East,P0002,GlucoMax,Molecule B,37,10,47
2025-07-01,HCP0007,Dermatology,Cairo,Cairo East,P0003,Respira,Molecule C,39,82,121
2025-07-01,HCP0007,Dermatology,Cairo,Cairo East,P0004,PainFree,Molecule D,14,41,55
2025-07-01,HCP0007,Dermatology,Cairo,Cairo East,P0005,Infecto,Molecule E,4,30,34
2025-07-01,HCP0007,Dermatology,Cairo,Cairo East,P0006,NeuroCalm,Molecule F,6,54,60
2025-07-01,HCP0007,Dermatology,Cairo,Cairo East,P0007,ArthroRelief,Molecule G,32,29,61
2025-07-01,HCP0007,Dermatology,Cairo,Cairo East,P0008,Dermacare,Molecule H,4,27,31
2025-07-01,HCP0007,Dermatology,Cairo,Cairo East,P0009,LipiControl,Molecule I,4,56,60
2025-07-01,HCP0007,Dermatology,Cairo,Cairo East,P0010,GastroEase,Molecule J,32,94,126
2025-07-01,HCP0008,GP,Giza,Giza,P0001,CardioSafe,Molecule A,26,23,49
2025-07-01,HCP0008,GP,Giza,Giza,P0002,GlucoMax,Molecule B,18,71,89
2025-07-01,HCP0008,GP,Giza,Giza,P0003,Respira,Molecule C,6,81,87
2025-07-01,HCP0008,GP,Giza,Giza,P0004,PainFree,Molecule D,34,33,67
2025-07-01,HCP0008,GP,Giza,Giza,P0005,Infecto,Molecule E,15,86,101
2025-07-01,HCP0008,GP,Giza,Giza,P0006,NeuroCalm,Molecule F,34,29,63
2025-07-01,HCP0008,GP,Giza,Giza,P0007,ArthroRelief,Molecule G,32,20,52
2025-07-01,HCP0008,GP,Giza,Giza,P0008,Dermacare,Molecule H,22,81,103
2025-07-01,HCP0008,GP,Giza,Giza,P0009,LipiControl,Molecule I,6,13,19
2025-07-01,HCP0008,GP,Giza,Giza,P0010,GastroEase,Molecule J,29,24,53
2025-07-01,HCP0009,Cardiology,Alexandria,Alexandria,P0001,CardioSafe,Molecule A,10,13,23
2025-07-01,HCP0009,Cardiology,Alexandria,Alexandria,P0002,GlucoMax,Molecule B,4,90,94
2025-07-01,HCP0009,Cardiology,Alexandria,Alexandria,P0003,Respira,Molecule C,2,98,100
2025-07-01,HCP0009,Cardiology,Alexandria,Alexandria,P0004,PainFree,Molecule D,10,71,81
2025-07-01,HCP0009,Cardiology,Alexandria,Alexandria,P0005,Infecto,Molecule E,2,43,45
2025-07-01,HCP0009,Cardiology,Alexandria,Alexandria,P0006,NeuroCalm,Molecule F,26,78,104
2025-07-01,HCP0009,Cardiology,Alexandria,Alexandria,P0007,ArthroRelief,Molecule G,10,6,16
2025-07-01,HCP0009,Cardiology,Alexandria,Alexandria,P0008,Dermacare,Molecule H,32,12,44
2025-07-01,HCP0009,Cardiology,Alexandria,Alexandria,P0009,LipiControl,Molecule I,6,99,105
2025-07-01,HCP0009,Cardiology,Alexandria,Alexandria,P0010,GastroEase,Molecule J,13,51,64
2025-07-01,HCP0010,Orthopedics,Cairo,Cairo West,P0001,CardioSafe,Molecule A,26,24,50
2025-07-01,HCP0010,Orthopedics,Cairo,Cairo West,P0002,GlucoMax,Molecule B,18,79,97
2025-07-01,HCP0010,Orthopedics,Cairo,Cairo West,P0003,Respira,Molecule C,39,94,133
2025-07-01,HCP0010,Orthopedics,Cairo,Cairo West,P0004,PainFree,Molecule D,28,39,67
2025-07-01,HCP0010,Orthopedics,Cairo,Cairo West,P0005,Infecto,Molecule E,25,37,62
2025-07-01,HCP0010,Orthopedics,Cairo,Cairo West,P0006,NeuroCalm,Molecule F,13,91,104
2025-07-01,HCP0010,Orthopedics,Cairo,Cairo West,P0007,ArthroRelief,Molecule G,3,11,14
2025-07-01,HCP0010,Orthopedics,Cairo,Cairo West,P0008,Dermacare,Molecule H,37,73,110
2025-07-01,HCP0010,Orthopedics,Cairo,Cairo West,P0009,LipiControl,Molecule I,39,13,52
2025-07-01,HCP0010,Orthopedics,Cairo,Cairo West,P0010,GastroEase,Molecule J,8,35,43
2025-08-01,HCP0001,Cardiology,Cairo,Cairo East,P0001,CardioSafe,Molecule A,4,47,51
2025-08-01,HCP0001,Cardiology,Cairo,Cairo East,P0002,GlucoMax,Molecule B,36,42,78
2025-08-01,HCP0001,Cardiology,Cairo,Cairo East,P0003,Respira,Molecule C,31,68,99
2025-08-01,HCP0001,Cardiology,Cairo,Cairo East,P0004,PainFree,Molecule D,22,87,109
2025-08-01,HCP0001,Cardiology,Cairo,Cairo East,P0005,Infecto,Molecule E,35,56,91
2025-08-01,HCP0001,Cardiology,Cairo,Cairo East,P0006,NeuroCalm,Molecule F,13,95,108
2025-08-01,HCP0001,Cardiology,Cairo,Cairo East,P0007,ArthroRelief,Molecule G,36,18,54
2025-08-01,HCP0001,Cardiology,Cairo,Cairo East,P0008,Dermacare,Molecule H,11,42,53
2025-08-01,HCP0001,Cardiology,Cairo,Cairo East,P0009,LipiControl,Molecule I,16,42,58
2025-08-01,HCP0001,Cardiology,Cairo,Cairo East,P0010,GastroEase,Molecule J,26,86,112
2025-08-01,HCP0002,Internal Medicine,Cairo,Cairo West,P0001,CardioSafe,Molecule A,34,93,127
2025-08-01,HCP0002,Internal Medicine,Cairo,Cairo West,P0002,GlucoMax,Molecule B,5,67,72
2025-08-01,HCP0002,Internal Medicine,Cairo,Cairo West,P0003,Respira,Molecule C,6,56,62
2025-08-01,HCP0002,Internal Medicine,Cairo,Cairo West,P0004,PainFree,Molecule D,34,22,56
2025-08-01,HCP0002,Internal Medicine,Cairo,Cairo West,P0005,Infecto,Molecule E,11,99,110
2025-08-01,HCP0002,Internal Medicine,Cairo,Cairo West,P0006,NeuroCalm,Molecule F,20,65,85
2025-08-01,HCP0002,Internal Medicine,Cairo,Cairo West,P0007,ArthroRelief,Molecule G,33,65,98
2025-08-01,HCP0002,Internal Medicine,Cairo,Cairo West,P0008,Dermacare,Molecule H,37,94,131
2025-08-01,HCP0002,Internal Medicine,Cairo,Cairo West,P0009,LipiControl,Molecule I,24,51,75
2025-08-01,HCP0002,Internal Medicine,Cairo,Cairo West,P0010,GastroEase,Molecule J,16,62,78
2025-08-01,HCP0003,Endocrinology,Giza,Giza,P0001,CardioSafe,Molecule A,22,50,72
2025-08-01,HCP0003,Endocrinology,Giza,Giza,P0002,GlucoMax,Molecule B,10,68,78
2025-08-01,HCP0003,Endocrinology,Giza,Giza,P0003,Respira,Molecule C,14,67,81
2025-08-01,HCP0003,Endocrinology,Giza,Giza,P0004,PainFree,Molecule D,7,14,21
2025-08-01,HCP0003,Endocrinology,Giza,Giza,P0005,Infecto,Molecule E,22,54,76
2025-08-01,HCP0003,Endocrinology,Giza,Giza,P0006,NeuroCalm,Molecule F,8,54,62
2025-08-01,HCP0003,Endocrinology,Giza,Giza,P0007,ArthroRelief,Molecule G,30,65,95
2025-08-01,HCP0003,Endocrinology,Giza,Giza,P0008,Dermacare,Molecule H,36,78,114
2025-08-01,HCP0003,Endocrinology,Giza,Giza,P0009,LipiControl,Molecule I,37,96,133
2025-08-01,HCP0003,Endocrinology,Giza,Giza,P0010,GastroEase,Molecule J,4,57,61
2025-08-01,HCP0004,Pediatrics,Alexandria,Alexandria,P0001,CardioSafe,Molecule A,8,81,89
2025-08-01,HCP0004,Pediatrics,Alexandria,Alexandria,P0002,GlucoMax,Molecule B,35,25,60
2025-08-01,HCP0004,Pediatrics,Alexandria,Alexandria,P0003,Respira,Molecule C,32,17,49
2025-08-01,HCP0004,Pediatrics,Alexandria,Alexandria,P0004,PainFree,Molecule D,18,32,50
2025-08-01,HCP0004,Pediatrics,Alexandria,Alexandria,P0005,Infecto,Molecule E,18,59,77
2025-08-01,HCP0004,Pediatrics,Alexandria,Alexandria,P0006,NeuroCalm,Molecule F,20,22,42
2025-08-01,HCP0004,Pediatrics,Alexandria,Alexandria,P0007,ArthroRelief,Molecule G,22,6,28
2025-08-01,HCP0004,Pediatrics,Alexandria,Alexandria,P0008,Dermacare,Molecule H,34,89,123
2025-08-01,HCP0004,Pediatrics,Alexandria,Alexandria,P0009,LipiControl,Molecule I,25,75,100
2025-08-01,HCP0004,Pediatrics,Alexandria,Alexandria,P0010,GastroEase,Molecule J,18,33,51
2025-08-01,HCP0005,Pulmonology,Mansoura,Delta,P0001,CardioSafe,Molecule A,32,93,125
2025-08-01,HCP0005,Pulmonology,Mansoura,Delta,P0002,GlucoMax,Molecule B,2,25,27
2025-08-01,HCP0005,Pulmonology,Mansoura,Delta,P0003,Respira,Molecule C,37,29,66
2025-08-01,HCP0005,Pulmonology,Mansoura,Delta,P0004,PainFree,Molecule D,38,30,68
2025-08-01,HCP0005,Pulmonology,Mansoura,Delta,P0005,Infecto,Molecule E,36,29,65
2025-08-01,HCP0005,Pulmonology,Mansoura,Delta,P0006,NeuroCalm,Molecule F,34,49,83
2025-08-01,HCP0005,Pulmonology,Mansoura,Delta,P0007,ArthroRelief,Molecule G,11,30,41
2025-08-01,HCP0005,Pulmonology,Mansoura,Delta,P0008,Dermacare,Molecule H,36,49,85
2025-08-01,HCP0005,Pulmonology,Mansoura,Delta,P0009,LipiControl,Molecule I,23,78,101
2025-08-01,HCP0005,Pulmonology,Mansoura,Delta,P0010,GastroEase,Molecule J,15,35,50
2025-08-01,HCP0006,Neurology,Assiut,Upper Egypt,P0001,CardioSafe,Molecule A,17,27,44
2025-08-01,HCP0006,Neurology,Assiut,Upper Egypt,P0002,GlucoMax,Molecule B,30,68,98
2025-08-01,HCP0006,Neurology,Assiut,Upper Egypt,P0003,Respira,Molecule C,24,81,105
2025-08-01,HCP0006,Neurology,Assiut,Upper Egypt,P0004,PainFree,Molecule D,17,80,97
2025-08-01,HCP0006,Neurology,Assiut,Upper Egypt,P0005,Infecto,Molecule E,32,88,120
2025-08-01,HCP0006,Neurology,Assiut,Upper Egypt,P0006,NeuroCalm,Molecule F,36,48,84
2025-08-01,HCP0006,Neurology,Assiut,Upper Egypt,P0007,ArthroRelief,Molecule G,12,11,23
2025-08-01,HCP0006,Neurology,Assiut,Upper Egypt,P0008,Dermacare,Molecule H,13,43,56
2025-08-01,HCP0006,Neurology,Assiut,Upper Egypt,P0009,LipiControl,Molecule I,23,58,81
2025-08-01,HCP0006,Neurology,Assiut,Upper Egypt,P0010,GastroEase,Molecule J,23,31,54
2025-08-01,HCP0007,Dermatology,Cairo,Cairo East,P0001,CardioSafe,Molecule A,38,61,99
2025-08-01,HCP0007,Dermatology,Cairo,Cairo East,P0002,GlucoMax,Molecule B,39,61,100
2025-08-01,HCP0007,Dermatology,Cairo,Cairo East,P0003,Respira,Molecule C,20,60,80
2025-08-01,HCP0007,Dermatology,Cairo,Cairo East,P0004,PainFree,Molecule D,31,48,79
2025-08-01,HCP0007,Dermatology,Cairo,Cairo East,P0005,Infecto,Molecule E,25,37,62
2025-08-01,HCP0007,Dermatology,Cairo,Cairo East,P0006,NeuroCalm,Molecule F,36,34,70
2025-08-01,HCP0007,Dermatology,Cairo,Cairo East,P0007,ArthroRelief,Molecule G,29,43,72
2025-08-01,HCP0007,Dermatology,Cairo,Cairo East,P0008,Dermacare,Molecule H,23,61,84
2025-08-01,HCP0007,Dermatology,Cairo,Cairo East,P0009,LipiControl,Molecule I,16,73,89
2025-08-01,HCP0007,Dermatology,Cairo,Cairo East,P0010,GastroEase,Molecule J,20,56,76
2025-08-01,HCP0008,GP,Giza,Giza,P0001,CardioSafe,Molecule A,14,24,38
2025-08-01,HCP0008,GP,Giza,Giza,P0002,GlucoMax,Molecule B,28,94,122
2025-08-01,HCP0008,GP,Giza,Giza,P0003,Respira,Molecule C,29,30,59
2025-08-01,HCP0008,GP,Giza,Giza,P0004,PainFree,Molecule D,9,17,26
2025-08-01,HCP0008,GP,Giza,Giza,P0005,Infecto,Molecule E,6,44,50
2025-08-01,HCP0008,GP,Giza,Giza,P0006,NeuroCalm,Molecule F,26,38,64
2025-08-01,HCP0008,GP,Giza,Giza,P0007,ArthroRelief,Molecule G,14,21,35
2025-08-01,HCP0008,GP,Giza,Giza,P0008,Dermacare,Molecule H,23,82,105
2025-08-01,HCP0008,GP,Giza,Giza,P0009,LipiControl,Molecule I,28,20,48
2025-08-01,HCP0008,GP,Giza,Giza,P0010,GastroEase,Molecule J,25,39,64
2025-08-01,HCP0009,Cardiology,Alexandria,Alexandria,P0001,CardioSafe,Molecule A,5,75,80
2025-08-01,HCP0009,Cardiology,Alexandria,Alexandria,P0002,GlucoMax,Molecule B,38,97,135
2025-08-01,HCP0009,Cardiology,Alexandria,Alexandria,P0003,Respira,Molecule C,30,21,51
2025-08-01,HCP0009,Cardiology,Alexandria,Alexandria,P0004,PainFree,Molecule D,15,58,73
2025-08-01,HCP0009,Cardiology,Alexandria,Alexandria,P0005,Infecto,Molecule E,36,54,90
2025-08-01,HCP0009,Cardiology,Alexandria,Alexandria,P0006,NeuroCalm,Molecule F,8,18,26
2025-08-01,HCP0009,Cardiology,Alexandria,Alexandria,P0007,ArthroRelief,Molecule G,38,39,77
2025-08-01,HCP0009,Cardiology,Alexandria,Alexandria,P0008,Dermacare,Molecule H,13,78,91
2025-08-01,HCP0009,Cardiology,Alexandria,Alexandria,P0009,LipiControl,Molecule I,31,61,92
2025-08-01,HCP0009,Cardiology,Alexandria,Alexandria,P0010,GastroEase,Molecule J,28,57,85
2025-08-01,HCP0010,Orthopedics,Cairo,Cairo West,P0001,CardioSafe,Molecule A,5,18,23
2025-08-01,HCP0010,Orthopedics,Cairo,Cairo West,P0002,GlucoMax,Molecule B,17,71,88
2025-08-01,HCP0010,Orthopedics,Cairo,Cairo West,P0003,Respira,Molecule C,14,31,45
2025-08-01,HCP0010,Orthopedics,Cairo,Cairo West,P0004,PainFree,Molecule D,12,79,91
2025-08-01,HCP0010,Orthopedics,Cairo,Cairo West,P0005,Infecto,Molecule E,22,49,71
2025-08-01,HCP0010,Orthopedics,Cairo,Cairo West,P0006,NeuroCalm,Molecule F,21,86,107
2025-08-01,HCP0010,Orthopedics,Cairo,Cairo West,P0007,ArthroRelief,Molecule G,37,11,48
2025-08-01,HCP0010,Orthopedics,Cairo,Cairo West,P0008,Dermacare,Molecule H,29,83,112
2025-08-01,HCP0010,Orthopedics,Cairo,Cairo West,P0009,LipiControl,Molecule I,23,94,117
2025-08-01,HCP0010,Orthopedics,Cairo,Cairo West,P0010,GastroEase,Molecule J,39,9,48
2025-09-01,HCP0001,Cardiology,Cairo,Cairo East,P0001,CardioSafe,Molecule A,25,67,92
2025-09-01,HCP0001,Cardiology,Cairo,Cairo East,P0002,GlucoMax,Molecule B,36,98,134
2025-09-01,HCP0001,Cardiology,Cairo,Cairo East,P0003,Respira,Molecule C,35,51,86
2025-09-01,HCP0001,Cardiology,Cairo,Cairo East,P0004,PainFree,Molecule D,23,89,112
2025-09-01,HCP0001,Cardiology,Cairo,Cairo East,P0005,Infecto,Molecule E,23,60,83
2025-09-01,HCP0001,Cardiology,Cairo,Cairo East,P0006,NeuroCalm,Molecule F,28,24,52
2025-09-01,HCP0001,Cardiology,Cairo,Cairo East,P0007,ArthroRelief,Molecule G,31,5,36
2025-09-01,HCP0001,Cardiology,Cairo,Cairo East,P0008,Dermacare,Molecule H,27,11,38
2025-09-01,HCP0001,Cardiology,Cairo,Cairo East,P0009,LipiControl,Molecule I,27,83,110
2025-09-01,HCP0001,Cardiology,Cairo,Cairo East,P0010,GastroEase,Molecule J,27,38,65
2025-09-01,HCP0002,Internal Medicine,Cairo,Cairo West,P0001,CardioSafe,Molecule A,15,47,62
2025-09-01,HCP0002,Internal Medicine,Cairo,Cairo West,P0002,GlucoMax,Molecule B,13,9,22
2025-09-01,HCP0002,Internal Medicine,Cairo,Cairo West,P0003,Respira,Molecule C,32,46,78
2025-09-01,HCP0002,Internal Medicine,Cairo,Cairo West,P0004,PainFree,Molecule D,5,58,63
2025-09-01,HCP0002,Internal Medicine,Cairo,Cairo West,P0005,Infecto,Molecule E,16,67,83
2025-09-01,HCP0002,Internal Medicine,Cairo,Cairo West,P0006,NeuroCalm,Molecule F,34,38,72
2025-09-01,HCP0002,Internal Medicine,Cairo,Cairo West,P0007,ArthroRelief,Molecule G,30,40,70
2025-09-01,HCP0002,Internal Medicine,Cairo,Cairo West,P0008,Dermacare,Molecule H,20,48,68
2025-09-01,HCP0002,Internal Medicine,Cairo,Cairo West,P0009,LipiControl,Molecule I,7,68,75
2025-09-01,HCP0002,Internal Medicine,Cairo,Cairo West,P0010,GastroEase,Molecule J,2,43,45
2025-09-01,HCP0003,Endocrinology,Giza,Giza,P0001,CardioSafe,Molecule A,16,97,113
2025-09-01,HCP0003,Endocrinology,Giza,Giza,P0002,GlucoMax,Molecule B,4,86,90
2025-09-01,HCP0003,Endocrinology,Giza,Giza,P0003,Respira,Molecule C,16,63,79
2025-09-01,HCP0003,Endocrinology,Giza,Giza,P0004,PainFree,Molecule D,25,35,60
2025-09-01,HCP0003,Endocrinology,Giza,Giza,P0005,Infecto,Molecule E,11,34,45
2025-09-01,HCP0003,Endocrinology,Giza,Giza,P0006,NeuroCalm,Molecule F,13,50,63
2025-09-01,HCP0003,Endocrinology,Giza,Giza,P0007,ArthroRelief,Molecule G,24,65,89
2025-09-01,HCP0003,Endocrinology,Giza,Giza,P0008,Dermacare,Molecule H,17,77,94
2025-09-01,HCP0003,Endocrinology,Giza,Giza,P0009,LipiControl,Molecule I,24,19,43
2025-09-01,HCP0003,Endocrinology,Giza,Giza,P0010,GastroEase,Molecule J,20,54,74
2025-09-01,HCP0004,Pediatrics,Alexandria,Alexandria,P0001,CardioSafe,Molecule A,10,18,28
2025-09-01,HCP0004,Pediatrics,Alexandria,Alexandria,P0002,GlucoMax,Molecule B,2,80,82
2025-09-01,HCP0004,Pediatrics,Alexandria,Alexandria,P0003,Respira,Molecule C,39,39,78
2025-09-01,HCP0004,Pediatrics,Alexandria,Alexandria,P0004,PainFree,Molecule D,3,69,72
2025-09-01,HCP0004,Pediatrics,Alexandria,Alexandria,P0005,Infecto,Molecule E,38,46,84
2025-09-01,HCP0004,Pediatrics,Alexandria,Alexandria,P0006,NeuroCalm,Molecule F,24,50,74
2025-09-01,HCP0004,Pediatrics,Alexandria,Alexandria,P0007,ArthroRelief,Molecule G,23,96,119
2025-09-01,HCP0004,Pediatrics,Alexandria,Alexandria,P0008,Dermacare,Molecule H,10,6,16
2025-09-01,HCP0004,Pediatrics,Alexandria,Alexandria,P0009,LipiControl,Molecule I,18,81,99
2025-09-01,HCP0004,Pediatrics,Alexandria,Alexandria,P0010,GastroEase,Molecule J,23,36,59
2025-09-01,HCP0005,Pulmonology,Mansoura,Delta,P0001,CardioSafe,Molecule A,20,60,80
2025-09-01,HCP0005,Pulmonology,Mansoura,Delta,P0002,GlucoMax,Molecule B,19,88,107
2025-09-01,HCP0005,Pulmonology,Mansoura,Delta,P0003,Respira,Molecule C,16,33,49
2025-09-01,HCP0005,Pulmonology,Mansoura,Delta,P0004,PainFree,Molecule D,14,71,85
2025-09-01,HCP0005,Pulmonology,Mansoura,Delta,P0005,Infecto,Molecule E,31,69,100
2025-09-01,HCP0005,Pulmonology,Mansoura,Delta,P0006,NeuroCalm,Molecule F,31,20,51
2025-09-01,HCP0005,Pulmonology,Mansoura,Delta,P0007,ArthroRelief,Molecule G,7,36,43
2025-09-01,HCP0005,Pulmonology,Mansoura,Delta,P0008,Dermacare,Molecule H,9,62,71
2025-09-01,HCP0005,Pulmonology,Mansoura,Delta,P0009,LipiControl,Molecule I,15,76,91
2025-09-01,HCP0005,Pulmonology,Mansoura,Delta,P0010,GastroEase,Molecule J,10,5,15
2025-09-01,HCP0006,Neurology,Assiut,Upper Egypt,P0001,CardioSafe,Molecule A,37,22,59
2025-09-01,HCP0006,Neurology,Assiut,Upper Egypt,P0002,GlucoMax,Molecule B,6,45,51
2025-09-01,HCP0006,Neurology,Assiut,Upper Egypt,P0003,Respira,Molecule C,13,32,45
2025-09-01,HCP0006,Neurology,Assiut,Upper Egypt,P0004,PainFree,Molecule D,22,65,87
2025-09-01,HCP0006,Neurology,Assiut,Upper Egypt,P0005,Infecto,Molecule E,10,56,66
2025-09-01,HCP0006,Neurology,Assiut,Upper Egypt,P0006,NeuroCalm,Molecule F,7,53,60
2025-09-01,HCP0006,Neurology,Assiut,Upper Egypt,P0007,ArthroRelief,Molecule G,4,50,54
2025-09-01,HCP0006,Neurology,Assiut,Upper Egypt,P0008,Dermacare,Molecule H,2,11,13
2025-09-01,HCP0006,Neurology,Assiut,Upper Egypt,P0009,LipiControl,Molecule I,31,8,39
2025-09-01,HCP0006,Neurology,Assiut,Upper Egypt,P0010,GastroEase,Molecule J,37,35,72
2025-09-01,HCP0007,Dermatology,Cairo,Cairo East,P0001,CardioSafe,Molecule A,28,23,51
2025-09-01,HCP0007,Dermatology,Cairo,Cairo East,P0002,GlucoMax,Molecule B,34,35,69
2025-09-01,HCP0007,Dermatology,Cairo,Cairo East,P0003,Respira,Molecule C,18,95,113
2025-09-01,HCP0007,Dermatology,Cairo,Cairo East,P0004,PainFree,Molecule D,16,34,50
2025-09-01,HCP0007,Dermatology,Cairo,Cairo East,P0005,Infecto,Molecule E,5,7,12
2025-09-01,HCP0007,Dermatology,Cairo,Cairo East,P0006,NeuroCalm,Molecule F,15,76,91
2025-09-01,HCP0007,Dermatology,Cairo,Cairo East,P0007,ArthroRelief,Molecule G,2,7,9
2025-09-01,HCP0007,Dermatology,Cairo,Cairo East,P0008,Dermacare,Molecule H,37,89,126
2025-09-01,HCP0007,Dermatology,Cairo,Cairo East,P0009,LipiControl,Molecule I,35,49,84
2025-09-01,HCP0007,Dermatology,Cairo,Cairo East,P0010,GastroEase,Molecule J,24,59,83
2025-09-01,HCP0008,GP,Giza,Giza,P0001,CardioSafe,Molecule A,7,33,40
2025-09-01,HCP0008,GP,Giza,Giza,P0002,GlucoMax,Molecule B,30,45,75
2025-09-01,HCP0008,GP,Giza,Giza,P0003,Respira,Molecule C,3,34,37
2025-09-01,HCP0008,GP,Giza,Giza,P0004,PainFree,Molecule D,20,65,85
2025-09-01,HCP0008,GP,Giza,Giza,P0005,Infecto,Molecule E,18,56,74
2025-09-01,HCP0008,GP,Giza,Giza,P0006,NeuroCalm,Molecule F,33,65,98
2025-09-01,HCP0008,GP,Giza,Giza,P0007,ArthroRelief,Molecule G,26,18,44
2025-09-01,HCP0008,GP,Giza,Giza,P0008,Dermacare,Molecule H,10,32,42
2025-09-01,HCP0008,GP,Giza,Giza,P0009,LipiControl,Molecule I,17,38,55
2025-09-01,HCP0008,GP,Giza,Giza,P0010,GastroEase,Molecule J,21,74,95
2025-09-01,HCP0009,Cardiology,Alexandria,Alexandria,P0001,CardioSafe,Molecule A,26,22,48
2025-09-01,HCP0009,Cardiology,Alexandria,Alexandria,P0002,GlucoMax,Molecule B,6,27,33
2025-09-01,HCP0009,Cardiology,Alexandria,Alexandria,P0003,Respira,Molecule C,17,45,62
2025-09-01,HCP0009,Cardiology,Alexandria,Alexandria,P0004,PainFree,Molecule D,31,74,105
2025-09-01,HCP0009,Cardiology,Alexandria,Alexandria,P0005,Infecto,Molecule E,2,94,96
2025-09-01,HCP0009,Cardiology,Alexandria,Alexandria,P0006,NeuroCalm,Molecule F,2,55,57
2025-09-01,HCP0009,Cardiology,Alexandria,Alexandria,P0007,ArthroRelief,Molecule G,35,43,78
2025-09-01,HCP0009,Cardiology,Alexandria,Alexandria,P0008,Dermacare,Molecule H,15,5,20
2025-09-01,HCP0009,Cardiology,Alexandria,Alexandria,P0009,LipiControl,Molecule I,10,85,95
2025-09-01,HCP0009,Cardiology,Alexandria,Alexandria,P0010,GastroEase,Molecule J,6,13,19
2025-09-01,HCP0010,Orthopedics,Cairo,Cairo West,P0001,CardioSafe,Molecule A,7,13,20
2025-09-01,HCP0010,Orthopedics,Cairo,Cairo West,P0002,GlucoMax,Molecule B,16,78,94
2025-09-01,HCP0010,Orthopedics,Cairo,Cairo West,P0003,Respira,Molecule C,5,48,53
2025-09-01,HCP0010,Orthopedics,Cairo,Cairo West,P0004,PainFree,Molecule D,12,14,26
2025-09-01,HCP0010,Orthopedics,Cairo,Cairo West,P0005,Infecto,Molecule E,22,99,121
2025-09-01,HCP0010,Orthopedics,Cairo,Cairo West,P0006,NeuroCalm,Molecule F,32,41,73
2025-09-01,HCP0010,Orthopedics,Cairo,Cairo West,P0007,ArthroRelief,Molecule G,23,65,88
2025-09-01,HCP0010,Orthopedics,Cairo,Cairo West,P0008,Dermacare,Molecule H,16,32,48
2025-09-01,HCP0010,Orthopedics,Cairo,Cairo West,P0009,LipiControl,Molecule I,33,49,82
2025-09-01,HCP0010,Orthopedics,Cairo,Cairo West,P0010,GastroEase,Molecule J,31,14,45
2025-10-01,HCP0001,Cardiology,Cairo,Cairo East,P0001,CardioSafe,Molecule A,29,45,74
2025-10-01,HCP0001,Cardiology,Cairo,Cairo East,P0002,GlucoMax,Molecule B,25,74,99
2025-10-01,HCP0001,Cardiology,Cairo,Cairo East,P0003,Respira,Molecule C,19,27,46
2025-10-01,HCP0001,Cardiology,Cairo,Cairo East,P0004,PainFree,Molecule D,35,52,87
2025-10-01,HCP0001,Cardiology,Cairo,Cairo East,P0005,Infecto,Molecule E,12,37,49
2025-10-01,HCP0001,Cardiology,Cairo,Cairo East,P0006,NeuroCalm,Molecule F,3,87,90
2025-10-01,HCP0001,Cardiology,Cairo,Cairo East,P0007,ArthroRelief,Molecule G,8,47,55
2025-10-01,HCP0001,Cardiology,Cairo,Cairo East,P0008,Dermacare,Molecule H,9,56,65
2025-10-01,HCP0001,Cardiology,Cairo,Cairo East,P0009,LipiControl,Molecule I,12,55,67
2025-10-01,HCP0001,Cardiology,Cairo,Cairo East,P0010,GastroEase,Molecule J,22,70,92
2025-10-01,HCP0002,Internal Medicine,Cairo,Cairo West,P0001,CardioSafe,Molecule A,29,68,97
2025-10-01,HCP0002,Internal Medicine,Cairo,Cairo West,P0002,GlucoMax,Molecule B,38,93,131
2025-10-01,HCP0002,Internal Medicine,Cairo,Cairo West,P0003,Respira,Molecule C,39,74,113
2025-10-01,HCP0002,Internal Medicine,Cairo,Cairo West,P0004,PainFree,Molecule D,36,29,65
2025-10-01,HCP0002,Internal Medicine,Cairo,Cairo West,P0005,Infecto,Molecule E,4,67,71
2025-10-01,HCP0002,Internal Medicine,Cairo,Cairo West,P0006,NeuroCalm,Molecule F,34,23,57
2025-10-01,HCP0002,Internal Medicine,Cairo,Cairo West,P0007,ArthroRelief,Molecule G,26,32,58
2025-10-01,HCP0002,Internal Medicine,Cairo,Cairo West,P0008,Dermacare,Molecule H,8,14,22
2025-10-01,HCP0002,Internal Medicine,Cairo,Cairo West,P0009,LipiControl,Molecule I,7,49,56
2025-10-01,HCP0002,Internal Medicine,Cairo,Cairo West,P0010,GastroEase,Molecule J,39,34,73
2025-10-01,HCP0003,Endocrinology,Giza,Giza,P0001,CardioSafe,Molecule A,18,14,32
2025-10-01,HCP0003,Endocrinology,Giza,Giza,P0002,GlucoMax,Molecule B,36,8,44
2025-10-01,HCP0003,Endocrinology,Giza,Giza,P0003,Respira,Molecule C,15,46,61
2025-10-01,HCP0003,Endocrinology,Giza,Giza,P0004,PainFree,Molecule D,30,11,41
2025-10-01,HCP0003,Endocrinology,Giza,Giza,P0005,Infecto,Molecule E,9,63,72
2025-10-01,HCP0003,Endocrinology,Giza,Giza,P0006,NeuroCalm,Molecule F,13,55,68
2025-10-01,HCP0003,Endocrinology,Giza,Giza,P0007,ArthroRelief,Molecule G,36,51,87
2025-10-01,HCP0003,Endocrinology,Giza,Giza,P0008,Dermacare,Molecule H,32,57,89
2025-10-01,HCP0003,Endocrinology,Giza,Giza,P0009,LipiControl,Molecule I,27,24,51
2025-10-01,HCP0003,Endocrinology,Giza,Giza,P0010,GastroEase,Molecule J,21,90,111
2025-10-01,HCP0004,Pediatrics,Alexandria,Alexandria,P0001,CardioSafe,Molecule A,35,67,102
2025-10-01,HCP0004,Pediatrics,Alexandria,Alexandria,P0002,GlucoMax,Molecule B,36,30,66
2025-10-01,HCP0004,Pediatrics,Alexandria,Alexandria,P0003,Respira,Molecule C,39,38,77
2025-10-01,HCP0004,Pediatrics,Alexandria,Alexandria,P0004,PainFree,Molecule D,28,78,106
2025-10-01,HCP0004,Pediatrics,Alexandria,Alexandria,P0005,Infecto,Molecule E,20,20,40
2025-10-01,HCP0004,Pediatrics,Alexandria,Alexandria,P0006,NeuroCalm,Molecule F,22,28,50
2025-10-01,HCP0004,Pediatrics,Alexandria,Alexandria,P0007,ArthroRelief,Molecule G,6,84,90
2025-10-01,HCP0004,Pediatrics,Alexandria,Alexandria,P0008,Dermacare,Molecule H,31,85,116
2025-10-01,HCP0004,Pediatrics,Alexandria,Alexandria,P0009,LipiControl,Molecule I,36,71,107
2025-10-01,HCP0004,Pediatrics,Alexandria,Alexandria,P0010,GastroEase,Molecule J,6,77,83
2025-10-01,HCP0005,Pulmonology,Mansoura,Delta,P0001,CardioSafe,Molecule A,18,50,68
2025-10-01,HCP0005,Pulmonology,Mansoura,Delta,P0002,GlucoMax,Molecule B,32,75,107
2025-10-01,HCP0005,Pulmonology,Mansoura,Delta,P0003,Respira,Molecule C,3,67,70
2025-10-01,HCP0005,Pulmonology,Mansoura,Delta,P0004,PainFree,Molecule D,38,49,87
2025-10-01,HCP0005,Pulmonology,Mansoura,Delta,P0005,Infecto,Molecule E,17,65,82
2025-10-01,HCP0005,Pulmonology,Mansoura,Delta,P0006,NeuroCalm,Molecule F,32,27,59
2025-10-01,HCP0005,Pulmonology,Mansoura,Delta,P0007,ArthroRelief,Molecule G,19,52,71
2025-10-01,HCP0005,Pulmonology,Mansoura,Delta,P0008,Dermacare,Molecule H,25,5,30
2025-10-01,HCP0005,Pulmonology,Mansoura,Delta,P0009,LipiControl,Molecule I,20,26,46
2025-10-01,HCP0005,Pulmonology,Mansoura,Delta,P0010,GastroEase,Molecule J,20,31,51
2025-10-01,HCP0006,Neurology,Assiut,Upper Egypt,P0001,CardioSafe,Molecule A,31,82,113
2025-10-01,HCP0006,Neurology,Assiut,Upper Egypt,P0002,GlucoMax,Molecule B,28,40,68
2025-10-01,HCP0006,Neurology,Assiut,Upper Egypt,P0003,Respira,Molecule C,11,42,53
2025-10-01,HCP0006,Neurology,Assiut,Upper Egypt,P0004,PainFree,Molecule D,10,72,82
2025-10-01,HCP0006,Neurology,Assiut,Upper Egypt,P0005,Infecto,Molecule E,10,94,104
2025-10-01,HCP0006,Neurology,Assiut,Upper Egypt,P0006,NeuroCalm,Molecule F,33,17,50
2025-10-01,HCP0006,Neurology,Assiut,Upper Egypt,P0007,ArthroRelief,Molecule G,22,85,107
2025-10-01,HCP0006,Neurology,Assiut,Upper Egypt,P0008,Dermacare,Molecule H,9,28,37
2025-10-01,HCP0006,Neurology,Assiut,Upper Egypt,P0009,LipiControl,Molecule I,31,36,67
2025-10-01,HCP0006,Neurology,Assiut,Upper Egypt,P0010,GastroEase,Molecule J,36,33,69
2025-10-01,HCP0007,Dermatology,Cairo,Cairo East,P0001,CardioSafe,Molecule A,10,9,19
2025-10-01,HCP0007,Dermatology,Cairo,Cairo East,P0002,GlucoMax,Molecule B,10,51,61
2025-10-01,HCP0007,Dermatology,Cairo,Cairo East,P0003,Respira,Molecule C,20,30,50
2025-10-01,HCP0007,Dermatology,Cairo,Cairo East,P0004,PainFree,Molecule D,20,56,76
2025-10-01,HCP0007,Dermatology,Cairo,Cairo East,P0005,Infecto,Molecule E,16,96,112
2025-10-01,HCP0007,Dermatology,Cairo,Cairo East,P0006,NeuroCalm,Molecule F,13,90,103
2025-10-01,HCP0007,Dermatology,Cairo,Cairo East,P0007,ArthroRelief,Molecule G,16,9,25
2025-10-01,HCP0007,Dermatology,Cairo,Cairo East,P0008,Dermacare,Molecule H,29,47,76
2025-10-01,HCP0007,Dermatology,Cairo,Cairo East,P0009,LipiControl,Molecule I,29,51,80
2025-10-01,HCP0007,Dermatology,Cairo,Cairo East,P0010,GastroEase,Molecule J,5,69,74
2025-10-01,HCP0008,GP,Giza,Giza,P0001,CardioSafe,Molecule A,18,21,39
2025-10-01,HCP0008,GP,Giza,Giza,P0002,GlucoMax,Molecule B,37,13,50
2025-10-01,HCP0008,GP,Giza,Giza,P0003,Respira,Molecule C,37,72,109
2025-10-01,HCP0008,GP,Giza,Giza,P0004,PainFree,Molecule D,6,7,13
2025-10-01,HCP0008,GP,Giza,Giza,P0005,Infecto,Molecule E,35,44,79
2025-10-01,HCP0008,GP,Giza,Giza,P0006,NeuroCalm,Molecule F,26,21,47
2025-10-01,HCP0008,GP,Giza,Giza,P0007,ArthroRelief,Molecule G,33,54,87
2025-10-01,HCP0008,GP,Giza,Giza,P0008,Dermacare,Molecule H,7,96,103
2025-10-01,HCP0008,GP,Giza,Giza,P0009,LipiControl,Molecule I,25,80,105
2025-10-01,HCP0008,GP,Giza,Giza,P0010,GastroEase,Molecule J,15,19,34
2025-10-01,HCP0009,Cardiology,Alexandria,Alexandria,P0001,CardioSafe,Molecule A,8,89,97
2025-10-01,HCP0009,Cardiology,Alexandria,Alexandria,P0002,GlucoMax,Molecule B,35,88,123
2025-10-01,HCP0009,Cardiology,Alexandria,Alexandria,P0003,Respira,Molecule C,30,80,110
2025-10-01,HCP0009,Cardiology,Alexandria,Alexandria,P0004,PainFree,Molecule D,3,64,67
2025-10-01,HCP0009,Cardiology,Alexandria,Alexandria,P0005,Infecto,Molecule E,6,37,43
2025-10-01,HCP0009,Cardiology,Alexandria,Alexandria,P0006,NeuroCalm,Molecule F,9,36,45
2025-10-01,HCP0009,Cardiology,Alexandria,Alexandria,P0007,ArthroRelief,Molecule G,14,41,55
2025-10-01,HCP0009,Cardiology,Alexandria,Alexandria,P0008,Dermacare,Molecule H,31,14,45
2025-10-01,HCP0009,Cardiology,Alexandria,Alexandria,P0009,LipiControl,Molecule I,8,95,103
2025-10-01,HCP0009,Cardiology,Alexandria,Alexandria,P0010,GastroEase,Molecule J,16,19,35
2025-10-01,HCP0010,Orthopedics,Cairo,Cairo West,P0001,CardioSafe,Molecule A,32,32,64
2025-10-01,HCP0010,Orthopedics,Cairo,Cairo West,P0002,GlucoMax,Molecule B,8,74,82
2025-10-01,HCP0010,Orthopedics,Cairo,Cairo West,P0003,Respira,Molecule C,7,41,48
2025-10-01,HCP0010,Orthopedics,Cairo,Cairo West,P0004,PainFree,Molecule D,27,91,118
2025-10-01,HCP0010,Orthopedics,Cairo,Cairo West,P0005,Infecto,Molecule E,17,55,72
2025-10-01,HCP0010,Orthopedics,Cairo,Cairo West,P0006,NeuroCalm,Molecule F,37,79,116
2025-10-01,HCP0010,Orthopedics,Cairo,Cairo West,P0007,ArthroRelief,Molecule G,20,27,47
2025-10-01,HCP0010,Orthopedics,Cairo,Cairo West,P0008,Dermacare,Molecule H,6,73,79
2025-10-01,HCP0010,Orthopedics,Cairo,Cairo West,P0009,LipiControl,Molecule I,11,23,34
2025-10-01,HCP0010,Orthopedics,Cairo,Cairo West,P0010,GastroEase,Molecule J,16,40,56
2025-11-01,HCP0001,Cardiology,Cairo,Cairo East,P0001,CardioSafe,Molecule A,28,30,58
2025-11-01,HCP0001,Cardiology,Cairo,Cairo East,P0002,GlucoMax,Molecule B,28,48,76
2025-11-01,HCP0001,Cardiology,Cairo,Cairo East,P0003,Respira,Molecule C,4,69,73
2025-11-01,HCP0001,Cardiology,Cairo,Cairo East,P0004,PainFree,Molecule D,6,62,68
2025-11-01,HCP0001,Cardiology,Cairo,Cairo East,P0005,Infecto,Molecule E,34,39,73
2025-11-01,HCP0001,Cardiology,Cairo,Cairo East,P0006,NeuroCalm,Molecule F,4,23,27
2025-11-01,HCP0001,Cardiology,Cairo,Cairo East,P0007,ArthroRelief,Molecule G,30,26,56
2025-11-01,HCP0001,Cardiology,Cairo,Cairo East,P0008,Dermacare,Molecule H,17,76,93
2025-11-01,HCP0001,Cardiology,Cairo,Cairo East,P0009,LipiControl,Molecule I,7,61,68
2025-11-01,HCP0001,Cardiology,Cairo,Cairo East,P0010,GastroEase,Molecule J,7,67,74
2025-11-01,HCP0002,Internal Medicine,Cairo,Cairo West,P0001,CardioSafe,Molecule A,23,55,78
2025-11-01,HCP0002,Internal Medicine,Cairo,Cairo West,P0002,GlucoMax,Molecule B,29,30,59
2025-11-01,HCP0002,Internal Medicine,Cairo,Cairo West,P0003,Respira,Molecule C,37,13,50
2025-11-01,HCP0002,Internal Medicine,Cairo,Cairo West,P0004,PainFree,Molecule D,26,32,58
2025-11-01,HCP0002,Internal Medicine,Cairo,Cairo West,P0005,Infecto,Molecule E,35,27,62
2025-11-01,HCP0002,Internal Medicine,Cairo,Cairo West,P0006,NeuroCalm,Molecule F,38,31,69
2025-11-01,HCP0002,Internal Medicine,Cairo,Cairo West,P0007,ArthroRelief,Molecule G,7,17,24
2025-11-01,HCP0002,Internal Medicine,Cairo,Cairo West,P0008,Dermacare,Molecule H,25,66,91
2025-11-01,HCP0002,Internal Medicine,Cairo,Cairo West,P0009,LipiControl,Molecule I,24,86,110
2025-11-01,HCP0002,Internal Medicine,Cairo,Cairo West,P0010,GastroEase,Molecule J,19,99,118
2025-11-01,HCP0003,Endocrinology,Giza,Giza,P0001,CardioSafe,Molecule A,35,22,57
2025-11-01,HCP0003,Endocrinology,Giza,Giza,P0002,GlucoMax,Molecule B,27,49,76
2025-11-01,HCP0003,Endocrinology,Giza,Giza,P0003,Respira,Molecule C,18,59,77
2025-11-01,HCP0003,Endocrinology,Giza,Giza,P0004,PainFree,Molecule D,36,58,94
2025-11-01,HCP0003,Endocrinology,Giza,Giza,P0005,Infecto,Molecule E,5,89,94
2025-11-01,HCP0003,Endocrinology,Giza,Giza,P0006,NeuroCalm,Molecule F,29,40,69
2025-11-01,HCP0003,Endocrinology,Giza,Giza,P0007,ArthroRelief,Molecule G,24,86,110
2025-11-01,HCP0003,Endocrinology,Giza,Giza,P0008,Dermacare,Molecule H,14,80,94
2025-11-01,HCP0003,Endocrinology,Giza,Giza,P0009,LipiControl,Molecule I,12,82,94
2025-11-01,HCP0003,Endocrinology,Giza,Giza,P0010,GastroEase,Molecule J,10,93,103
2025-11-01,HCP0004,Pediatrics,Alexandria,Alexandria,P0001,CardioSafe,Molecule A,23,77,100
2025-11-01,HCP0004,Pediatrics,Alexandria,Alexandria,P0002,GlucoMax,Molecule B,17,31,48
2025-11-01,HCP0004,Pediatrics,Alexandria,Alexandria,P0003,Respira,Molecule C,21,38,59
2025-11-01,HCP0004,Pediatrics,Alexandria,Alexandria,P0004,PainFree,Molecule D,14,67,81
2025-11-01,HCP0004,Pediatrics,Alexandria,Alexandria,P0005,Infecto,Molecule E,24,93,117
2025-11-01,HCP0004,Pediatrics,Alexandria,Alexandria,P0006,NeuroCalm,Molecule F,7,61,68
2025-11-01,HCP0004,Pediatrics,Alexandria,Alexandria,P0007,ArthroRelief,Molecule G,13,66,79
2025-11-01,HCP0004,Pediatrics,Alexandria,Alexandria,P0008,Dermacare,Molecule H,33,86,119
2025-11-01,HCP0004,Pediatrics,Alexandria,Alexandria,P0009,LipiControl,Molecule I,6,42,48
2025-11-01,HCP0004,Pediatrics,Alexandria,Alexandria,P0010,GastroEase,Molecule J,33,88,121
2025-11-01,HCP0005,Pulmonology,Mansoura,Delta,P0001,CardioSafe,Molecule A,35,80,115
2025-11-01,HCP0005,Pulmonology,Mansoura,Delta,P0002,GlucoMax,Molecule B,31,21,52
2025-11-01,HCP0005,Pulmonology,Mansoura,Delta,P0003,Respira,Molecule C,24,32,56
2025-11-01,HCP0005,Pulmonology,Mansoura,Delta,P0004,PainFree,Molecule D,25,72,97
2025-11-01,HCP0005,Pulmonology,Mansoura,Delta,P0005,Infecto,Molecule E,19,86,105
2025-11-01,HCP0005,Pulmonology,Mansoura,Delta,P0006,NeuroCalm,Molecule F,3,98,101
2025-11-01,HCP0005,Pulmonology,Mansoura,Delta,P0007,ArthroRelief,Molecule G,26,60,86
2025-11-01,HCP0005,Pulmonology,Mansoura,Delta,P0008,Dermacare,Molecule H,3,56,59
2025-11-01,HCP0005,Pulmonology,Mansoura,Delta,P0009,LipiControl,Molecule I,32,82,114
2025-11-01,HCP0005,Pulmonology,Mansoura,Delta,P0010,GastroEase,Molecule J,24,73,97
2025-11-01,HCP0006,Neurology,Assiut,Upper Egypt,P0001,CardioSafe,Molecule A,38,49,87
2025-11-01,HCP0006,Neurology,Assiut,Upper Egypt,P0002,GlucoMax,Molecule B,22,78,100
2025-11-01,HCP0006,Neurology,Assiut,Upper Egypt,P0003,Respira,Molecule C,24,94,118
2025-11-01,HCP0006,Neurology,Assiut,Upper Egypt,P0004,PainFree,Molecule D,5,40,45
2025-11-01,HCP0006,Neurology,Assiut,Upper Egypt,P0005,Infecto,Molecule E,35,28,63
2025-11-01,HCP0006,Neurology,Assiut,Upper Egypt,P0006,NeuroCalm,Molecule F,33,55,88
2025-11-01,HCP0006,Neurology,Assiut,Upper Egypt,P0007,ArthroRelief,Molecule G,31,33,64
2025-11-01,HCP0006,Neurology,Assiut,Upper Egypt,P0008,Dermacare,Molecule H,5,5,10
2025-11-01,HCP0006,Neurology,Assiut,Upper Egypt,P0009,LipiControl,Molecule I,28,90,118
2025-11-01,HCP0006,Neurology,Assiut,Upper Egypt,P0010,GastroEase,Molecule J,27,38,65
2025-11-01,HCP0007,Dermatology,Cairo,Cairo East,P0001,CardioSafe,Molecule A,35,69,104
2025-11-01,HCP0007,Dermatology,Cairo,Cairo East,P0002,GlucoMax,Molecule B,35,22,57
2025-11-01,HCP0007,Dermatology,Cairo,Cairo East,P0003,Respira,Molecule C,28,45,73
2025-11-01,HCP0007,Dermatology,Cairo,Cairo East,P0004,PainFree,Molecule D,33,9,42
2025-11-01,HCP0007,Dermatology,Cairo,Cairo East,P0005,Infecto,Molecule E,9,30,39
2025-11-01,HCP0007,Dermatology,Cairo,Cairo East,P0006,NeuroCalm,Molecule F,38,84,122
2025-11-01,HCP0007,Dermatology,Cairo,Cairo East,P0007,ArthroRelief,Molecule G,22,8,30
2025-11-01,HCP0007,Dermatology,Cairo,Cairo East,P0008,Dermacare,Molecule H,33,60,93
2025-11-01,HCP0007,Dermatology,Cairo,Cairo East,P0009,LipiControl,Molecule I,37,93,130
2025-11-01,HCP0007,Dermatology,Cairo,Cairo East,P0010,GastroEase,Molecule J,34,46,80
2025-11-01,HCP0008,GP,Giza,Giza,P0001,CardioSafe,Molecule A,35,74,109
2025-11-01,HCP0008,GP,Giza,Giza,P0002,GlucoMax,Molecule B,26,42,68
2025-11-01,HCP0008,GP,Giza,Giza,P0003,Respira,Molecule C,30,39,69
2025-11-01,HCP0008,GP,Giza,Giza,P0004,PainFree,Molecule D,16,43,59
2025-11-01,HCP0008,GP,Giza,Giza,P0005,Infecto,Molecule E,28,97,125
2025-11-01,HCP0008,GP,Giza,Giza,P0006,NeuroCalm,Molecule F,20,12,32
2025-11-01,HCP0008,GP,Giza,Giza,P0007,ArthroRelief,Molecule G,30,6,36
2025-11-01,HCP0008,GP,Giza,Giza,P0008,Dermacare,Molecule H,16,48,64
2025-11-01,HCP0008,GP,Giza,Giza,P0009,LipiControl,Molecule I,10,29,39
2025-11-01,HCP0008,GP,Giza,Giza,P0010,GastroEase,Molecule J,14,36,50
2025-11-01,HCP0009,Cardiology,Alexandria,Alexandria,P0001,CardioSafe,Molecule A,9,96,105
2025-11-01,HCP0009,Cardiology,Alexandria,Alexandria,P0002,GlucoMax,Molecule B,20,13,33
2025-11-01,HCP0009,Cardiology,Alexandria,Alexandria,P0003,Respira,Molecule C,26,30,56
2025-11-01,HCP0009,Cardiology,Alexandria,Alexandria,P0004,PainFree,Molecule D,14,72,86
2025-11-01,HCP0009,Cardiology,Alexandria,Alexandria,P0005,Infecto,Molecule E,2,99,101
2025-11-01,HCP0009,Cardiology,Alexandria,Alexandria,P0006,NeuroCalm,Molecule F,24,87,111
2025-11-01,HCP0009,Cardiology,Alexandria,Alexandria,P0007,ArthroRelief,Molecule G,24,67,91
2025-11-01,HCP0009,Cardiology,Alexandria,Alexandria,P0008,Dermacare,Molecule H,26,76,102
2025-11-01,HCP0009,Cardiology,Alexandria,Alexandria,P0009,LipiControl,Molecule I,32,81,113
2025-11-01,HCP0009,Cardiology,Alexandria,Alexandria,P0010,GastroEase,Molecule J,10,35,45
2025-11-01,HCP0010,Orthopedics,Cairo,Cairo West,P0001,CardioSafe,Molecule A,17,6,23
2025-11-01,HCP0010,Orthopedics,Cairo,Cairo West,P0002,GlucoMax,Molecule B,7,76,83
2025-11-01,HCP0010,Orthopedics,Cairo,Cairo West,P0003,Respira,Molecule C,6,33,39
2025-11-01,HCP0010,Orthopedics,Cairo,Cairo West,P0004,PainFree,Molecule D,12,43,55
2025-11-01,HCP0010,Orthopedics,Cairo,Cairo West,P0005,Infecto,Molecule E,26,90,116
2025-11-01,HCP0010,Orthopedics,Cairo,Cairo West,P0006,NeuroCalm,Molecule F,34,8,42
2025-11-01,HCP0010,Orthopedics,Cairo,Cairo West,P0007,ArthroRelief,Molecule G,3,63,66
2025-11-01,HCP0010,Orthopedics,Cairo,Cairo West,P0008,Dermacare,Molecule H,15,68,83
2025-11-01,HCP0010,Orthopedics,Cairo,Cairo West,P0009,LipiControl,Molecule I,39,38,77
2025-11-01,HCP0010,Orthopedics,Cairo,Cairo West,P0010,GastroEase,Molecule J,17,59,76
2025-12-01,HCP0001,Cardiology,Cairo,Cairo East,P0001,CardioSafe,Molecule A,37,75,112
2025-12-01,HCP0001,Cardiology,Cairo,Cairo East,P0002,GlucoMax,Molecule B,25,77,102
2025-12-01,HCP0001,Cardiology,Cairo,Cairo East,P0003,Respira,Molecule C,33,5,38
2025-12-01,HCP0001,Cardiology,Cairo,Cairo East,P0004,PainFree,Molecule D,7,76,83
2025-12-01,HCP0001,Cardiology,Cairo,Cairo East,P0005,Infecto,Molecule E,39,47,86
2025-12-01,HCP0001,Cardiology,Cairo,Cairo East,P0006,NeuroCalm,Molecule F,8,18,26
2025-12-01,HCP0001,Cardiology,Cairo,Cairo East,P0007,ArthroRelief,Molecule G,3,86,89
2025-12-01,HCP0001,Cardiology,Cairo,Cairo East,P0008,Dermacare,Molecule H,19,25,44
2025-12-01,HCP0001,Cardiology,Cairo,Cairo East,P0009,LipiControl,Molecule I,30,61,91
2025-12-01,HCP0001,Cardiology,Cairo,Cairo East,P0010,GastroEase,Molecule J,9,15,24
2025-12-01,HCP0002,Internal Medicine,Cairo,Cairo West,P0001,CardioSafe,Molecule A,8,49,57
2025-12-01,HCP0002,Internal Medicine,Cairo,Cairo West,P0002,GlucoMax,Molecule B,5,29,34
2025-12-01,HCP0002,Internal Medicine,Cairo,Cairo West,P0003,Respira,Molecule C,4,52,56
2025-12-01,HCP0002,Internal Medicine,Cairo,Cairo West,P0004,PainFree,Molecule D,23,76,99
2025-12-01,HCP0002,Internal Medicine,Cairo,Cairo West,P0005,Infecto,Molecule E,5,12,17
2025-12-01,HCP0002,Internal Medicine,Cairo,Cairo West,P0006,NeuroCalm,Molecule F,17,78,95
2025-12-01,HCP0002,Internal Medicine,Cairo,Cairo West,P0007,ArthroRelief,Molecule G,10,37,47
2025-12-01,HCP0002,Internal Medicine,Cairo,Cairo West,P0008,Dermacare,Molecule H,20,19,39
2025-12-01,HCP0002,Internal Medicine,Cairo,Cairo West,P0009,LipiControl,Molecule I,25,66,91
2025-12-01,HCP0002,Internal Medicine,Cairo,Cairo West,P0010,GastroEase,Molecule J,24,54,78
2025-12-01,HCP0003,Endocrinology,Giza,Giza,P0001,CardioSafe,Molecule A,33,32,65
2025-12-01,HCP0003,Endocrinology,Giza,Giza,P0002,GlucoMax,Molecule B,2,55,57
2025-12-01,HCP0003,Endocrinology,Giza,Giza,P0003,Respira,Molecule C,33,36,69
2025-12-01,HCP0003,Endocrinology,Giza,Giza,P0004,PainFree,Molecule D,24,65,89
2025-12-01,HCP0003,Endocrinology,Giza,Giza,P0005,Infecto,Molecule E,31,21,52
2025-12-01,HCP0003,Endocrinology,Giza,Giza,P0006,NeuroCalm,Molecule F,37,36,73
2025-12-01,HCP0003,Endocrinology,Giza,Giza,P0007,ArthroRelief,Molecule G,14,98,112
2025-12-01,HCP0003,Endocrinology,Giza,Giza,P0008,Dermacare,Molecule H,27,8,35
2025-12-01,HCP0003,Endocrinology,Giza,Giza,P0009,LipiControl,Molecule I,10,85,95
2025-12-01,HCP0003,Endocrinology,Giza,Giza,P0010,GastroEase,Molecule J,34,19,53
2025-12-01,HCP0004,Pediatrics,Alexandria,Alexandria,P0001,CardioSafe,Molecule A,11,97,108
2025-12-01,HCP0004,Pediatrics,Alexandria,Alexandria,P0002,GlucoMax,Molecule B,11,86,97
2025-12-01,HCP0004,Pediatrics,Alexandria,Alexandria,P0003,Respira,Molecule C,21,84,105
2025-12-01,HCP0004,Pediatrics,Alexandria,Alexandria,P0004,PainFree,Molecule D,17,97,114
2025-12-01,HCP0004,Pediatrics,Alexandria,Alexandria,P0005,Infecto,Molecule E,5,59,64
2025-12-01,HCP0004,Pediatrics,Alexandria,Alexandria,P0006,NeuroCalm,Molecule F,14,33,47
2025-12-01,HCP0004,Pediatrics,Alexandria,Alexandria,P0007,ArthroRelief,Molecule G,16,55,71
2025-12-01,HCP0004,Pediatrics,Alexandria,Alexandria,P0008,Dermacare,Molecule H,36,32,68
2025-12-01,HCP0004,Pediatrics,Alexandria,Alexandria,P0009,LipiControl,Molecule I,25,58,83
2025-12-01,HCP0004,Pediatrics,Alexandria,Alexandria,P0010,GastroEase,Molecule J,9,56,65
2025-12-01,HCP0005,Pulmonology,Mansoura,Delta,P0001,CardioSafe,Molecule A,21,81,102
2025-12-01,HCP0005,Pulmonology,Mansoura,Delta,P0002,GlucoMax,Molecule B,23,90,113
2025-12-01,HCP0005,Pulmonology,Mansoura,Delta,P0003,Respira,Molecule C,25,52,77
2025-12-01,HCP0005,Pulmonology,Mansoura,Delta,P0004,PainFree,Molecule D,10,9,19
2025-12-01,HCP0005,Pulmonology,Mansoura,Delta,P0005,Infecto,Molecule E,37,53,90
2025-12-01,HCP0005,Pulmonology,Mansoura,Delta,P0006,NeuroCalm,Molecule F,13,36,49
2025-12-01,HCP0005,Pulmonology,Mansoura,Delta,P0007,ArthroRelief,Molecule G,24,41,65
2025-12-01,HCP0005,Pulmonology,Mansoura,Delta,P0008,Dermacare,Molecule H,2,23,25
2025-12-01,HCP0005,Pulmonology,Mansoura,Delta,P0009,LipiControl,Molecule I,6,68,74
2025-12-01,HCP0005,Pulmonology,Mansoura,Delta,P0010,GastroEase,Molecule J,32,76,108
2025-12-01,HCP0006,Neurology,Assiut,Upper Egypt,P0001,CardioSafe,Molecule A,4,10,14
2025-12-01,HCP0006,Neurology,Assiut,Upper Egypt,P0002,GlucoMax,Molecule B,36,25,61
2025-12-01,HCP0006,Neurology,Assiut,Upper Egypt,P0003,Respira,Molecule C,25,24,49
2025-12-01,HCP0006,Neurology,Assiut,Upper Egypt,P0004,PainFree,Molecule D,32,14,46
2025-12-01,HCP0006,Neurology,Assiut,Upper Egypt,P0005,Infecto,Molecule E,18,7,25
2025-12-01,HCP0006,Neurology,Assiut,Upper Egypt,P0006,NeuroCalm,Molecule F,26,19,45
2025-12-01,HCP0006,Neurology,Assiut,Upper Egypt,P0007,ArthroRelief,Molecule G,24,19,43
2025-12-01,HCP0006,Neurology,Assiut,Upper Egypt,P0008,Dermacare,Molecule H,21,41,62
2025-12-01,HCP0006,Neurology,Assiut,Upper Egypt,P0009,LipiControl,Molecule I,18,54,72
2025-12-01,HCP0006,Neurology,Assiut,Upper Egypt,P0010,GastroEase,Molecule J,3,15,18
2025-12-01,HCP0007,Dermatology,Cairo,Cairo East,P0001,CardioSafe,Molecule A,35,84,119
2025-12-01,HCP0007,Dermatology,Cairo,Cairo East,P0002,GlucoMax,Molecule B,6,17,23
2025-12-01,HCP0007,Dermatology,Cairo,Cairo East,P0003,Respira,Molecule C,16,5,21
2025-12-01,HCP0007,Dermatology,Cairo,Cairo East,P0004,PainFree,Molecule D,32,9,41
2025-12-01,HCP0007,Dermatology,Cairo,Cairo East,P0005,Infecto,Molecule E,13,74,87
2025-12-01,HCP0007,Dermatology,Cairo,Cairo East,P0006,NeuroCalm,Molecule F,5,63,68
2025-12-01,HCP0007,Dermatology,Cairo,Cairo East,P0007,ArthroRelief,Molecule G,5,51,56
2025-12-01,HCP0007,Dermatology,Cairo,Cairo East,P0008,Dermacare,Molecule H,14,92,106
2025-12-01,HCP0007,Dermatology,Cairo,Cairo East,P0009,LipiControl,Molecule I,9,89,98
2025-12-01,HCP0007,Dermatology,Cairo,Cairo East,P0010,GastroEase,Molecule J,18,31,49
2025-12-01,HCP0008,GP,Giza,Giza,P0001,CardioSafe,Molecule A,19,89,108
2025-12-01,HCP0008,GP,Giza,Giza,P0002,GlucoMax,Molecule B,38,53,91
2025-12-01,HCP0008,GP,Giza,Giza,P0003,Respira,Molecule C,13,54,67
2025-12-01,HCP0008,GP,Giza,Giza,P0004,PainFree,Molecule D,35,22,57
2025-12-01,HCP0008,GP,Giza,Giza,P0005,Infecto,Molecule E,8,16,24
2025-12-01,HCP0008,GP,Giza,Giza,P0006,NeuroCalm,Molecule F,26,74,100
2025-12-01,HCP0008,GP,Giza,Giza,P0007,ArthroRelief,Molecule G,7,38,45
2025-12-01,HCP0008,GP,Giza,Giza,P0008,Dermacare,Molecule H,16,32,48
2025-12-01,HCP0008,GP,Giza,Giza,P0009,LipiControl,Molecule I,17,96,113
2025-12-01,HCP0008,GP,Giza,Giza,P0010,GastroEase,Molecule J,7,43,50
2025-12-01,HCP0009,Cardiology,Alexandria,Alexandria,P0001,CardioSafe,Molecule A,18,71,89
2025-12-01,HCP0009,Cardiology,Alexandria,Alexandria,P0002,GlucoMax,Molecule B,19,68,87
2025-12-01,HCP0009,Cardiology,Alexandria,Alexandria,P0003,Respira,Molecule C,3,17,20
2025-12-01,HCP0009,Cardiology,Alexandria,Alexandria,P0004,PainFree,Molecule D,13,11,24
2025-12-01,HCP0009,Cardiology,Alexandria,Alexandria,P0005,Infecto,Molecule E,11,74,85
2025-12-01,HCP0009,Cardiology,Alexandria,Alexandria,P0006,NeuroCalm,Molecule F,4,58,62
2025-12-01,HCP0009,Cardiology,Alexandria,Alexandria,P0007,ArthroRelief,Molecule G,26,94,120
2025-12-01,HCP0009,Cardiology,Alexandria,Alexandria,P0008,Dermacare,Molecule H,35,45,80
2025-12-01,HCP0009,Cardiology,Alexandria,Alexandria,P0009,LipiControl,Molecule I,35,98,133
2025-12-01,HCP0009,Cardiology,Alexandria,Alexandria,P0010,GastroEase,Molecule J,3,8,11
2025-12-01,HCP0010,Orthopedics,Cairo,Cairo West,P0001,CardioSafe,Molecule A,3,25,28
2025-12-01,HCP0010,Orthopedics,Cairo,Cairo West,P0002,GlucoMax,Molecule B,31,37,68
2025-12-01,HCP0010,Orthopedics,Cairo,Cairo West,P0003,Respira,Molecule C,26,64,90
2025-12-01,HCP0010,Orthopedics,Cairo,Cairo West,P0004,PainFree,Molecule D,34,62,96
2025-12-01,HCP0010,Orthopedics,Cairo,Cairo West,P0005,Infecto,Molecule E,6,53,59
2025-12-01,HCP0010,Orthopedics,Cairo,Cairo West,P0006,NeuroCalm,Molecule F,3,11,14
2025-12-01,HCP0010,Orthopedics,Cairo,Cairo West,P0007,ArthroRelief,Molecule G,17,19,36
2025-12-01,HCP0010,Orthopedics,Cairo,Cairo West,P0008,Dermacare,Molecule H,24,62,86
2025-12-01,HCP0010,Orthopedics,Cairo,Cairo West,P0009,LipiControl,Molecule I,38,5,43
2025-12-01,HCP0010,Orthopedics,Cairo,Cairo West,P0010,GastroEase,Molecule J,21,19,40
