Month,Outlet_ID,Outlet_Type,Region,Product_ID,Brand,Manufacturer,Units,Sales_Value,Transaction_Type,Territory_ID
2023-01-01,OUT00108,Clinic,Alexandria,P0008,Dermacare,Theta Pharma,50,8976.86,Sell-in,T004
2023-01-01,OUT00114,Clinic,Delta,P0006,NeuroCalm,Zeta Pharma,750,45536.99,Sell-in,T021
2023-01-01,OUT00079,Clinic,Upper Egypt,P0009,LipiControl,Iota Pharma,645,53374.0,Sell-in,T006
2023-01-01,OUT00044,Independent Pharmacy,Cairo,P0004,PainFree,Delta Pharma,46,1456.44,Sell-in,T024
2023-01-01,OUT00058,Hospital,Giza,P0004,PainFree,Delta Pharma,602,22025.11,Sell-in,T027
2023-01-01,OUT00038,Clinic,Giza,P0009,LipiControl,Iota Pharma,578,50480.73,Sell-in,T019
2023-01-01,OUT00099,Clinic,Delta,P0002,GlucoMax,Beta Pharma,634,107578.5,Sell-in,T017
2023-01-01,OUT00069,Chain Pharmacy,Delta,P0010,GastroEase,Kappa Pharma,781,136433.23,Sell-in,T018
2023-01-01,OUT00022,Independent Pharmacy,Upper Egypt,P0001,CardioSafe,Alpha Pharma,82,8417.07,Sell-in,T015
2023-01-01,OUT00008,Hospital,Alexandria,P0002,GlucoMax,Beta Pharma,563,50884.42,Sell-in,T026
2023-01-01,OUT00115,Clinic,Delta,P0009,LipiControl,Iota Pharma,549,21422.31,Sell-in,T015
2023-01-01,OUT00091,Independent Pharmacy,Delta,P0001,CardioSafe,Alpha Pharma,62,3209.08,Sell-in,T030
2023-01-01,OUT00070,Chain Pharmacy,Giza,P0008,Dermacare,Theta Pharma,86,10425.2,Sell-in,T026
2023-01-01,OUT00016,Clinic,Giza,P0005,Infecto,Epsilon Pharma,649,32754.7,Sell-in,T006
2023-01-01,OUT00039,Chain Pharmacy,Upper Egypt,P0006,NeuroCalm,Zeta Pharma,817,53183.83,Sell-in,T025
2023-01-01,OUT00037,Clinic,Giza,P0003,Respira,Gamma Pharma,662,27638.42,Sell-in,T006
2023-01-01,OUT00064,Hospital,Cairo,P0003,Respira,Gamma Pharma,707,60889.24,Sell-in,T009
2023-01-01,OUT00042,Hospital,Delta,P0004,PainFree,Delta Pharma,612,94582.21,Sell-in,T030
2023-01-01,OUT00031,Independent Pharmacy,Canal,P0002,GlucoMax,Beta Pharma,770,113088.94,Sell-in,T024
2023-01-01,OUT00018,Independent Pharmacy,Canal,P0007,ArthroRelief,Eta Pharma,464,57569.77,Sell-in,T007
2023-01-01,OUT00103,Independent Pharmacy,Alexandria,P0004,PainFree,Delta Pharma,684,59649.2,Sell-in,T010
2023-01-01,OUT00063,Hospital,Alexandria,P0006,NeuroCalm,Zeta Pharma,466,83792.88,Sell-in,T008
2023-01-01,OUT00061,Independent Pharmacy,Alexandria,P0003,Respira,Gamma Pharma,118,8852.97,Sell-in,T023
2023-01-01,OUT00111,Hospital,Upper Egypt,P0002,GlucoMax,Beta Pharma,76,9341.59,Sell-in,T027
2023-01-01,OUT00104,Chain Pharmacy,Upper Egypt,P0004,PainFree,Delta Pharma,897,67704.46,Sell-in,T030
2023-01-01,OUT00014,Chain Pharmacy,Upper Egypt,P0005,Infecto,Epsilon Pharma,112,8535.79,Sell-in,T011
2023-01-01,OUT00002,Chain Pharmacy,Upper Egypt,P0001,CardioSafe,Alpha Pharma,778,139788.82,Sell-in,T002
2023-01-01,OUT00046,Clinic,Canal,P0009,LipiControl,Iota Pharma,150,3963.96,Sell-in,T019
2023-01-01,OUT00118,Clinic,Upper Egypt,P0009,LipiControl,Iota Pharma,393,15316.49,Sell-in,T009
2023-01-01,OUT00113,Chain Pharmacy,Delta,P0001,CardioSafe,Alpha Pharma,374,45122.22,Sell-in,T030
2023-01-01,OUT00036,Hospital,Upper Egypt,P0004,PainFree,Delta Pharma,167,7577.56,Sell-in,T026
2023-01-01,OUT00074,Clinic,Alexandria,P0005,Infecto,Epsilon Pharma,407,11547.78,Sell-in,T011
2023-01-01,OUT00088,Clinic,Canal,P0007,ArthroRelief,Eta Pharma,299,13419.56,Sell-in,T005
2023-01-01,OUT00116,Hospital,Giza,P0003,Respira,Gamma Pharma,822,93879.41,Sell-in,T014
2023-01-01,OUT00120,Chain Pharmacy,Alexandria,P0004,PainFree,Delta Pharma,94,8898.62,Sell-in,T009
2023-01-01,OUT00017,Chain Pharmacy,Giza,P0004,PainFree,Delta Pharma,324,61295.96,Sell-in,T018
2023-01-01,OUT00072,Clinic,Upper Egypt,P0005,Infecto,Epsilon Pharma,320,22606.31,Sell-in,T024
2023-01-01,OUT00065,Chain Pharmacy,Delta,P0009,LipiControl,Iota Pharma,67,10895.06,Sell-in,T002
2023-01-01,OUT00068,Independent Pharmacy,Canal,P0001,CardioSafe,Alpha Pharma,856,144349.88,Sell-in,T021
2023-01-01,OUT00003,Hospital,Upper Egypt,P0008,Dermacare,Theta Pharma,525,92183.22,Sell-in,T016
2023-01-01,OUT00096,Chain Pharmacy,Cairo,P0008,Dermacare,Theta Pharma,634,48644.09,Sell-in,T007
2023-01-01,OUT00040,Independent Pharmacy,Alexandria,P0010,GastroEase,Kappa Pharma,127,16426.27,Sell-in,T012
2023-01-01,OUT00030,Clinic,Cairo,P0009,LipiControl,Iota Pharma,677,127488.76,Sell-in,T006
2023-01-01,OUT00033,Hospital,Canal,P0010,GastroEase,Kappa Pharma,526,87787.03,Sell-in,T018
2023-01-01,OUT00009,Clinic,Canal,P0001,CardioSafe,Alpha Pharma,223,19793.83,Sell-in,T006
2023-01-01,OUT00087,Clinic,Upper Egypt,P0006,NeuroCalm,Zeta Pharma,580,40843.01,Sell-in,T026
2023-01-01,OUT00078,Chain Pharmacy,Giza,P0007,ArthroRelief,Eta Pharma,263,25203.41,Sell-in,T027
2023-01-01,OUT00021,Chain Pharmacy,Upper Egypt,P0004,PainFree,Delta Pharma,519,34261.25,Sell-in,T015
2023-01-01,OUT00027,Chain Pharmacy,Alexandria,P0004,PainFree,Delta Pharma,334,53197.46,Sell-in,T011
2023-01-01,OUT00089,Hospital,Alexandria,P0006,NeuroCalm,Zeta Pharma,135,21082.75,Sell-in,T009
2023-01-01,OUT00071,Clinic,Alexandria,P0004,PainFree,Delta Pharma,669,83228.18,Sell-in,T009
2023-01-01,OUT00098,Independent Pharmacy,Alexandria,P0003,Respira,Gamma Pharma,671,108174.98,Sell-in,T013
2023-01-01,OUT00112,Independent Pharmacy,Delta,P0002,GlucoMax,Beta Pharma,840,128445.81,Sell-in,T001
2023-01-01,OUT00090,Clinic,Upper Egypt,P0008,Dermacare,Theta Pharma,314,42143.81,Sell-in,T029
2023-01-01,OUT00026,Clinic,Cairo,P0005,Infecto,Epsilon Pharma,572,17490.44,Sell-in,T018
2023-01-01,OUT00102,Hospital,Delta,P0003,Respira,Gamma Pharma,251,30056.06,Sell-in,T014
2023-01-01,OUT00093,Hospital,Upper Egypt,P0005,Infecto,Epsilon Pharma,305,48888.77,Sell-in,T003
2023-01-01,OUT00110,Chain Pharmacy,Upper Egypt,P0005,Infecto,Epsilon Pharma,450,22306.34,Sell-in,T027
2023-01-01,OUT00082,Clinic,Upper Egypt,P0005,Infecto,Epsilon Pharma,143,9238.7,Sell-in,T023
2023-01-01,OUT00024,Chain Pharmacy,Canal,P0009,LipiControl,Iota Pharma,496,14928.56,Sell-in,T016
2023-01-01,OUT00048,Clinic,Giza,P0004,PainFree,Delta Pharma,135,21252.67,Sell-in,T011
2023-01-01,OUT00094,Chain Pharmacy,Cairo,P0009,LipiControl,Iota Pharma,117,6993.32,Sell-in,T019
2023-01-01,OUT00075,Clinic,Delta,P0003,Respira,Gamma Pharma,233,15029.02,Sell-in,T009
2023-01-01,OUT00019,Hospital,Giza,P0001,CardioSafe,Alpha Pharma,195,5787.46,Sell-in,T017
2023-01-01,OUT00053,Chain Pharmacy,Cairo,P0004,PainFree,Delta Pharma,170,5466.31,Sell-in,T008
2023-01-01,OUT00051,Independent Pharmacy,Giza,P0008,Dermacare,Theta Pharma,513,73280.07,Sell-in,T018
2023-01-01,OUT00028,Independent Pharmacy,Alexandria,P0006,NeuroCalm,Zeta Pharma,742,42439.08,Sell-in,T028
2023-01-01,OUT00119,Hospital,Alexandria,P0010,GastroEase,Kappa Pharma,513,42954.22,Sell-in,T028
2023-01-01,OUT00007,Independent Pharmacy,Upper Egypt,P0002,GlucoMax,Beta Pharma,553,70365.12,Sell-in,T020
2023-01-01,OUT00023,Independent Pharmacy,Cairo,P0003,Respira,Gamma Pharma,471,44378.23,Sell-in,T014
2023-01-01,OUT00015,Clinic,Cairo,P0010,GastroEase,Kappa Pharma,496,22099.8,Sell-in,T019
2023-01-01,OUT00066,Clinic,Delta,P0010,GastroEase,Kappa Pharma,786,91697.08,Sell-in,T027
2023-01-01,OUT00011,Clinic,Delta,P0004,PainFree,Delta Pharma,647,104959.45,Sell-in,T001
2023-01-01,OUT00001,Clinic,Canal,P0003,Respira,Gamma Pharma,838,83530.44,Sell-in,T026
2023-01-01,OUT00106,Clinic,Delta,P0002,GlucoMax,Beta Pharma,810,143355.35,Sell-in,T022
2023-01-01,OUT00006,Hospital,Giza,P0005,Infecto,Epsilon Pharma,709,115896.76,Sell-in,T011
2023-01-01,OUT00100,Clinic,Canal,P0007,ArthroRelief,Eta Pharma,762,73743.3,Sell-in,T029
2023-01-01,OUT00012,Independent Pharmacy,Upper Egypt,P0002,GlucoMax,Beta Pharma,813,21286.17,Sell-in,T024
2023-01-01,OUT00092,Clinic,Canal,P0007,ArthroRelief,Eta Pharma,164,13384.6,Sell-in,T015
2023-01-01,OUT00059,Chain Pharmacy,Canal,P0002,GlucoMax,Beta Pharma,275,21554.37,Sell-in,T026
2023-02-01,OUT00074,Hospital,Cairo,P0010,GastroEase,Kappa Pharma,738,110330.58,Sell-in,T001
2023-02-01,OUT00051,Independent Pharmacy,Alexandria,P0005,Infecto,Epsilon Pharma,668,23810.74,Sell-in,T017
2023-02-01,OUT00040,Independent Pharmacy,Delta,P0006,NeuroCalm,Zeta Pharma,617,92461.92,Sell-in,T007
2023-02-01,OUT00029,Hospital,Delta,P0007,ArthroRelief,Eta Pharma,724,104666.73,Sell-in,T021
2023-02-01,OUT00055,Hospital,Alexandria,P0008,Dermacare,Theta Pharma,217,17166.14,Sell-in,T001
2023-02-01,OUT00087,Clinic,Alexandria,P0010,GastroEase,Kappa Pharma,436,32099.37,Sell-in,T006
2023-02-01,OUT00004,Hospital,Canal,P0004,PainFree,Delta Pharma,497,24645.19,Sell-in,T017
2023-02-01,OUT00048,Independent Pharmacy,Giza,P0008,Dermacare,Theta Pharma,522,74603.17,Sell-in,T021
2023-02-01,OUT00097,Clinic,Giza,P0010,GastroEase,Kappa Pharma,266,26794.56,Sell-in,T024
2023-02-01,OUT00032,Chain Pharmacy,Cairo,P0007,ArthroRelief,Eta Pharma,576,35006.88,Sell-in,T017
2023-02-01,OUT00027,Chain Pharmacy,Cairo,P0002,GlucoMax,Beta Pharma,427,69446.35,Sell-in,T006
2023-02-01,OUT00078,Clinic,Cairo,P0008,Dermacare,Theta Pharma,350,47972.21,Sell-in,T006
2023-02-01,OUT00045,Chain Pharmacy,Delta,P0003,Respira,Gamma Pharma,36,3610.21,Sell-in,T020
2023-02-01,OUT00007,Hospital,Delta,P0007,ArthroRelief,Eta Pharma,321,52967.99,Sell-in,T023
2023-02-01,OUT00101,Clinic,Upper Egypt,P0009,LipiControl,Iota Pharma,794,25177.76,Sell-in,T023
2023-02-01,OUT00011,Chain Pharmacy,Giza,P0002,GlucoMax,Beta Pharma,91,10838.68,Sell-in,T005
2023-02-01,OUT00094,Independent Pharmacy,Delta,P0010,GastroEase,Kappa Pharma,439,20145.78,Sell-in,T009
2023-02-01,OUT00115,Hospital,Delta,P0008,Dermacare,Theta Pharma,387,55575.98,Sell-in,T010
2023-02-01,OUT00028,Chain Pharmacy,Cairo,P0003,Respira,Gamma Pharma,674,44636.92,Sell-in,T015
2023-02-01,OUT00047,Chain Pharmacy,Alexandria,P0005,Infecto,Epsilon Pharma,217,13008.16,Sell-in,T018
2023-02-01,OUT00073,Chain Pharmacy,Alexandria,P0005,Infecto,Epsilon Pharma,549,40135.87,Sell-in,T022
2023-02-01,OUT00098,Hospital,Cairo,P0004,PainFree,Delta Pharma,307,19259.51,Sell-in,T004
2023-02-01,OUT00019,Chain Pharmacy,Cairo,P0005,Infecto,Epsilon Pharma,73,12442.39,Sell-in,T006
2023-02-01,OUT00023,Clinic,Delta,P0010,GastroEase,Kappa Pharma,675,58140.4,Sell-in,T015
2023-02-01,OUT00091,Independent Pharmacy,Canal,P0002,GlucoMax,Beta Pharma,792,66779.64,Sell-in,T012
2023-02-01,OUT00084,Hospital,Upper Egypt,P0002,GlucoMax,Beta Pharma,727,63775.18,Sell-in,T004
2023-02-01,OUT00092,Independent Pharmacy,Alexandria,P0004,PainFree,Delta Pharma,685,96166.44,Sell-in,T021
2023-02-01,OUT00111,Hospital,Canal,P0004,PainFree,Delta Pharma,104,15830.28,Sell-in,T003
2023-02-01,OUT00012,Clinic,Alexandria,P0001,CardioSafe,Alpha Pharma,506,78077.05,Sell-in,T011
2023-02-01,OUT00030,Hospital,Delta,P0007,ArthroRelief,Eta Pharma,140,11160.6,Sell-in,T016
2023-02-01,OUT00069,Chain Pharmacy,Alexandria,P0004,PainFree,Delta Pharma,313,52032.23,Sell-in,T013
2023-02-01,OUT00062,Chain Pharmacy,Canal,P0006,NeuroCalm,Zeta Pharma,161,25058.61,Sell-in,T020
2023-02-01,OUT00080,Independent Pharmacy,Upper Egypt,P0010,GastroEase,Kappa Pharma,541,71517.16,Sell-in,T025
2023-02-01,OUT00113,Chain Pharmacy,Delta,P0004,PainFree,Delta Pharma,758,45171.21,Sell-in,T002
2023-02-01,OUT00116,Independent Pharmacy,Delta,P0002,GlucoMax,Beta Pharma,55,6447.48,Sell-in,T017
2023-02-01,OUT00099,Independent Pharmacy,Giza,P0001,CardioSafe,Alpha Pharma,340,44742.79,Sell-in,T028
2023-02-01,OUT00031,Clinic,Canal,P0010,GastroEase,Kappa Pharma,39,4919.35,Sell-in,T007
2023-02-01,OUT00076,Chain Pharmacy,Delta,P0005,Infecto,Epsilon Pharma,631,27253.16,Sell-in,T008
2023-02-01,OUT00021,Clinic,Alexandria,P0008,Dermacare,Theta Pharma,151,6304.71,Sell-in,T008
2023-02-01,OUT00033,Chain Pharmacy,Giza,P0010,GastroEase,Kappa Pharma,247,34275.08,Sell-in,T006
2023-02-01,OUT00096,Independent Pharmacy,Delta,P0005,Infecto,Epsilon Pharma,137,5058.73,Sell-in,T009
2023-02-01,OUT00070,Chain Pharmacy,Giza,P0008,Dermacare,Theta Pharma,331,23859.57,Sell-in,T011
2023-02-01,OUT00052,Clinic,Alexandria,P0007,ArthroRelief,Eta Pharma,819,57927.91,Sell-in,T009
2023-02-01,OUT00015,Hospital,Alexandria,P0002,GlucoMax,Beta Pharma,268,35231.91,Sell-in,T002
2023-02-01,OUT00109,Clinic,Cairo,P0008,Dermacare,Theta Pharma,250,23816.37,Sell-in,T006
2023-02-01,OUT00081,Hospital,Canal,P0010,GastroEase,Kappa Pharma,145,8377.03,Sell-in,T029
2023-02-01,OUT00102,Clinic,Upper Egypt,P0004,PainFree,Delta Pharma,668,121544.33,Sell-in,T007
2023-02-01,OUT00013,Chain Pharmacy,Cairo,P0002,GlucoMax,Beta Pharma,216,24957.02,Sell-in,T003
2023-02-01,OUT00035,Independent Pharmacy,Delta,P0010,GastroEase,Kappa Pharma,699,27517.91,Sell-in,T008
2023-02-01,OUT00057,Independent Pharmacy,Giza,P0004,PainFree,Delta Pharma,681,74794.91,Sell-in,T023
2023-02-01,OUT00058,Hospital,Canal,P0010,GastroEase,Kappa Pharma,346,30811.5,Sell-in,T029
2023-02-01,OUT00063,Chain Pharmacy,Upper Egypt,P0006,NeuroCalm,Zeta Pharma,349,34809.37,Sell-in,T012
2023-02-01,OUT00038,Independent Pharmacy,Canal,P0004,PainFree,Delta Pharma,98,8689.91,Sell-in,T008
2023-02-01,OUT00008,Chain Pharmacy,Cairo,P0003,Respira,Gamma Pharma,76,2291.79,Sell-in,T009
2023-02-01,OUT00002,Hospital,Delta,P0004,PainFree,Delta Pharma,51,5937.51,Sell-in,T030
2023-02-01,OUT00061,Independent Pharmacy,Upper Egypt,P0007,ArthroRelief,Eta Pharma,795,78392.69,Sell-in,T007
2023-02-01,OUT00068,Independent Pharmacy,Cairo,P0008,Dermacare,Theta Pharma,854,134348.04,Sell-in,T022
2023-02-01,OUT00079,Chain Pharmacy,Giza,P0007,ArthroRelief,Eta Pharma,650,40611.05,Sell-in,T011
2023-02-01,OUT00071,Chain Pharmacy,Cairo,P0001,CardioSafe,Alpha Pharma,366,39889.02,Sell-in,T027
2023-02-01,OUT00034,Chain Pharmacy,Cairo,P0010,GastroEase,Kappa Pharma,819,68168.75,Sell-in,T006
2023-02-01,OUT00118,Hospital,Canal,P0002,GlucoMax,Beta Pharma,769,32218.47,Sell-in,T014
2023-02-01,OUT00114,Hospital,Delta,P0009,LipiControl,Iota Pharma,813,86340.7,Sell-in,T014
2023-02-01,OUT00022,Chain Pharmacy,Alexandria,P0004,PainFree,Delta Pharma,261,30392.57,Sell-in,T025
2023-02-01,OUT00110,Chain Pharmacy,Alexandria,P0009,LipiControl,Iota Pharma,350,14189.66,Sell-in,T006
2023-02-01,OUT00036,Hospital,Alexandria,P0005,Infecto,Epsilon Pharma,253,18000.17,Sell-in,T026
2023-02-01,OUT00090,Hospital,Giza,P0002,GlucoMax,Beta Pharma,783,26927.03,Sell-in,T009
2023-02-01,OUT00044,Chain Pharmacy,Alexandria,P0007,ArthroRelief,Eta Pharma,641,63418.51,Sell-in,T004
2023-02-01,OUT00105,Clinic,Delta,P0007,ArthroRelief,Eta Pharma,768,40427.08,Sell-in,T004
2023-02-01,OUT00065,Independent Pharmacy,Cairo,P0007,ArthroRelief,Eta Pharma,139,24373.75,Sell-in,T029
2023-02-01,OUT00103,Hospital,Upper Egypt,P0006,NeuroCalm,Zeta Pharma,253,28231.81,Sell-in,T008
2023-02-01,OUT00089,Independent Pharmacy,Delta,P0001,CardioSafe,Alpha Pharma,157,13351.51,Sell-in,T028
2023-02-01,OUT00049,Hospital,Delta,P0006,NeuroCalm,Zeta Pharma,641,100725.87,Sell-in,T021
2023-02-01,OUT00046,Independent Pharmacy,Cairo,P0010,GastroEase,Kappa Pharma,639,109806.04,Sell-in,T014
2023-02-01,OUT00085,Independent Pharmacy,Upper Egypt,P0006,NeuroCalm,Zeta Pharma,863,153758.78,Sell-in,T029
2023-02-01,OUT00016,Chain Pharmacy,Canal,P0009,LipiControl,Iota Pharma,198,15655.94,Sell-in,T029
2023-02-01,OUT00018,Independent Pharmacy,Upper Egypt,P0005,Infecto,Epsilon Pharma,266,29674.51,Sell-in,T013
2023-02-01,OUT00054,Hospital,Canal,P0003,Respira,Gamma Pharma,685,81353.6,Sell-in,T007
2023-02-01,OUT00053,Hospital,Canal,P0008,Dermacare,Theta Pharma,817,72664.27,Sell-in,T019
2023-02-01,OUT00067,Clinic,Cairo,P0008,Dermacare,Theta Pharma,806,57084.56,Sell-in,T001
2023-02-01,OUT00025,Chain Pharmacy,Upper Egypt,P0003,Respira,Gamma Pharma,715,96485.12,Sell-in,T029
2023-03-01,OUT00018,Hospital,Upper Egypt,P0009,LipiControl,Iota Pharma,199,7722.45,Sell-in,T004
2023-03-01,OUT00108,Clinic,Alexandria,P0003,Respira,Gamma Pharma,554,60847.01,Sell-in,T021
2023-03-01,OUT00094,Independent Pharmacy,Giza,P0002,GlucoMax,Beta Pharma,570,85050.84,Sell-in,T020
2023-03-01,OUT00019,Chain Pharmacy,Upper Egypt,P0007,ArthroRelief,Eta Pharma,676,103820.16,Sell-in,T019
2023-03-01,OUT00052,Clinic,Giza,P0006,NeuroCalm,Zeta Pharma,157,28188.4,Sell-in,T022
2023-03-01,OUT00063,Hospital,Canal,P0005,Infecto,Epsilon Pharma,217,7139.46,Sell-in,T016
2023-03-01,OUT00110,Clinic,Cairo,P0005,Infecto,Epsilon Pharma,304,30656.21,Sell-in,T019
2023-03-01,OUT00095,Independent Pharmacy,Alexandria,P0010,GastroEase,Kappa Pharma,761,72016.53,Sell-in,T013
2023-03-01,OUT00090,Chain Pharmacy,Giza,P0007,ArthroRelief,Eta Pharma,246,22699.32,Sell-in,T006
2023-03-01,OUT00118,Independent Pharmacy,Delta,P0007,ArthroRelief,Eta Pharma,115,10670.46,Sell-in,T030
2023-03-01,OUT00025,Hospital,Alexandria,P0005,Infecto,Epsilon Pharma,880,148376.96,Sell-in,T007
2023-03-01,OUT00071,Clinic,Giza,P0007,ArthroRelief,Eta Pharma,698,85733.52,Sell-in,T020
2023-03-01,OUT00029,Independent Pharmacy,Giza,P0004,PainFree,Delta Pharma,801,103686.77,Sell-in,T011
2023-03-01,OUT00101,Chain Pharmacy,Cairo,P0009,LipiControl,Iota Pharma,525,87378.14,Sell-in,T026
2023-03-01,OUT00067,Hospital,Giza,P0002,GlucoMax,Beta Pharma,388,18827.84,Sell-in,T023
2023-03-01,OUT00092,Clinic,Upper Egypt,P0008,Dermacare,Theta Pharma,575,66572.35,Sell-in,T009
2023-03-01,OUT00097,Chain Pharmacy,Giza,P0003,Respira,Gamma Pharma,367,50545.61,Sell-in,T021
2023-03-01,OUT00106,Hospital,Canal,P0008,Dermacare,Theta Pharma,623,107200.48,Sell-in,T006
2023-03-01,OUT00074,Hospital,Upper Egypt,P0008,Dermacare,Theta Pharma,142,23044.73,Sell-in,T024
2023-03-01,OUT00053,Chain Pharmacy,Alexandria,P0008,Dermacare,Theta Pharma,522,42307.16,Sell-in,T030
2023-03-01,OUT00084,Clinic,Upper Egypt,P0005,Infecto,Epsilon Pharma,776,56639.08,Sell-in,T003
2023-03-01,OUT00116,Independent Pharmacy,Canal,P0005,Infecto,Epsilon Pharma,87,14951.4,Sell-in,T014
2023-03-01,OUT00115,Chain Pharmacy,Cairo,P0002,GlucoMax,Beta Pharma,368,26998.48,Sell-in,T023
2023-03-01,OUT00070,Clinic,Canal,P0008,Dermacare,Theta Pharma,165,12638.13,Sell-in,T006
2023-03-01,OUT00017,Chain Pharmacy,Delta,P0001,CardioSafe,Alpha Pharma,91,11696.21,Sell-in,T017
2023-03-01,OUT00012,Clinic,Canal,P0006,NeuroCalm,Zeta Pharma,466,68244.22,Sell-in,T029
2023-03-01,OUT00041,Independent Pharmacy,Upper Egypt,P0009,LipiControl,Iota Pharma,562,18358.81,Sell-in,T001
2023-03-01,OUT00055,Chain Pharmacy,Canal,P0009,LipiControl,Iota Pharma,186,24291.63,Sell-in,T011
2023-03-01,OUT00048,Clinic,Delta,P0005,Infecto,Epsilon Pharma,870,79469.55,Sell-in,T018
2023-03-01,OUT00062,Clinic,Cairo,P0009,LipiControl,Iota Pharma,250,10557.08,Sell-in,T002
2023-03-01,OUT00026,Chain Pharmacy,Cairo,P0002,GlucoMax,Beta Pharma,668,64656.13,Sell-in,T009
2023-03-01,OUT00113,Hospital,Cairo,P0004,PainFree,Delta Pharma,38,2579.18,Sell-in,T012
2023-03-01,OUT00098,Chain Pharmacy,Giza,P0010,GastroEase,Kappa Pharma,171,28470.71,Sell-in,T002
2023-03-01,OUT00009,Hospital,Canal,P0003,Respira,Gamma Pharma,178,22023.11,Sell-in,T022
2023-03-01,OUT00030,Clinic,Alexandria,P0006,NeuroCalm,Zeta Pharma,757,104301.13,Sell-in,T025
2023-03-01,OUT00015,Independent Pharmacy,Delta,P0010,GastroEase,Kappa Pharma,606,59432.41,Sell-in,T020
2023-03-01,OUT00080,Hospital,Alexandria,P0003,Respira,Gamma Pharma,856,133807.55,Sell-in,T028
2023-03-01,OUT00069,Independent Pharmacy,Alexandria,P0005,Infecto,Epsilon Pharma,186,7041.78,Sell-in,T010
2023-03-01,OUT00042,Independent Pharmacy,Giza,P0010,GastroEase,Kappa Pharma,315,57017.58,Sell-in,T011
2023-03-01,OUT00093,Hospital,Giza,P0009,LipiControl,Iota Pharma,727,131350.15,Sell-in,T025
2023-03-01,OUT00002,Clinic,Canal,P0009,LipiControl,Iota Pharma,830,108470.39,Sell-in,T010
2023-03-01,OUT00061,Hospital,Giza,P0010,GastroEase,Kappa Pharma,331,59559.77,Sell-in,T019
2023-03-01,OUT00065,Hospital,Upper Egypt,P0007,ArthroRelief,Eta Pharma,152,27861.92,Sell-in,T025
2023-03-01,OUT00114,Clinic,Giza,P0008,Dermacare,Theta Pharma,410,10703.26,Sell-in,T016
2023-03-01,OUT00028,Hospital,Delta,P0007,ArthroRelief,Eta Pharma,768,75692.56,Sell-in,T019
2023-03-01,OUT00076,Chain Pharmacy,Giza,P0010,GastroEase,Kappa Pharma,633,89993.44,Sell-in,T008
2023-03-01,OUT00020,Chain Pharmacy,Cairo,P0002,GlucoMax,Beta Pharma,408,51986.89,Sell-in,T021
2023-03-01,OUT00112,Hospital,Alexandria,P0010,GastroEase,Kappa Pharma,758,142420.08,Sell-in,T028
2023-03-01,OUT00045,Hospital,Upper Egypt,P0007,ArthroRelief,Eta Pharma,602,30918.37,Sell-in,T004
2023-03-01,OUT00049,Clinic,Upper Egypt,P0001,CardioSafe,Alpha Pharma,786,47722.62,Sell-in,T008
2023-03-01,OUT00096,Hospital,Upper Egypt,P0004,PainFree,Delta Pharma,306,48034.57,Sell-in,T022
2023-03-01,OUT00003,Hospital,Canal,P0010,GastroEase,Kappa Pharma,324,14515.68,Sell-in,T030
2023-03-01,OUT00105,Independent Pharmacy,Cairo,P0002,GlucoMax,Beta Pharma,607,33255.15,Sell-in,T020
2023-03-01,OUT00047,Hospital,Canal,P0007,ArthroRelief,Eta Pharma,679,88081.14,Sell-in,T021
2023-03-01,OUT00043,Independent Pharmacy,Alexandria,P0003,Respira,Gamma Pharma,708,17942.51,Sell-in,T015
2023-03-01,OUT00087,Hospital,Cairo,P0009,LipiControl,Iota Pharma,63,7114.52,Sell-in,T004
2023-03-01,OUT00091,Clinic,Cairo,P0001,CardioSafe,Alpha Pharma,773,57606.05,Sell-in,T017
2023-03-01,OUT00068,Hospital,Delta,P0007,ArthroRelief,Eta Pharma,859,76015.86,Sell-in,T018
2023-03-01,OUT00006,Hospital,Upper Egypt,P0010,GastroEase,Kappa Pharma,782,75303.99,Sell-in,T018
2023-03-01,OUT00040,Chain Pharmacy,Delta,P0002,GlucoMax,Beta Pharma,758,47701.63,Sell-in,T022
2023-03-01,OUT00089,Hospital,Cairo,P0007,ArthroRelief,Eta Pharma,176,5689.4,Sell-in,T016
2023-03-01,OUT00072,Chain Pharmacy,Giza,P0001,CardioSafe,Alpha Pharma,560,90936.48,Sell-in,T022
2023-03-01,OUT00056,Chain Pharmacy,Delta,P0007,ArthroRelief,Eta Pharma,134,24338.42,Sell-in,T023
2023-03-01,OUT00022,Chain Pharmacy,Alexandria,P0003,Respira,Gamma Pharma,873,69482.7,Sell-in,T012
2023-03-01,OUT00102,Clinic,Delta,P0008,Dermacare,Theta Pharma,359,47723.65,Sell-in,T021
2023-03-01,OUT00117,Chain Pharmacy,Cairo,P0007,ArthroRelief,Eta Pharma,686,110582.38,Sell-in,T007
2023-03-01,OUT00014,Chain Pharmacy,Delta,P0006,NeuroCalm,Zeta Pharma,645,117738.91,Sell-in,T013
2023-03-01,OUT00099,Hospital,Canal,P0010,GastroEase,Kappa Pharma,403,71255.43,Sell-in,T019
2023-03-01,OUT00081,Hospital,Canal,P0007,ArthroRelief,Eta Pharma,759,49406.21,Sell-in,T014
2023-03-01,OUT00109,Chain Pharmacy,Delta,P0010,GastroEase,Kappa Pharma,231,10584.43,Sell-in,T022
2023-03-01,OUT00064,Independent Pharmacy,Canal,P0007,ArthroRelief,Eta Pharma,95,17468.87,Sell-in,T005
2023-03-01,OUT00027,Chain Pharmacy,Cairo,P0008,Dermacare,Theta Pharma,136,23766.55,Sell-in,T010
2023-03-01,OUT00023,Hospital,Cairo,P0009,LipiControl,Iota Pharma,491,15225.95,Sell-in,T015
2023-03-01,OUT00088,Chain Pharmacy,Alexandria,P0003,Respira,Gamma Pharma,375,55377.18,Sell-in,T004
2023-03-01,OUT00060,Independent Pharmacy,Cairo,P0004,PainFree,Delta Pharma,427,77930.68,Sell-in,T027
2023-03-01,OUT00086,Independent Pharmacy,Alexandria,P0010,GastroEase,Kappa Pharma,699,117439.26,Sell-in,T022
2023-03-01,OUT00059,Clinic,Delta,P0005,Infecto,Epsilon Pharma,315,46199.63,Sell-in,T011
2023-03-01,OUT00044,Hospital,Delta,P0003,Respira,Gamma Pharma,881,135738.19,Sell-in,T027
2023-03-01,OUT00033,Chain Pharmacy,Upper Egypt,P0005,Infecto,Epsilon Pharma,47,5090.04,Sell-in,T012
2023-03-01,OUT00035,Independent Pharmacy,Delta,P0003,Respira,Gamma Pharma,640,38488.95,Sell-in,T003
2023-04-01,OUT00004,Chain Pharmacy,Alexandria,P0006,NeuroCalm,Zeta Pharma,888,116322.47,Sell-in,T015
2023-04-01,OUT00036,Hospital,Cairo,P0004,PainFree,Delta Pharma,805,101041.92,Sell-in,T007
2023-04-01,OUT00055,Hospital,Delta,P0005,Infecto,Epsilon Pharma,353,28728.6,Sell-in,T020
2023-04-01,OUT00064,Hospital,Canal,P0007,ArthroRelief,Eta Pharma,147,8265.62,Sell-in,T014
2023-04-01,OUT00034,Clinic,Alexandria,P0003,Respira,Gamma Pharma,779,142202.74,Sell-in,T024
2023-04-01,OUT00104,Chain Pharmacy,Giza,P0010,GastroEase,Kappa Pharma,728,134891.59,Sell-in,T002
2023-04-01,OUT00038,Clinic,Alexandria,P0004,PainFree,Delta Pharma,534,94526.45,Sell-in,T024
2023-04-01,OUT00062,Independent Pharmacy,Delta,P0008,Dermacare,Theta Pharma,252,34952.81,Sell-in,T003
2023-04-01,OUT00042,Chain Pharmacy,Cairo,P0008,Dermacare,Theta Pharma,318,12651.42,Sell-in,T001
2023-04-01,OUT00116,Independent Pharmacy,Alexandria,P0008,Dermacare,Theta Pharma,105,3266.71,Sell-in,T018
2023-04-01,OUT00017,Clinic,Giza,P0003,Respira,Gamma Pharma,601,35445.97,Sell-in,T012
2023-04-01,OUT00027,Independent Pharmacy,Upper Egypt,P0007,ArthroRelief,Eta Pharma,758,61027.73,Sell-in,T011
2023-04-01,OUT00074,Clinic,Alexandria,P0006,NeuroCalm,Zeta Pharma,294,38701.15,Sell-in,T005
2023-04-01,OUT00072,Independent Pharmacy,Upper Egypt,P0010,GastroEase,Kappa Pharma,757,39614.9,Sell-in,T012
2023-04-01,OUT00120,Independent Pharmacy,Delta,P0003,Respira,Gamma Pharma,892,149289.98,Sell-in,T014
2023-04-01,OUT00084,Independent Pharmacy,Alexandria,P0001,CardioSafe,Alpha Pharma,684,112419.02,Sell-in,T006
2023-04-01,OUT00005,Independent Pharmacy,Giza,P0007,ArthroRelief,Eta Pharma,780,123929.4,Sell-in,T025
2023-04-01,OUT00058,Chain Pharmacy,Delta,P0001,CardioSafe,Alpha Pharma,163,13929.39,Sell-in,T021
2023-04-01,OUT00035,Hospital,Cairo,P0004,PainFree,Delta Pharma,395,36820.03,Sell-in,T019
2023-04-01,OUT00115,Chain Pharmacy,Cairo,P0008,Dermacare,Theta Pharma,459,61425.82,Sell-in,T028
2023-04-01,OUT00110,Chain Pharmacy,Canal,P0009,LipiControl,Iota Pharma,642,90334.61,Sell-in,T020
2023-04-01,OUT00057,Clinic,Delta,P0004,PainFree,Delta Pharma,867,69042.09,Sell-in,T002
2023-04-01,OUT00086,Independent Pharmacy,Alexandria,P0007,ArthroRelief,Eta Pharma,622,112301.21,Sell-in,T008
2023-04-01,OUT00101,Hospital,Alexandria,P0006,NeuroCalm,Zeta Pharma,35,6609.32,Sell-in,T022
2023-04-01,OUT00008,Hospital,Canal,P0005,Infecto,Epsilon Pharma,568,84813.28,Sell-in,T030
2023-04-01,OUT00108,Chain Pharmacy,Giza,P0009,LipiControl,Iota Pharma,158,19572.02,Sell-in,T008
2023-04-01,OUT00047,Clinic,Upper Egypt,P0010,GastroEase,Kappa Pharma,98,14012.29,Sell-in,T017
2023-04-01,OUT00053,Hospital,Giza,P0008,Dermacare,Theta Pharma,427,57805.15,Sell-in,T019
2023-04-01,OUT00112,Chain Pharmacy,Canal,P0009,LipiControl,Iota Pharma,716,124390.64,Sell-in,T011
2023-04-01,OUT00037,Hospital,Cairo,P0002,GlucoMax,Beta Pharma,857,118505.13,Sell-in,T023
2023-04-01,OUT00109,Independent Pharmacy,Canal,P0004,PainFree,Delta Pharma,332,59975.8,Sell-in,T009
2023-04-01,OUT00078,Clinic,Alexandria,P0005,Infecto,Epsilon Pharma,509,18117.28,Sell-in,T030
2023-04-01,OUT00024,Clinic,Delta,P0005,Infecto,Epsilon Pharma,888,135693.13,Sell-in,T006
2023-04-01,OUT00051,Hospital,Upper Egypt,P0004,PainFree,Delta Pharma,658,122562.1,Sell-in,T006
2023-04-01,OUT00025,Hospital,Delta,P0006,NeuroCalm,Zeta Pharma,305,32516.26,Sell-in,T026
2023-04-01,OUT00023,Clinic,Delta,P0003,Respira,Gamma Pharma,364,46876.39,Sell-in,T011
2023-04-01,OUT00033,Independent Pharmacy,Alexandria,P0003,Respira,Gamma Pharma,345,9215.55,Sell-in,T023
2023-04-01,OUT00066,Chain Pharmacy,Alexandria,P0008,Dermacare,Theta Pharma,436,70678.45,Sell-in,T008
2023-04-01,OUT00018,Clinic,Cairo,P0004,PainFree,Delta Pharma,881,118342.04,Sell-in,T022
2023-04-01,OUT00031,Chain Pharmacy,Canal,P0004,PainFree,Delta Pharma,139,25165.99,Sell-in,T004
2023-04-01,OUT00063,Independent Pharmacy,Alexandria,P0001,CardioSafe,Alpha Pharma,187,14759.95,Sell-in,T010
2023-04-01,OUT00044,Hospital,Cairo,P0003,Respira,Gamma Pharma,232,20608.59,Sell-in,T017
2023-04-01,OUT00012,Hospital,Alexandria,P0002,GlucoMax,Beta Pharma,451,63732.82,Sell-in,T008
2023-04-01,OUT00093,Independent Pharmacy,Upper Egypt,P0001,CardioSafe,Alpha Pharma,318,28457.54,Sell-in,T023
2023-04-01,OUT00095,Hospital,Delta,P0006,NeuroCalm,Zeta Pharma,731,117028.32,Sell-in,T018
2023-04-01,OUT00117,Independent Pharmacy,Cairo,P0010,GastroEase,Kappa Pharma,509,72544.01,Sell-in,T007
2023-04-01,OUT00094,Hospital,Upper Egypt,P0004,PainFree,Delta Pharma,311,38999.02,Sell-in,T002
2023-04-01,OUT00097,Clinic,Giza,P0007,ArthroRelief,Eta Pharma,553,84811.36,Sell-in,T004
2023-04-01,OUT00077,Hospital,Alexandria,P0005,Infecto,Epsilon Pharma,862,116118.59,Sell-in,T014
2023-04-01,OUT00054,Independent Pharmacy,Delta,P0008,Dermacare,Theta Pharma,254,40682.03,Sell-in,T001
2023-04-01,OUT00028,Clinic,Alexandria,P0001,CardioSafe,Alpha Pharma,776,49118.84,Sell-in,T020
2023-04-01,OUT00022,Hospital,Alexandria,P0006,NeuroCalm,Zeta Pharma,308,34197.8,Sell-in,T026
2023-04-01,OUT00103,Chain Pharmacy,Alexandria,P0004,PainFree,Delta Pharma,298,16529.66,Sell-in,T001
2023-04-01,OUT00100,Independent Pharmacy,Delta,P0005,Infecto,Epsilon Pharma,209,12257.3,Sell-in,T024
2023-04-01,OUT00052,Hospital,Alexandria,P0007,ArthroRelief,Eta Pharma,759,143945.52,Sell-in,T020
2023-04-01,OUT00011,Clinic,Canal,P0004,PainFree,Delta Pharma,211,15369.45,Sell-in,T019
2023-04-01,OUT00085,Independent Pharmacy,Cairo,P0008,Dermacare,Theta Pharma,263,45221.16,Sell-in,T021
2023-04-01,OUT00067,Clinic,Delta,P0004,PainFree,Delta Pharma,451,18687.38,Sell-in,T008
2023-04-01,OUT00082,Independent Pharmacy,Giza,P0007,ArthroRelief,Eta Pharma,308,20181.77,Sell-in,T015
2023-04-01,OUT00081,Independent Pharmacy,Giza,P0010,GastroEase,Kappa Pharma,87,3570.62,Sell-in,T017
2023-04-01,OUT00048,Clinic,Delta,P0007,ArthroRelief,Eta Pharma,75,8325.2,Sell-in,T019
2023-04-01,OUT00061,Hospital,Giza,P0002,GlucoMax,Beta Pharma,382,21854.26,Sell-in,T026
2023-04-01,OUT00089,Hospital,Cairo,P0010,GastroEase,Kappa Pharma,101,9893.3,Sell-in,T002
2023-04-01,OUT00019,Hospital,Upper Egypt,P0009,LipiControl,Iota Pharma,339,50769.45,Sell-in,T030
2023-04-01,OUT00045,Hospital,Upper Egypt,P0002,GlucoMax,Beta Pharma,217,27244.76,Sell-in,T018
2023-04-01,OUT00021,Chain Pharmacy,Alexandria,P0009,LipiControl,Iota Pharma,130,13563.35,Sell-in,T005
2023-04-01,OUT00049,Clinic,Giza,P0003,Respira,Gamma Pharma,38,5628.41,Sell-in,T002
2023-04-01,OUT00111,Chain Pharmacy,Alexandria,P0007,ArthroRelief,Eta Pharma,665,64418.37,Sell-in,T001
2023-04-01,OUT00098,Clinic,Upper Egypt,P0008,Dermacare,Theta Pharma,227,29534.31,Sell-in,T014
2023-04-01,OUT00075,Chain Pharmacy,Delta,P0002,GlucoMax,Beta Pharma,779,93819.34,Sell-in,T026
2023-04-01,OUT00040,Hospital,Canal,P0007,ArthroRelief,Eta Pharma,430,55515.65,Sell-in,T015
2023-04-01,OUT00009,Hospital,Alexandria,P0006,NeuroCalm,Zeta Pharma,490,79544.33,Sell-in,T019
2023-04-01,OUT00099,Independent Pharmacy,Alexandria,P0005,Infecto,Epsilon Pharma,495,54636.3,Sell-in,T014
2023-04-01,OUT00056,Independent Pharmacy,Canal,P0004,PainFree,Delta Pharma,832,82670.92,Sell-in,T020
2023-04-01,OUT00002,Independent Pharmacy,Giza,P0009,LipiControl,Iota Pharma,24,686.09,Sell-in,T014
2023-04-01,OUT00106,Independent Pharmacy,Alexandria,P0006,NeuroCalm,Zeta Pharma,535,89780.46,Sell-in,T009
2023-04-01,OUT00060,Independent Pharmacy,Alexandria,P0002,GlucoMax,Beta Pharma,612,18920.12,Sell-in,T018
2023-04-01,OUT00065,Hospital,Cairo,P0008,Dermacare,Theta Pharma,623,45917.0,Sell-in,T022
2023-04-01,OUT00080,Clinic,Delta,P0006,NeuroCalm,Zeta Pharma,133,14286.14,Sell-in,T005
2023-04-01,OUT00032,Hospital,Delta,P0004,PainFree,Delta Pharma,666,57335.9,Sell-in,T028
2023-05-01,OUT00018,Clinic,Canal,P0002,GlucoMax,Beta Pharma,833,103949.51,Sell-in,T017
2023-05-01,OUT00033,Clinic,Canal,P0005,Infecto,Epsilon Pharma,858,32467.53,Sell-in,T017
2023-05-01,OUT00030,Clinic,Alexandria,P0010,GastroEase,Kappa Pharma,538,90231.76,Sell-in,T010
2023-05-01,OUT00040,Independent Pharmacy,Giza,P0006,NeuroCalm,Zeta Pharma,232,28350.61,Sell-in,T026
2023-05-01,OUT00049,Independent Pharmacy,Giza,P0008,Dermacare,Theta Pharma,755,113180.03,Sell-in,T026
2023-05-01,OUT00037,Independent Pharmacy,Delta,P0003,Respira,Gamma Pharma,846,106981.62,Sell-in,T027
2023-05-01,OUT00070,Independent Pharmacy,Giza,P0002,GlucoMax,Beta Pharma,734,32540.09,Sell-in,T011
2023-05-01,OUT00114,Hospital,Upper Egypt,P0004,PainFree,Delta Pharma,814,50880.35,Sell-in,T009
2023-05-01,OUT00113,Independent Pharmacy,Canal,P0008,Dermacare,Theta Pharma,704,29425.68,Sell-in,T023
2023-05-01,OUT00078,Hospital,Canal,P0001,CardioSafe,Alpha Pharma,855,122077.51,Sell-in,T006
2023-05-01,OUT00041,Chain Pharmacy,Alexandria,P0007,ArthroRelief,Eta Pharma,168,16790.39,Sell-in,T028
2023-05-01,OUT00107,Hospital,Upper Egypt,P0008,Dermacare,Theta Pharma,442,54265.4,Sell-in,T014
2023-05-01,OUT00056,Clinic,Cairo,P0009,LipiControl,Iota Pharma,468,49759.05,Sell-in,T009
2023-05-01,OUT00092,Chain Pharmacy,Giza,P0003,Respira,Gamma Pharma,758,60677.73,Sell-in,T016
2023-05-01,OUT00059,Independent Pharmacy,Upper Egypt,P0010,GastroEase,Kappa Pharma,739,139582.71,Sell-in,T013
2023-05-01,OUT00038,Independent Pharmacy,Alexandria,P0010,GastroEase,Kappa Pharma,524,36986.29,Sell-in,T002
2023-05-01,OUT00031,Clinic,Delta,P0006,NeuroCalm,Zeta Pharma,723,19560.59,Sell-in,T023
2023-05-01,OUT00100,Independent Pharmacy,Delta,P0008,Dermacare,Theta Pharma,231,28034.06,Sell-in,T008
2023-05-01,OUT00120,Chain Pharmacy,Upper Egypt,P0010,GastroEase,Kappa Pharma,812,76250.13,Sell-in,T015
2023-05-01,OUT00098,Independent Pharmacy,Cairo,P0002,GlucoMax,Beta Pharma,731,113773.91,Sell-in,T001
2023-05-01,OUT00111,Chain Pharmacy,Alexandria,P0006,NeuroCalm,Zeta Pharma,417,72833.8,Sell-in,T012
2023-05-01,OUT00020,Chain Pharmacy,Canal,P0003,Respira,Gamma Pharma,312,18816.24,Sell-in,T015
2023-05-01,OUT00023,Clinic,Delta,P0003,Respira,Gamma Pharma,281,19296.0,Sell-in,T014
2023-05-01,OUT00068,Clinic,Cairo,P0010,GastroEase,Kappa Pharma,515,39990.16,Sell-in,T005
2023-05-01,OUT00102,Hospital,Delta,P0008,Dermacare,Theta Pharma,308,24253.15,Sell-in,T020
2023-05-01,OUT00006,Chain Pharmacy,Upper Egypt,P0002,GlucoMax,Beta Pharma,709,26448.49,Sell-in,T026
2023-05-01,OUT00044,Clinic,Upper Egypt,P0002,GlucoMax,Beta Pharma,337,23793.19,Sell-in,T002
2023-05-01,OUT00052,Independent Pharmacy,Upper Egypt,P0004,PainFree,Delta Pharma,797,120216.19,Sell-in,T006
2023-05-01,OUT00087,Independent Pharmacy,Alexandria,P0001,CardioSafe,Alpha Pharma,692,91678.82,Sell-in,T024
2023-05-01,OUT00116,Hospital,Cairo,P0005,Infecto,Epsilon Pharma,462,27122.47,Sell-in,T001
2023-05-01,OUT00072,Hospital,Canal,P0001,CardioSafe,Alpha Pharma,684,70658.89,Sell-in,T027
2023-05-01,OUT00061,Chain Pharmacy,Alexandria,P0008,Dermacare,Theta Pharma,521,63209.85,Sell-in,T001
2023-05-01,OUT00086,Hospital,Delta,P0006,NeuroCalm,Zeta Pharma,892,149509.72,Sell-in,T018
2023-05-01,OUT00101,Independent Pharmacy,Upper Egypt,P0007,ArthroRelief,Eta Pharma,222,11286.6,Sell-in,T011
2023-05-01,OUT00091,Chain Pharmacy,Giza,P0009,LipiControl,Iota Pharma,350,61896.27,Sell-in,T020
2023-05-01,OUT00104,Clinic,Upper Egypt,P0003,Respira,Gamma Pharma,224,25832.38,Sell-in,T027
2023-05-01,OUT00012,Independent Pharmacy,Upper Egypt,P0008,Dermacare,Theta Pharma,725,54371.02,Sell-in,T029
2023-05-01,OUT00022,Independent Pharmacy,Alexandria,P0002,GlucoMax,Beta Pharma,83,6002.72,Sell-in,T024
2023-05-01,OUT00058,Clinic,Upper Egypt,P0008,Dermacare,Theta Pharma,261,24528.11,Sell-in,T018
2023-05-01,OUT00080,Hospital,Delta,P0005,Infecto,Epsilon Pharma,213,14839.56,Sell-in,T011
2023-05-01,OUT00112,Clinic,Cairo,P0003,Respira,Gamma Pharma,217,8359.85,Sell-in,T004
2023-05-01,OUT00057,Hospital,Giza,P0004,PainFree,Delta Pharma,276,42533.89,Sell-in,T009
2023-05-01,OUT00045,Chain Pharmacy,Cairo,P0008,Dermacare,Theta Pharma,89,11720.98,Sell-in,T002
2023-05-01,OUT00042,Independent Pharmacy,Giza,P0010,GastroEase,Kappa Pharma,210,37889.86,Sell-in,T027
2023-05-01,OUT00026,Hospital,Canal,P0008,Dermacare,Theta Pharma,403,51122.79,Sell-in,T018
2023-05-01,OUT00062,Chain Pharmacy,Delta,P0007,ArthroRelief,Eta Pharma,41,4779.73,Sell-in,T010
2023-05-01,OUT00109,Chain Pharmacy,Delta,P0009,LipiControl,Iota Pharma,743,74499.79,Sell-in,T013
2023-05-01,OUT00084,Independent Pharmacy,Cairo,P0007,ArthroRelief,Eta Pharma,698,100339.15,Sell-in,T005
2023-05-01,OUT00007,Independent Pharmacy,Delta,P0003,Respira,Gamma Pharma,88,15434.99,Sell-in,T024
2023-05-01,OUT00035,Independent Pharmacy,Giza,P0007,ArthroRelief,Eta Pharma,597,87184.47,Sell-in,T011
2023-05-01,OUT00060,Hospital,Delta,P0005,Infecto,Epsilon Pharma,795,145935.44,Sell-in,T018
2023-05-01,OUT00095,Clinic,Delta,P0003,Respira,Gamma Pharma,182,15632.45,Sell-in,T021
2023-05-01,OUT00025,Clinic,Upper Egypt,P0009,LipiControl,Iota Pharma,344,53645.26,Sell-in,T028
2023-05-01,OUT00064,Chain Pharmacy,Cairo,P0010,GastroEase,Kappa Pharma,419,18283.83,Sell-in,T010
2023-05-01,OUT00011,Clinic,Giza,P0002,GlucoMax,Beta Pharma,663,73525.89,Sell-in,T001
2023-05-01,OUT00065,Chain Pharmacy,Delta,P0007,ArthroRelief,Eta Pharma,696,82472.14,Sell-in,T001
2023-05-01,OUT00005,Hospital,Alexandria,P0009,LipiControl,Iota Pharma,418,23475.48,Sell-in,T012
2023-05-01,OUT00024,Clinic,Cairo,P0008,Dermacare,Theta Pharma,217,24205.64,Sell-in,T019
2023-05-01,OUT00001,Independent Pharmacy,Alexandria,P0004,PainFree,Delta Pharma,895,119200.11,Sell-in,T026
2023-05-01,OUT00082,Hospital,Upper Egypt,P0002,GlucoMax,Beta Pharma,806,132692.94,Sell-in,T022
2023-05-01,OUT00003,Independent Pharmacy,Upper Egypt,P0010,GastroEase,Kappa Pharma,230,43430.32,Sell-in,T015
2023-05-01,OUT00009,Hospital,Cairo,P0004,PainFree,Delta Pharma,164,24405.74,Sell-in,T025
2023-05-01,OUT00119,Independent Pharmacy,Delta,P0008,Dermacare,Theta Pharma,712,18120.73,Sell-in,T015
2023-05-01,OUT00050,Hospital,Upper Egypt,P0009,LipiControl,Iota Pharma,719,82041.2,Sell-in,T030
2023-05-01,OUT00105,Clinic,Canal,P0004,PainFree,Delta Pharma,703,82585.41,Sell-in,T002
2023-05-01,OUT00055,Clinic,Delta,P0003,Respira,Gamma Pharma,524,84415.69,Sell-in,T020
2023-05-01,OUT00021,Independent Pharmacy,Canal,P0005,Infecto,Epsilon Pharma,239,28568.25,Sell-in,T008
2023-05-01,OUT00076,Chain Pharmacy,Alexandria,P0006,NeuroCalm,Zeta Pharma,788,149389.1,Sell-in,T004
2023-05-01,OUT00089,Clinic,Cairo,P0004,PainFree,Delta Pharma,786,132934.02,Sell-in,T003
2023-05-01,OUT00032,Clinic,Giza,P0009,LipiControl,Iota Pharma,384,40471.04,Sell-in,T005
2023-05-01,OUT00028,Independent Pharmacy,Upper Egypt,P0010,GastroEase,Kappa Pharma,824,42562.59,Sell-in,T004
2023-05-01,OUT00110,Independent Pharmacy,Canal,P0001,CardioSafe,Alpha Pharma,705,88256.21,Sell-in,T024
2023-05-01,OUT00083,Clinic,Delta,P0003,Respira,Gamma Pharma,383,18567.74,Sell-in,T017
2023-05-01,OUT00054,Hospital,Giza,P0007,ArthroRelief,Eta Pharma,564,30139.75,Sell-in,T026
2023-05-01,OUT00079,Chain Pharmacy,Giza,P0001,CardioSafe,Alpha Pharma,139,16985.35,Sell-in,T026
2023-05-01,OUT00046,Clinic,Delta,P0001,CardioSafe,Alpha Pharma,207,34723.44,Sell-in,T011
2023-05-01,OUT00074,Hospital,Cairo,P0004,PainFree,Delta Pharma,533,15321.98,Sell-in,T027
2023-05-01,OUT00073,Clinic,Cairo,P0002,GlucoMax,Beta Pharma,588,81447.25,Sell-in,T014
2023-05-01,OUT00015,Clinic,Giza,P0005,Infecto,Epsilon Pharma,414,24603.27,Sell-in,T026
2023-05-01,OUT00069,Chain Pharmacy,Giza,P0010,GastroEase,Kappa Pharma,508,62273.63,Sell-in,T025
2023-06-01,OUT00070,Independent Pharmacy,Cairo,P0003,Respira,Gamma Pharma,65,4438.67,Sell-in,T013
2023-06-01,OUT00043,Clinic,Cairo,P0006,NeuroCalm,Zeta Pharma,356,28171.18,Sell-in,T013
2023-06-01,OUT00090,Independent Pharmacy,Cairo,P0005,Infecto,Epsilon Pharma,742,117904.7,Sell-in,T030
2023-06-01,OUT00093,Clinic,Upper Egypt,P0007,ArthroRelief,Eta Pharma,92,6824.59,Sell-in,T016
2023-06-01,OUT00118,Hospital,Giza,P0009,LipiControl,Iota Pharma,819,122183.95,Sell-in,T004
2023-06-01,OUT00012,Hospital,Delta,P0005,Infecto,Epsilon Pharma,34,2896.66,Sell-in,T004
2023-06-01,OUT00059,Independent Pharmacy,Canal,P0001,CardioSafe,Alpha Pharma,63,8623.07,Sell-in,T006
2023-06-01,OUT00054,Chain Pharmacy,Cairo,P0006,NeuroCalm,Zeta Pharma,247,31390.03,Sell-in,T021
2023-06-01,OUT00029,Chain Pharmacy,Alexandria,P0003,Respira,Gamma Pharma,825,54843.47,Sell-in,T030
2023-06-01,OUT00075,Clinic,Delta,P0005,Infecto,Epsilon Pharma,546,33081.43,Sell-in,T011
2023-06-01,OUT00063,Independent Pharmacy,Cairo,P0010,GastroEase,Kappa Pharma,269,47010.32,Sell-in,T021
2023-06-01,OUT00105,Chain Pharmacy,Delta,P0002,GlucoMax,Beta Pharma,552,48978.55,Sell-in,T027
2023-06-01,OUT00085,Hospital,Cairo,P0009,LipiControl,Iota Pharma,788,97354.82,Sell-in,T008
2023-06-01,OUT00100,Chain Pharmacy,Delta,P0007,ArthroRelief,Eta Pharma,231,16060.28,Sell-in,T027
2023-06-01,OUT00064,Independent Pharmacy,Cairo,P0008,Dermacare,Theta Pharma,688,63975.85,Sell-in,T019
2023-06-01,OUT00099,Chain Pharmacy,Cairo,P0010,GastroEase,Kappa Pharma,608,44205.39,Sell-in,T020
2023-06-01,OUT00022,Hospital,Canal,P0010,GastroEase,Kappa Pharma,717,17925.58,Sell-in,T015
2023-06-01,OUT00014,Chain Pharmacy,Canal,P0008,Dermacare,Theta Pharma,383,51790.8,Sell-in,T027
2023-06-01,OUT00097,Clinic,Cairo,P0005,Infecto,Epsilon Pharma,564,83625.71,Sell-in,T021
2023-06-01,OUT00078,Chain Pharmacy,Delta,P0007,ArthroRelief,Eta Pharma,304,29739.58,Sell-in,T026
2023-06-01,OUT00098,Independent Pharmacy,Upper Egypt,P0004,PainFree,Delta Pharma,114,11737.77,Sell-in,T002
2023-06-01,OUT00073,Clinic,Upper Egypt,P0010,GastroEase,Kappa Pharma,103,15972.7,Sell-in,T009
2023-06-01,OUT00066,Clinic,Canal,P0004,PainFree,Delta Pharma,856,59701.84,Sell-in,T022
2023-06-01,OUT00034,Chain Pharmacy,Upper Egypt,P0005,Infecto,Epsilon Pharma,510,63185.33,Sell-in,T030
2023-06-01,OUT00037,Hospital,Alexandria,P0002,GlucoMax,Beta Pharma,239,42735.66,Sell-in,T023
2023-06-01,OUT00104,Independent Pharmacy,Delta,P0008,Dermacare,Theta Pharma,20,902.17,Sell-in,T008
2023-06-01,OUT00108,Clinic,Alexandria,P0006,NeuroCalm,Zeta Pharma,665,66058.63,Sell-in,T006
2023-06-01,OUT00109,Clinic,Canal,P0003,Respira,Gamma Pharma,817,20577.7,Sell-in,T027
2023-06-01,OUT00077,Chain Pharmacy,Delta,P0002,GlucoMax,Beta Pharma,301,7711.93,Sell-in,T020
2023-06-01,OUT00046,Chain Pharmacy,Alexandria,P0001,CardioSafe,Alpha Pharma,418,25077.81,Sell-in,T011
2023-06-01,OUT00048,Hospital,Upper Egypt,P0002,GlucoMax,Beta Pharma,421,45007.75,Sell-in,T020
2023-06-01,OUT00119,Hospital,Cairo,P0001,CardioSafe,Alpha Pharma,31,2005.26,Sell-in,T001
2023-06-01,OUT00103,Clinic,Cairo,P0003,Respira,Gamma Pharma,233,41249.68,Sell-in,T013
2023-06-01,OUT00110,Chain Pharmacy,Delta,P0001,CardioSafe,Alpha Pharma,684,109629.86,Sell-in,T027
2023-06-01,OUT00025,Chain Pharmacy,Cairo,P0008,Dermacare,Theta Pharma,564,34224.12,Sell-in,T003
2023-06-01,OUT00019,Clinic,Canal,P0007,ArthroRelief,Eta Pharma,449,67959.67,Sell-in,T018
2023-06-01,OUT00058,Chain Pharmacy,Giza,P0008,Dermacare,Theta Pharma,533,17925.75,Sell-in,T021
2023-06-01,OUT00092,Independent Pharmacy,Upper Egypt,P0003,Respira,Gamma Pharma,567,64778.15,Sell-in,T002
2023-06-01,OUT00010,Clinic,Canal,P0001,CardioSafe,Alpha Pharma,81,11311.65,Sell-in,T002
2023-06-01,OUT00006,Clinic,Alexandria,P0001,CardioSafe,Alpha Pharma,212,12353.06,Sell-in,T016
2023-06-01,OUT00068,Chain Pharmacy,Cairo,P0007,ArthroRelief,Eta Pharma,221,40772.38,Sell-in,T025
2023-06-01,OUT00030,Chain Pharmacy,Cairo,P0010,GastroEase,Kappa Pharma,212,14027.93,Sell-in,T016
2023-06-01,OUT00052,Independent Pharmacy,Upper Egypt,P0006,NeuroCalm,Zeta Pharma,790,128979.71,Sell-in,T019
2023-06-01,OUT00011,Clinic,Alexandria,P0009,LipiControl,Iota Pharma,543,69721.8,Sell-in,T013
2023-06-01,OUT00082,Hospital,Giza,P0003,Respira,Gamma Pharma,856,146536.99,Sell-in,T027
2023-06-01,OUT00071,Clinic,Delta,P0004,PainFree,Delta Pharma,238,6432.63,Sell-in,T013
2023-06-01,OUT00007,Clinic,Upper Egypt,P0010,GastroEase,Kappa Pharma,726,87849.7,Sell-in,T017
2023-06-01,OUT00117,Clinic,Cairo,P0002,GlucoMax,Beta Pharma,40,1216.98,Sell-in,T013
2023-06-01,OUT00106,Chain Pharmacy,Delta,P0008,Dermacare,Theta Pharma,582,84981.62,Sell-in,T018
2023-06-01,OUT00096,Independent Pharmacy,Cairo,P0002,GlucoMax,Beta Pharma,898,83571.4,Sell-in,T010
2023-06-01,OUT00016,Clinic,Delta,P0004,PainFree,Delta Pharma,504,64919.73,Sell-in,T004
2023-06-01,OUT00036,Independent Pharmacy,Upper Egypt,P0003,Respira,Gamma Pharma,193,28066.7,Sell-in,T024
2023-06-01,OUT00080,Clinic,Delta,P0006,NeuroCalm,Zeta Pharma,691,59894.53,Sell-in,T028
2023-06-01,OUT00087,Chain Pharmacy,Giza,P0008,Dermacare,Theta Pharma,298,39980.48,Sell-in,T009
2023-06-01,OUT00001,Independent Pharmacy,Alexandria,P0003,Respira,Gamma Pharma,377,55275.4,Sell-in,T026
2023-06-01,OUT00072,Chain Pharmacy,Upper Egypt,P0004,PainFree,Delta Pharma,524,27282.02,Sell-in,T015
2023-06-01,OUT00039,Independent Pharmacy,Upper Egypt,P0005,Infecto,Epsilon Pharma,197,35510.07,Sell-in,T030
2023-06-01,OUT00017,Clinic,Giza,P0003,Respira,Gamma Pharma,631,100117.33,Sell-in,T017
2023-06-01,OUT00112,Clinic,Delta,P0004,PainFree,Delta Pharma,130,21472.0,Sell-in,T019
2023-06-01,OUT00114,Independent Pharmacy,Cairo,P0008,Dermacare,Theta Pharma,194,24461.19,Sell-in,T017
2023-06-01,OUT00040,Hospital,Upper Egypt,P0006,NeuroCalm,Zeta Pharma,340,57595.04,Sell-in,T027
2023-06-01,OUT00056,Independent Pharmacy,Upper Egypt,P0001,CardioSafe,Alpha Pharma,777,103565.17,Sell-in,T006
2023-06-01,OUT00008,Independent Pharmacy,Upper Egypt,P0002,GlucoMax,Beta Pharma,482,18667.3,Sell-in,T015
2023-06-01,OUT00047,Chain Pharmacy,Cairo,P0006,NeuroCalm,Zeta Pharma,696,110996.15,Sell-in,T012
2023-06-01,OUT00062,Chain Pharmacy,Cairo,P0001,CardioSafe,Alpha Pharma,695,57504.15,Sell-in,T001
2023-06-01,OUT00088,Chain Pharmacy,Alexandria,P0002,GlucoMax,Beta Pharma,777,69450.01,Sell-in,T019
2023-06-01,OUT00021,Clinic,Delta,P0001,CardioSafe,Alpha Pharma,209,17721.22,Sell-in,T021
2023-06-01,OUT00005,Clinic,Delta,P0005,Infecto,Epsilon Pharma,709,125735.66,Sell-in,T025
2023-06-01,OUT00013,Independent Pharmacy,Delta,P0007,ArthroRelief,Eta Pharma,82,4443.12,Sell-in,T002
2023-06-01,OUT00091,Chain Pharmacy,Upper Egypt,P0001,CardioSafe,Alpha Pharma,65,9867.27,Sell-in,T022
2023-06-01,OUT00018,Clinic,Canal,P0007,ArthroRelief,Eta Pharma,549,70743.78,Sell-in,T014
2023-06-01,OUT00050,Independent Pharmacy,Cairo,P0008,Dermacare,Theta Pharma,526,77014.81,Sell-in,T016
2023-06-01,OUT00027,Hospital,Alexandria,P0001,CardioSafe,Alpha Pharma,566,24031.67,Sell-in,T002
2023-06-01,OUT00095,Hospital,Cairo,P0002,GlucoMax,Beta Pharma,824,111591.52,Sell-in,T021
2023-06-01,OUT00111,Independent Pharmacy,Giza,P0010,GastroEase,Kappa Pharma,22,2347.57,Sell-in,T004
2023-06-01,OUT00113,Chain Pharmacy,Upper Egypt,P0010,GastroEase,Kappa Pharma,58,9066.12,Sell-in,T022
2023-06-01,OUT00049,Independent Pharmacy,Giza,P0003,Respira,Gamma Pharma,485,70179.73,Sell-in,T011
2023-06-01,OUT00067,Chain Pharmacy,Delta,P0007,ArthroRelief,Eta Pharma,729,21762.16,Sell-in,T018
2023-06-01,OUT00033,Independent Pharmacy,Alexandria,P0010,GastroEase,Kappa Pharma,712,57467.2,Sell-in,T025
2023-06-01,OUT00028,Hospital,Cairo,P0010,GastroEase,Kappa Pharma,95,15885.63,Sell-in,T023
2023-07-01,OUT00071,Hospital,Canal,P0002,GlucoMax,Beta Pharma,606,105295.65,Sell-in,T030
2023-07-01,OUT00020,Clinic,Alexandria,P0007,ArthroRelief,Eta Pharma,230,11954.47,Sell-in,T027
2023-07-01,OUT00034,Clinic,Delta,P0006,NeuroCalm,Zeta Pharma,867,97545.63,Sell-in,T022
2023-07-01,OUT00021,Clinic,Cairo,P0010,GastroEase,Kappa Pharma,889,154533.49,Sell-in,T001
2023-07-01,OUT00069,Clinic,Upper Egypt,P0007,ArthroRelief,Eta Pharma,377,32077.41,Sell-in,T008
2023-07-01,OUT00008,Clinic,Cairo,P0001,CardioSafe,Alpha Pharma,160,28927.49,Sell-in,T009
2023-07-01,OUT00038,Chain Pharmacy,Upper Egypt,P0006,NeuroCalm,Zeta Pharma,631,29248.58,Sell-in,T026
2023-07-01,OUT00057,Chain Pharmacy,Canal,P0005,Infecto,Epsilon Pharma,785,99628.71,Sell-in,T012
2023-07-01,OUT00017,Chain Pharmacy,Giza,P0005,Infecto,Epsilon Pharma,311,50966.62,Sell-in,T001
2023-07-01,OUT00040,Chain Pharmacy,Giza,P0005,Infecto,Epsilon Pharma,548,100862.64,Sell-in,T012
2023-07-01,OUT00037,Clinic,Canal,P0002,GlucoMax,Beta Pharma,724,52493.16,Sell-in,T013
2023-07-01,OUT00051,Clinic,Giza,P0008,Dermacare,Theta Pharma,131,11083.73,Sell-in,T008
2023-07-01,OUT00093,Hospital,Giza,P0008,Dermacare,Theta Pharma,272,41145.91,Sell-in,T027
2023-07-01,OUT00047,Chain Pharmacy,Giza,P0002,GlucoMax,Beta Pharma,859,132144.78,Sell-in,T012
2023-07-01,OUT00002,Clinic,Cairo,P0010,GastroEase,Kappa Pharma,551,81390.77,Sell-in,T012
2023-07-01,OUT00025,Independent Pharmacy,Giza,P0009,LipiControl,Iota Pharma,133,4706.08,Sell-in,T013
2023-07-01,OUT00055,Clinic,Upper Egypt,P0009,LipiControl,Iota Pharma,363,39237.62,Sell-in,T012
2023-07-01,OUT00100,Independent Pharmacy,Cairo,P0007,ArthroRelief,Eta Pharma,466,51782.78,Sell-in,T008
2023-07-01,OUT00111,Chain Pharmacy,Alexandria,P0004,PainFree,Delta Pharma,772,100993.83,Sell-in,T004
2023-07-01,OUT00082,Chain Pharmacy,Cairo,P0009,LipiControl,Iota Pharma,227,6865.63,Sell-in,T004
2023-07-01,OUT00014,Hospital,Giza,P0010,GastroEase,Kappa Pharma,232,29034.15,Sell-in,T006
2023-07-01,OUT00048,Independent Pharmacy,Canal,P0001,CardioSafe,Alpha Pharma,873,80826.48,Sell-in,T002
2023-07-01,OUT00081,Hospital,Giza,P0002,GlucoMax,Beta Pharma,292,35191.11,Sell-in,T015
2023-07-01,OUT00016,Clinic,Upper Egypt,P0003,Respira,Gamma Pharma,255,30581.8,Sell-in,T004
2023-07-01,OUT00053,Independent Pharmacy,Alexandria,P0002,GlucoMax,Beta Pharma,514,27115.74,Sell-in,T003
2023-07-01,OUT00105,Clinic,Cairo,P0008,Dermacare,Theta Pharma,28,841.45,Sell-in,T027
2023-07-01,OUT00097,Clinic,Cairo,P0006,NeuroCalm,Zeta Pharma,301,48143.31,Sell-in,T015
2023-07-01,OUT00003,Hospital,Alexandria,P0006,NeuroCalm,Zeta Pharma,639,76508.63,Sell-in,T021
2023-07-01,OUT00049,Hospital,Canal,P0005,Infecto,Epsilon Pharma,446,62044.94,Sell-in,T013
2023-07-01,OUT00083,Hospital,Delta,P0002,GlucoMax,Beta Pharma,197,12465.63,Sell-in,T019
2023-07-01,OUT00005,Hospital,Upper Egypt,P0010,GastroEase,Kappa Pharma,377,59785.31,Sell-in,T024
2023-07-01,OUT00007,Hospital,Alexandria,P0001,CardioSafe,Alpha Pharma,157,26235.35,Sell-in,T013
2023-07-01,OUT00101,Chain Pharmacy,Alexandria,P0003,Respira,Gamma Pharma,669,23303.92,Sell-in,T014
2023-07-01,OUT00065,Chain Pharmacy,Alexandria,P0008,Dermacare,Theta Pharma,142,26885.93,Sell-in,T005
2023-07-01,OUT00079,Chain Pharmacy,Alexandria,P0004,PainFree,Delta Pharma,242,37625.71,Sell-in,T017
2023-07-01,OUT00072,Clinic,Upper Egypt,P0006,NeuroCalm,Zeta Pharma,735,28651.84,Sell-in,T004
2023-07-01,OUT00036,Clinic,Cairo,P0001,CardioSafe,Alpha Pharma,847,157705.03,Sell-in,T020
2023-07-01,OUT00054,Clinic,Cairo,P0002,GlucoMax,Beta Pharma,534,93766.01,Sell-in,T012
2023-07-01,OUT00103,Independent Pharmacy,Cairo,P0004,PainFree,Delta Pharma,150,10622.04,Sell-in,T017
2023-07-01,OUT00045,Independent Pharmacy,Delta,P0005,Infecto,Epsilon Pharma,456,79250.58,Sell-in,T009
2023-07-01,OUT00026,Clinic,Giza,P0005,Infecto,Epsilon Pharma,477,87386.14,Sell-in,T016
2023-07-01,OUT00108,Chain Pharmacy,Canal,P0005,Infecto,Epsilon Pharma,103,12961.92,Sell-in,T021
2023-07-01,OUT00001,Clinic,Alexandria,P0001,CardioSafe,Alpha Pharma,469,78779.72,Sell-in,T029
2023-07-01,OUT00075,Clinic,Alexandria,P0004,PainFree,Delta Pharma,780,44281.68,Sell-in,T005
2023-07-01,OUT00117,Chain Pharmacy,Upper Egypt,P0006,NeuroCalm,Zeta Pharma,794,22785.83,Sell-in,T028
2023-07-01,OUT00078,Independent Pharmacy,Alexandria,P0005,Infecto,Epsilon Pharma,156,9885.58,Sell-in,T019
2023-07-01,OUT00102,Clinic,Giza,P0006,NeuroCalm,Zeta Pharma,34,5003.06,Sell-in,T004
2023-07-01,OUT00076,Independent Pharmacy,Upper Egypt,P0001,CardioSafe,Alpha Pharma,107,17692.56,Sell-in,T011
2023-07-01,OUT00004,Clinic,Canal,P0001,CardioSafe,Alpha Pharma,753,44381.79,Sell-in,T029
2023-07-01,OUT00080,Independent Pharmacy,Upper Egypt,P0007,ArthroRelief,Eta Pharma,674,34110.83,Sell-in,T017
2023-07-01,OUT00120,Hospital,Delta,P0004,PainFree,Delta Pharma,513,60928.42,Sell-in,T017
2023-07-01,OUT00107,Independent Pharmacy,Cairo,P0008,Dermacare,Theta Pharma,803,71149.87,Sell-in,T001
2023-07-01,OUT00070,Clinic,Giza,P0005,Infecto,Epsilon Pharma,708,116371.62,Sell-in,T025
2023-07-01,OUT00043,Independent Pharmacy,Giza,P0003,Respira,Gamma Pharma,122,21364.49,Sell-in,T021
2023-07-01,OUT00064,Hospital,Alexandria,P0002,GlucoMax,Beta Pharma,719,41921.88,Sell-in,T027
2023-07-01,OUT00059,Chain Pharmacy,Canal,P0008,Dermacare,Theta Pharma,743,78937.37,Sell-in,T020
2023-07-01,OUT00073,Hospital,Alexandria,P0007,ArthroRelief,Eta Pharma,213,39530.09,Sell-in,T026
2023-07-01,OUT00024,Hospital,Delta,P0006,NeuroCalm,Zeta Pharma,362,64949.74,Sell-in,T021
2023-07-01,OUT00031,Independent Pharmacy,Giza,P0003,Respira,Gamma Pharma,365,48707.72,Sell-in,T001
2023-07-01,OUT00052,Independent Pharmacy,Alexandria,P0010,GastroEase,Kappa Pharma,493,52764.81,Sell-in,T001
2023-07-01,OUT00063,Chain Pharmacy,Canal,P0007,ArthroRelief,Eta Pharma,85,2894.03,Sell-in,T006
2023-07-01,OUT00018,Hospital,Canal,P0004,PainFree,Delta Pharma,733,45942.85,Sell-in,T017
2023-07-01,OUT00114,Clinic,Alexandria,P0008,Dermacare,Theta Pharma,216,38713.44,Sell-in,T001
2023-07-01,OUT00087,Clinic,Giza,P0001,CardioSafe,Alpha Pharma,184,34312.67,Sell-in,T003
2023-07-01,OUT00086,Hospital,Delta,P0007,ArthroRelief,Eta Pharma,665,77072.62,Sell-in,T029
2023-07-01,OUT00030,Hospital,Giza,P0001,CardioSafe,Alpha Pharma,314,22397.93,Sell-in,T018
2023-07-01,OUT00006,Independent Pharmacy,Canal,P0007,ArthroRelief,Eta Pharma,715,121297.45,Sell-in,T028
2023-07-01,OUT00010,Clinic,Giza,P0003,Respira,Gamma Pharma,251,38080.16,Sell-in,T018
2023-07-01,OUT00028,Hospital,Canal,P0008,Dermacare,Theta Pharma,254,30070.57,Sell-in,T018
2023-07-01,OUT00058,Clinic,Alexandria,P0006,NeuroCalm,Zeta Pharma,162,18657.6,Sell-in,T001
2023-07-01,OUT00096,Chain Pharmacy,Upper Egypt,P0004,PainFree,Delta Pharma,447,61735.36,Sell-in,T010
2023-07-01,OUT00095,Clinic,Cairo,P0004,PainFree,Delta Pharma,829,80551.7,Sell-in,T020
2023-07-01,OUT00015,Chain Pharmacy,Giza,P0006,NeuroCalm,Zeta Pharma,539,37767.08,Sell-in,T011
2023-07-01,OUT00042,Hospital,Giza,P0010,GastroEase,Kappa Pharma,408,66222.21,Sell-in,T003
2023-07-01,OUT00061,Hospital,Upper Egypt,P0002,GlucoMax,Beta Pharma,587,70671.64,Sell-in,T003
2023-07-01,OUT00060,Clinic,Cairo,P0007,ArthroRelief,Eta Pharma,580,54174.11,Sell-in,T001
2023-07-01,OUT00110,Independent Pharmacy,Upper Egypt,P0003,Respira,Gamma Pharma,629,63650.3,Sell-in,T025
2023-07-01,OUT00112,Clinic,Cairo,P0003,Respira,Gamma Pharma,649,28113.74,Sell-in,T028
2023-07-01,OUT00050,Chain Pharmacy,Alexandria,P0008,Dermacare,Theta Pharma,800,84381.41,Sell-in,T008
2023-07-01,OUT00039,Chain Pharmacy,Alexandria,P0001,CardioSafe,Alpha Pharma,882,162294.34,Sell-in,T021
2023-08-01,OUT00096,Hospital,Giza,P0005,Infecto,Epsilon Pharma,283,21007.74,Sell-in,T026
2023-08-01,OUT00050,Chain Pharmacy,Alexandria,P0007,ArthroRelief,Eta Pharma,144,19786.55,Sell-in,T011
2023-08-01,OUT00015,Clinic,Delta,P0006,NeuroCalm,Zeta Pharma,689,58260.83,Sell-in,T008
2023-08-01,OUT00109,Independent Pharmacy,Giza,P0005,Infecto,Epsilon Pharma,123,23168.41,Sell-in,T028
2023-08-01,OUT00089,Hospital,Cairo,P0007,ArthroRelief,Eta Pharma,639,115528.88,Sell-in,T004
2023-08-01,OUT00064,Hospital,Cairo,P0004,PainFree,Delta Pharma,266,43337.26,Sell-in,T022
2023-08-01,OUT00035,Clinic,Canal,P0007,ArthroRelief,Eta Pharma,704,77403.15,Sell-in,T008
2023-08-01,OUT00080,Hospital,Upper Egypt,P0003,Respira,Gamma Pharma,841,127306.32,Sell-in,T007
2023-08-01,OUT00053,Hospital,Upper Egypt,P0005,Infecto,Epsilon Pharma,458,70792.19,Sell-in,T019
2023-08-01,OUT00087,Independent Pharmacy,Cairo,P0007,ArthroRelief,Eta Pharma,46,3890.46,Sell-in,T030
2023-08-01,OUT00074,Independent Pharmacy,Alexandria,P0003,Respira,Gamma Pharma,404,70981.9,Sell-in,T006
2023-08-01,OUT00068,Clinic,Delta,P0008,Dermacare,Theta Pharma,809,96880.83,Sell-in,T026
2023-08-01,OUT00104,Chain Pharmacy,Alexandria,P0001,CardioSafe,Alpha Pharma,880,67608.88,Sell-in,T002
2023-08-01,OUT00036,Hospital,Canal,P0002,GlucoMax,Beta Pharma,328,25080.76,Sell-in,T005
2023-08-01,OUT00002,Clinic,Alexandria,P0005,Infecto,Epsilon Pharma,680,59079.86,Sell-in,T013
2023-08-01,OUT00025,Chain Pharmacy,Giza,P0007,ArthroRelief,Eta Pharma,225,14517.62,Sell-in,T007
2023-08-01,OUT00008,Chain Pharmacy,Upper Egypt,P0009,LipiControl,Iota Pharma,771,87286.78,Sell-in,T009
2023-08-01,OUT00113,Chain Pharmacy,Alexandria,P0002,GlucoMax,Beta Pharma,584,63601.26,Sell-in,T030
2023-08-01,OUT00051,Independent Pharmacy,Canal,P0007,ArthroRelief,Eta Pharma,682,77100.89,Sell-in,T009
2023-08-01,OUT00006,Chain Pharmacy,Cairo,P0005,Infecto,Epsilon Pharma,773,87715.29,Sell-in,T011
2023-08-01,OUT00047,Hospital,Upper Egypt,P0004,PainFree,Delta Pharma,172,4832.8,Sell-in,T010
2023-08-01,OUT00105,Chain Pharmacy,Giza,P0006,NeuroCalm,Zeta Pharma,688,114165.44,Sell-in,T025
2023-08-01,OUT00112,Chain Pharmacy,Giza,P0010,GastroEase,Kappa Pharma,565,56665.77,Sell-in,T001
2023-08-01,OUT00016,Clinic,Delta,P0006,NeuroCalm,Zeta Pharma,514,48994.2,Sell-in,T004
2023-08-01,OUT00115,Clinic,Delta,P0005,Infecto,Epsilon Pharma,23,1260.71,Sell-in,T022
2023-08-01,OUT00071,Hospital,Delta,P0009,LipiControl,Iota Pharma,232,23366.58,Sell-in,T027
2023-08-01,OUT00084,Independent Pharmacy,Delta,P0002,GlucoMax,Beta Pharma,241,41032.39,Sell-in,T004
2023-08-01,OUT00021,Clinic,Delta,P0005,Infecto,Epsilon Pharma,697,91043.55,Sell-in,T017
2023-08-01,OUT00040,Chain Pharmacy,Canal,P0005,Infecto,Epsilon Pharma,172,31936.32,Sell-in,T002
2023-08-01,OUT00094,Independent Pharmacy,Alexandria,P0010,GastroEase,Kappa Pharma,823,147373.39,Sell-in,T015
2023-08-01,OUT00102,Independent Pharmacy,Delta,P0010,GastroEase,Kappa Pharma,262,29894.48,Sell-in,T003
2023-08-01,OUT00046,Independent Pharmacy,Canal,P0008,Dermacare,Theta Pharma,432,55183.36,Sell-in,T013
2023-08-01,OUT00030,Independent Pharmacy,Giza,P0001,CardioSafe,Alpha Pharma,336,44371.39,Sell-in,T002
2023-08-01,OUT00100,Hospital,Alexandria,P0008,Dermacare,Theta Pharma,697,105854.07,Sell-in,T026
2023-08-01,OUT00092,Independent Pharmacy,Canal,P0002,GlucoMax,Beta Pharma,59,3807.26,Sell-in,T013
2023-08-01,OUT00119,Clinic,Cairo,P0002,GlucoMax,Beta Pharma,479,29845.48,Sell-in,T013
2023-08-01,OUT00114,Hospital,Alexandria,P0003,Respira,Gamma Pharma,402,66857.67,Sell-in,T028
2023-08-01,OUT00055,Chain Pharmacy,Upper Egypt,P0004,PainFree,Delta Pharma,51,2835.44,Sell-in,T001
2023-08-01,OUT00067,Clinic,Cairo,P0009,LipiControl,Iota Pharma,460,42410.83,Sell-in,T004
2023-08-01,OUT00034,Independent Pharmacy,Canal,P0003,Respira,Gamma Pharma,769,143267.93,Sell-in,T028
2023-08-01,OUT00077,Chain Pharmacy,Upper Egypt,P0002,GlucoMax,Beta Pharma,706,72933.83,Sell-in,T018
2023-08-01,OUT00013,Independent Pharmacy,Upper Egypt,P0003,Respira,Gamma Pharma,188,15276.69,Sell-in,T016
2023-08-01,OUT00086,Independent Pharmacy,Canal,P0004,PainFree,Delta Pharma,745,63367.3,Sell-in,T020
2023-08-01,OUT00073,Clinic,Cairo,P0007,ArthroRelief,Eta Pharma,110,15711.23,Sell-in,T027
2023-08-01,OUT00005,Clinic,Giza,P0006,NeuroCalm,Zeta Pharma,20,1785.58,Sell-in,T030
2023-08-01,OUT00023,Independent Pharmacy,Upper Egypt,P0006,NeuroCalm,Zeta Pharma,750,131097.74,Sell-in,T002
2023-08-01,OUT00078,Clinic,Cairo,P0006,NeuroCalm,Zeta Pharma,681,111923.14,Sell-in,T012
2023-08-01,OUT00059,Hospital,Giza,P0005,Infecto,Epsilon Pharma,784,45941.56,Sell-in,T015
2023-08-01,OUT00110,Independent Pharmacy,Cairo,P0010,GastroEase,Kappa Pharma,416,28067.72,Sell-in,T003
2023-08-01,OUT00039,Hospital,Upper Egypt,P0008,Dermacare,Theta Pharma,145,19757.4,Sell-in,T003
2023-08-01,OUT00063,Chain Pharmacy,Canal,P0008,Dermacare,Theta Pharma,620,80595.7,Sell-in,T026
2023-08-01,OUT00090,Hospital,Upper Egypt,P0002,GlucoMax,Beta Pharma,835,119914.24,Sell-in,T020
2023-08-01,OUT00079,Clinic,Upper Egypt,P0004,PainFree,Delta Pharma,718,122627.37,Sell-in,T004
2023-08-01,OUT00061,Chain Pharmacy,Upper Egypt,P0002,GlucoMax,Beta Pharma,733,132600.1,Sell-in,T007
2023-08-01,OUT00010,Hospital,Cairo,P0005,Infecto,Epsilon Pharma,397,46296.75,Sell-in,T011
2023-08-01,OUT00003,Clinic,Giza,P0006,NeuroCalm,Zeta Pharma,592,54087.13,Sell-in,T001
2023-08-01,OUT00083,Independent Pharmacy,Upper Egypt,P0003,Respira,Gamma Pharma,79,11215.68,Sell-in,T024
2023-08-01,OUT00088,Independent Pharmacy,Cairo,P0003,Respira,Gamma Pharma,736,87266.42,Sell-in,T023
2023-08-01,OUT00076,Chain Pharmacy,Upper Egypt,P0009,LipiControl,Iota Pharma,488,27086.96,Sell-in,T017
2023-08-01,OUT00097,Chain Pharmacy,Cairo,P0006,NeuroCalm,Zeta Pharma,89,4542.29,Sell-in,T020
2023-08-01,OUT00103,Independent Pharmacy,Delta,P0008,Dermacare,Theta Pharma,676,104136.45,Sell-in,T024
2023-08-01,OUT00043,Clinic,Cairo,P0008,Dermacare,Theta Pharma,641,77677.35,Sell-in,T007
2023-08-01,OUT00044,Hospital,Alexandria,P0009,LipiControl,Iota Pharma,734,31418.86,Sell-in,T024
2023-08-01,OUT00011,Hospital,Canal,P0001,CardioSafe,Alpha Pharma,885,164961.23,Sell-in,T004
2023-08-01,OUT00085,Clinic,Cairo,P0009,LipiControl,Iota Pharma,386,38070.04,Sell-in,T024
2023-08-01,OUT00028,Hospital,Delta,P0003,Respira,Gamma Pharma,75,2963.09,Sell-in,T009
2023-08-01,OUT00072,Clinic,Upper Egypt,P0003,Respira,Gamma Pharma,418,40454.59,Sell-in,T012
2023-08-01,OUT00042,Independent Pharmacy,Giza,P0002,GlucoMax,Beta Pharma,379,10201.93,Sell-in,T014
2023-08-01,OUT00070,Clinic,Canal,P0005,Infecto,Epsilon Pharma,648,48270.26,Sell-in,T015
2023-08-01,OUT00099,Independent Pharmacy,Upper Egypt,P0002,GlucoMax,Beta Pharma,596,105067.23,Sell-in,T021
2023-08-01,OUT00116,Independent Pharmacy,Delta,P0005,Infecto,Epsilon Pharma,753,133633.85,Sell-in,T015
2023-08-01,OUT00001,Independent Pharmacy,Canal,P0002,GlucoMax,Beta Pharma,130,4440.41,Sell-in,T028
2023-08-01,OUT00048,Clinic,Canal,P0010,GastroEase,Kappa Pharma,861,59193.69,Sell-in,T020
2023-08-01,OUT00095,Hospital,Delta,P0004,PainFree,Delta Pharma,223,32581.75,Sell-in,T022
2023-08-01,OUT00081,Hospital,Giza,P0001,CardioSafe,Alpha Pharma,272,26303.59,Sell-in,T020
2023-08-01,OUT00026,Clinic,Delta,P0009,LipiControl,Iota Pharma,31,2951.22,Sell-in,T025
2023-08-01,OUT00093,Hospital,Canal,P0005,Infecto,Epsilon Pharma,534,89127.93,Sell-in,T013
2023-08-01,OUT00029,Clinic,Alexandria,P0006,NeuroCalm,Zeta Pharma,613,74114.97,Sell-in,T003
2023-08-01,OUT00024,Hospital,Canal,P0010,GastroEase,Kappa Pharma,83,9596.47,Sell-in,T008
2023-08-01,OUT00041,Independent Pharmacy,Canal,P0001,CardioSafe,Alpha Pharma,686,69519.52,Sell-in,T011
2023-09-01,OUT00056,Independent Pharmacy,Cairo,P0008,Dermacare,Theta Pharma,186,25790.7,Sell-in,T009
2023-09-01,OUT00054,Clinic,Alexandria,P0004,PainFree,Delta Pharma,205,24469.06,Sell-in,T006
2023-09-01,OUT00076,Independent Pharmacy,Canal,P0008,Dermacare,Theta Pharma,756,80265.31,Sell-in,T009
2023-09-01,OUT00092,Clinic,Cairo,P0003,Respira,Gamma Pharma,408,64117.33,Sell-in,T023
2023-09-01,OUT00091,Clinic,Cairo,P0010,GastroEase,Kappa Pharma,562,91264.05,Sell-in,T030
2023-09-01,OUT00067,Hospital,Giza,P0007,ArthroRelief,Eta Pharma,435,72517.23,Sell-in,T007
2023-09-01,OUT00027,Clinic,Giza,P0005,Infecto,Epsilon Pharma,42,4973.26,Sell-in,T007
2023-09-01,OUT00083,Hospital,Giza,P0005,Infecto,Epsilon Pharma,771,111761.46,Sell-in,T011
2023-09-01,OUT00085,Clinic,Canal,P0005,Infecto,Epsilon Pharma,610,66041.35,Sell-in,T004
2023-09-01,OUT00024,Hospital,Canal,P0008,Dermacare,Theta Pharma,754,25216.19,Sell-in,T029
2023-09-01,OUT00080,Chain Pharmacy,Giza,P0008,Dermacare,Theta Pharma,829,129443.6,Sell-in,T014
2023-09-01,OUT00013,Independent Pharmacy,Canal,P0003,Respira,Gamma Pharma,188,28043.32,Sell-in,T019
2023-09-01,OUT00057,Hospital,Giza,P0007,ArthroRelief,Eta Pharma,32,5748.12,Sell-in,T012
2023-09-01,OUT00005,Clinic,Alexandria,P0006,NeuroCalm,Zeta Pharma,639,114454.02,Sell-in,T008
2023-09-01,OUT00060,Chain Pharmacy,Canal,P0009,LipiControl,Iota Pharma,629,110668.45,Sell-in,T004
2023-09-01,OUT00015,Chain Pharmacy,Canal,P0004,PainFree,Delta Pharma,866,105687.23,Sell-in,T014
2023-09-01,OUT00033,Independent Pharmacy,Giza,P0007,ArthroRelief,Eta Pharma,462,19169.53,Sell-in,T007
2023-09-01,OUT00094,Hospital,Delta,P0004,PainFree,Delta Pharma,524,60266.48,Sell-in,T015
2023-09-01,OUT00040,Hospital,Delta,P0004,PainFree,Delta Pharma,188,26694.8,Sell-in,T002
2023-09-01,OUT00052,Clinic,Alexandria,P0006,NeuroCalm,Zeta Pharma,528,65508.34,Sell-in,T027
2023-09-01,OUT00044,Hospital,Giza,P0001,CardioSafe,Alpha Pharma,891,67108.87,Sell-in,T029
2023-09-01,OUT00112,Independent Pharmacy,Giza,P0001,CardioSafe,Alpha Pharma,509,67218.22,Sell-in,T019
2023-09-01,OUT00113,Independent Pharmacy,Giza,P0008,Dermacare,Theta Pharma,78,9594.51,Sell-in,T017
2023-09-01,OUT00058,Independent Pharmacy,Giza,P0002,GlucoMax,Beta Pharma,733,109526.31,Sell-in,T004
2023-09-01,OUT00041,Hospital,Cairo,P0001,CardioSafe,Alpha Pharma,895,125234.96,Sell-in,T022
2023-09-01,OUT00072,Hospital,Canal,P0005,Infecto,Epsilon Pharma,858,119995.55,Sell-in,T023
2023-09-01,OUT00071,Clinic,Cairo,P0008,Dermacare,Theta Pharma,53,4375.89,Sell-in,T005
2023-09-01,OUT00049,Independent Pharmacy,Delta,P0005,Infecto,Epsilon Pharma,869,140514.35,Sell-in,T008
2023-09-01,OUT00118,Clinic,Cairo,P0001,CardioSafe,Alpha Pharma,669,49657.48,Sell-in,T019
2023-09-01,OUT00119,Hospital,Cairo,P0004,PainFree,Delta Pharma,753,41902.97,Sell-in,T026
2023-09-01,OUT00101,Hospital,Giza,P0003,Respira,Gamma Pharma,412,32650.93,Sell-in,T023
2023-09-01,OUT00062,Clinic,Cairo,P0002,GlucoMax,Beta Pharma,37,5223.66,Sell-in,T020
2023-09-01,OUT00102,Chain Pharmacy,Giza,P0002,GlucoMax,Beta Pharma,577,61647.85,Sell-in,T027
2023-09-01,OUT00104,Independent Pharmacy,Canal,P0009,LipiControl,Iota Pharma,390,70127.21,Sell-in,T014
2023-09-01,OUT00008,Chain Pharmacy,Alexandria,P0009,LipiControl,Iota Pharma,333,30819.42,Sell-in,T021
2023-09-01,OUT00004,Clinic,Cairo,P0008,Dermacare,Theta Pharma,866,81074.21,Sell-in,T006
2023-09-01,OUT00075,Hospital,Giza,P0008,Dermacare,Theta Pharma,542,31742.11,Sell-in,T022
2023-09-01,OUT00066,Chain Pharmacy,Giza,P0003,Respira,Gamma Pharma,307,33242.56,Sell-in,T026
2023-09-01,OUT00074,Clinic,Canal,P0008,Dermacare,Theta Pharma,779,110691.37,Sell-in,T008
2023-09-01,OUT00001,Clinic,Delta,P0005,Infecto,Epsilon Pharma,474,26501.24,Sell-in,T004
2023-09-01,OUT00017,Hospital,Cairo,P0010,GastroEase,Kappa Pharma,369,46323.64,Sell-in,T016
2023-09-01,OUT00053,Clinic,Giza,P0008,Dermacare,Theta Pharma,20,2793.67,Sell-in,T005
2023-09-01,OUT00106,Hospital,Canal,P0001,CardioSafe,Alpha Pharma,772,101032.87,Sell-in,T002
2023-09-01,OUT00096,Hospital,Canal,P0001,CardioSafe,Alpha Pharma,629,32871.46,Sell-in,T024
2023-09-01,OUT00042,Clinic,Giza,P0009,LipiControl,Iota Pharma,38,4641.97,Sell-in,T025
2023-09-01,OUT00036,Hospital,Giza,P0008,Dermacare,Theta Pharma,91,17084.61,Sell-in,T017
2023-09-01,OUT00003,Clinic,Upper Egypt,P0005,Infecto,Epsilon Pharma,23,3766.3,Sell-in,T022
2023-09-01,OUT00026,Hospital,Cairo,P0005,Infecto,Epsilon Pharma,136,5860.07,Sell-in,T020
2023-09-01,OUT00034,Hospital,Canal,P0010,GastroEase,Kappa Pharma,376,27841.71,Sell-in,T012
2023-09-01,OUT00111,Independent Pharmacy,Alexandria,P0007,ArthroRelief,Eta Pharma,761,62150.12,Sell-in,T009
2023-09-01,OUT00068,Clinic,Cairo,P0004,PainFree,Delta Pharma,645,44114.31,Sell-in,T016
2023-09-01,OUT00099,Hospital,Canal,P0006,NeuroCalm,Zeta Pharma,848,85256.81,Sell-in,T012
2023-09-01,OUT00046,Clinic,Canal,P0007,ArthroRelief,Eta Pharma,377,54145.97,Sell-in,T012
2023-09-01,OUT00115,Hospital,Alexandria,P0003,Respira,Gamma Pharma,725,102957.53,Sell-in,T020
2023-09-01,OUT00081,Chain Pharmacy,Canal,P0008,Dermacare,Theta Pharma,417,74221.04,Sell-in,T018
2023-09-01,OUT00016,Hospital,Canal,P0007,ArthroRelief,Eta Pharma,427,60060.95,Sell-in,T021
2023-09-01,OUT00070,Clinic,Upper Egypt,P0004,PainFree,Delta Pharma,363,33194.55,Sell-in,T012
2023-09-01,OUT00006,Chain Pharmacy,Delta,P0006,NeuroCalm,Zeta Pharma,358,52895.22,Sell-in,T012
2023-09-01,OUT00032,Hospital,Canal,P0005,Infecto,Epsilon Pharma,822,35080.48,Sell-in,T026
2023-09-01,OUT00055,Clinic,Cairo,P0010,GastroEase,Kappa Pharma,895,166418.07,Sell-in,T024
2023-09-01,OUT00061,Chain Pharmacy,Cairo,P0004,PainFree,Delta Pharma,888,38798.74,Sell-in,T001
2023-09-01,OUT00087,Clinic,Canal,P0006,NeuroCalm,Zeta Pharma,535,58461.18,Sell-in,T019
2023-09-01,OUT00095,Chain Pharmacy,Delta,P0005,Infecto,Epsilon Pharma,527,96969.69,Sell-in,T008
2023-09-01,OUT00043,Clinic,Cairo,P0002,GlucoMax,Beta Pharma,561,30659.73,Sell-in,T028
2023-09-01,OUT00089,Hospital,Delta,P0001,CardioSafe,Alpha Pharma,167,15007.25,Sell-in,T021
2023-09-01,OUT00097,Clinic,Delta,P0003,Respira,Gamma Pharma,350,32311.7,Sell-in,T029
2023-09-01,OUT00107,Independent Pharmacy,Canal,P0010,GastroEase,Kappa Pharma,618,70331.77,Sell-in,T028
2023-09-01,OUT00084,Hospital,Giza,P0007,ArthroRelief,Eta Pharma,579,41919.17,Sell-in,T012
2023-09-01,OUT00021,Independent Pharmacy,Canal,P0005,Infecto,Epsilon Pharma,718,40639.43,Sell-in,T028
2023-09-01,OUT00019,Clinic,Cairo,P0003,Respira,Gamma Pharma,243,38990.84,Sell-in,T029
2023-09-01,OUT00103,Independent Pharmacy,Alexandria,P0006,NeuroCalm,Zeta Pharma,333,40873.39,Sell-in,T023
2023-09-01,OUT00010,Clinic,Upper Egypt,P0007,ArthroRelief,Eta Pharma,652,66353.33,Sell-in,T020
2023-09-01,OUT00108,Clinic,Cairo,P0008,Dermacare,Theta Pharma,189,14736.59,Sell-in,T026
2023-09-01,OUT00050,Independent Pharmacy,Cairo,P0009,LipiControl,Iota Pharma,164,26217.39,Sell-in,T005
2023-09-01,OUT00047,Chain Pharmacy,Cairo,P0006,NeuroCalm,Zeta Pharma,212,18564.58,Sell-in,T017
2023-09-01,OUT00079,Clinic,Cairo,P0008,Dermacare,Theta Pharma,672,125246.84,Sell-in,T005
2023-09-01,OUT00011,Hospital,Cairo,P0004,PainFree,Delta Pharma,883,77363.33,Sell-in,T024
2023-09-01,OUT00065,Hospital,Delta,P0004,PainFree,Delta Pharma,502,62297.3,Sell-in,T011
2023-09-01,OUT00012,Chain Pharmacy,Delta,P0007,ArthroRelief,Eta Pharma,189,16658.79,Sell-in,T011
2023-09-01,OUT00030,Clinic,Cairo,P0003,Respira,Gamma Pharma,398,68991.55,Sell-in,T019
2023-10-01,OUT00026,Clinic,Alexandria,P0003,Respira,Gamma Pharma,345,22367.75,Sell-in,T024
2023-10-01,OUT00061,Clinic,Giza,P0003,Respira,Gamma Pharma,384,10455.24,Sell-in,T001
2023-10-01,OUT00078,Hospital,Alexandria,P0001,CardioSafe,Alpha Pharma,577,33248.14,Sell-in,T001
2023-10-01,OUT00033,Independent Pharmacy,Alexandria,P0009,LipiControl,Iota Pharma,712,49450.69,Sell-in,T011
2023-10-01,OUT00002,Hospital,Cairo,P0006,NeuroCalm,Zeta Pharma,701,71322.24,Sell-in,T005
2023-10-01,OUT00087,Clinic,Canal,P0006,NeuroCalm,Zeta Pharma,662,48142.14,Sell-in,T014
2023-10-01,OUT00035,Clinic,Canal,P0004,PainFree,Delta Pharma,773,108910.38,Sell-in,T011
2023-10-01,OUT00006,Chain Pharmacy,Upper Egypt,P0004,PainFree,Delta Pharma,784,42994.52,Sell-in,T005
2023-10-01,OUT00042,Independent Pharmacy,Delta,P0007,ArthroRelief,Eta Pharma,705,87778.71,Sell-in,T005
2023-10-01,OUT00004,Hospital,Canal,P0006,NeuroCalm,Zeta Pharma,614,89840.57,Sell-in,T027
2023-10-01,OUT00065,Chain Pharmacy,Giza,P0004,PainFree,Delta Pharma,706,24135.63,Sell-in,T001
2023-10-01,OUT00057,Independent Pharmacy,Alexandria,P0005,Infecto,Epsilon Pharma,886,58260.81,Sell-in,T012
2023-10-01,OUT00100,Hospital,Upper Egypt,P0010,GastroEase,Kappa Pharma,367,35968.41,Sell-in,T020
2023-10-01,OUT00013,Chain Pharmacy,Upper Egypt,P0001,CardioSafe,Alpha Pharma,690,103723.46,Sell-in,T013
2023-10-01,OUT00118,Clinic,Giza,P0007,ArthroRelief,Eta Pharma,69,5696.99,Sell-in,T017
2023-10-01,OUT00058,Hospital,Delta,P0010,GastroEase,Kappa Pharma,395,74184.4,Sell-in,T010
2023-10-01,OUT00106,Independent Pharmacy,Alexandria,P0004,PainFree,Delta Pharma,586,53405.9,Sell-in,T011
2023-10-01,OUT00089,Chain Pharmacy,Canal,P0008,Dermacare,Theta Pharma,598,53945.69,Sell-in,T023
2023-10-01,OUT00021,Hospital,Alexandria,P0004,PainFree,Delta Pharma,336,53006.5,Sell-in,T013
2023-10-01,OUT00015,Hospital,Canal,P0003,Respira,Gamma Pharma,468,34750.73,Sell-in,T015
2023-10-01,OUT00069,Chain Pharmacy,Alexandria,P0008,Dermacare,Theta Pharma,723,122775.6,Sell-in,T021
2023-10-01,OUT00053,Independent Pharmacy,Canal,P0008,Dermacare,Theta Pharma,570,27255.13,Sell-in,T022
2023-10-01,OUT00099,Clinic,Upper Egypt,P0005,Infecto,Epsilon Pharma,283,35193.34,Sell-in,T014
2023-10-01,OUT00116,Chain Pharmacy,Delta,P0006,NeuroCalm,Zeta Pharma,427,34680.17,Sell-in,T029
2023-10-01,OUT00074,Independent Pharmacy,Cairo,P0003,Respira,Gamma Pharma,646,90018.07,Sell-in,T019
2023-10-01,OUT00071,Chain Pharmacy,Upper Egypt,P0003,Respira,Gamma Pharma,345,57759.39,Sell-in,T019
2023-10-01,OUT00060,Hospital,Giza,P0006,NeuroCalm,Zeta Pharma,270,32004.08,Sell-in,T023
2023-10-01,OUT00098,Clinic,Canal,P0001,CardioSafe,Alpha Pharma,368,25330.98,Sell-in,T005
2023-10-01,OUT00064,Independent Pharmacy,Cairo,P0007,ArthroRelief,Eta Pharma,423,67547.16,Sell-in,T017
2023-10-01,OUT00037,Clinic,Cairo,P0006,NeuroCalm,Zeta Pharma,191,30680.05,Sell-in,T018
2023-10-01,OUT00008,Clinic,Canal,P0008,Dermacare,Theta Pharma,766,41261.36,Sell-in,T019
2023-10-01,OUT00066,Independent Pharmacy,Canal,P0010,GastroEase,Kappa Pharma,361,32526.73,Sell-in,T022
2023-10-01,OUT00102,Clinic,Upper Egypt,P0005,Infecto,Epsilon Pharma,427,61242.1,Sell-in,T015
2023-10-01,OUT00096,Clinic,Alexandria,P0004,PainFree,Delta Pharma,67,6272.73,Sell-in,T026
2023-10-01,OUT00072,Clinic,Giza,P0006,NeuroCalm,Zeta Pharma,412,33817.69,Sell-in,T010
2023-10-01,OUT00010,Chain Pharmacy,Giza,P0009,LipiControl,Iota Pharma,851,96234.68,Sell-in,T019
2023-10-01,OUT00084,Hospital,Giza,P0003,Respira,Gamma Pharma,257,23772.82,Sell-in,T003
2023-10-01,OUT00117,Chain Pharmacy,Giza,P0009,LipiControl,Iota Pharma,489,34650.23,Sell-in,T002
2023-10-01,OUT00047,Hospital,Cairo,P0006,NeuroCalm,Zeta Pharma,568,103489.59,Sell-in,T008
2023-10-01,OUT00020,Chain Pharmacy,Delta,P0008,Dermacare,Theta Pharma,722,85231.28,Sell-in,T028
2023-10-01,OUT00073,Independent Pharmacy,Alexandria,P0007,ArthroRelief,Eta Pharma,612,91690.34,Sell-in,T024
2023-10-01,OUT00093,Chain Pharmacy,Canal,P0009,LipiControl,Iota Pharma,123,4437.09,Sell-in,T007
2023-10-01,OUT00007,Hospital,Upper Egypt,P0010,GastroEase,Kappa Pharma,556,66368.53,Sell-in,T006
2023-10-01,OUT00063,Clinic,Delta,P0007,ArthroRelief,Eta Pharma,111,3190.58,Sell-in,T027
2023-10-01,OUT00113,Hospital,Giza,P0009,LipiControl,Iota Pharma,768,34512.69,Sell-in,T005
2023-10-01,OUT00107,Clinic,Delta,P0001,CardioSafe,Alpha Pharma,116,9720.95,Sell-in,T025
2023-10-01,OUT00105,Hospital,Giza,P0005,Infecto,Epsilon Pharma,397,10969.92,Sell-in,T012
2023-10-01,OUT00031,Hospital,Cairo,P0006,NeuroCalm,Zeta Pharma,640,115669.39,Sell-in,T012
2023-10-01,OUT00082,Clinic,Alexandria,P0004,PainFree,Delta Pharma,249,26236.99,Sell-in,T015
2023-10-01,OUT00044,Hospital,Delta,P0003,Respira,Gamma Pharma,125,22269.2,Sell-in,T011
2023-10-01,OUT00068,Chain Pharmacy,Giza,P0004,PainFree,Delta Pharma,488,34120.5,Sell-in,T007
2023-10-01,OUT00039,Independent Pharmacy,Alexandria,P0002,GlucoMax,Beta Pharma,273,23393.15,Sell-in,T014
2023-10-01,OUT00077,Hospital,Alexandria,P0008,Dermacare,Theta Pharma,698,84684.88,Sell-in,T013
2023-10-01,OUT00029,Independent Pharmacy,Canal,P0006,NeuroCalm,Zeta Pharma,32,2961.74,Sell-in,T022
2023-10-01,OUT00019,Independent Pharmacy,Delta,P0005,Infecto,Epsilon Pharma,416,45932.25,Sell-in,T023
2023-10-01,OUT00012,Chain Pharmacy,Alexandria,P0008,Dermacare,Theta Pharma,725,29628.14,Sell-in,T011
2023-10-01,OUT00054,Independent Pharmacy,Cairo,P0010,GastroEase,Kappa Pharma,316,35972.51,Sell-in,T027
2023-10-01,OUT00119,Hospital,Canal,P0001,CardioSafe,Alpha Pharma,339,15211.48,Sell-in,T002
2023-10-01,OUT00094,Hospital,Cairo,P0006,NeuroCalm,Zeta Pharma,884,149052.04,Sell-in,T030
2023-10-01,OUT00115,Clinic,Canal,P0004,PainFree,Delta Pharma,41,7739.92,Sell-in,T018
2023-10-01,OUT00017,Independent Pharmacy,Upper Egypt,P0009,LipiControl,Iota Pharma,152,24434.06,Sell-in,T009
2023-10-01,OUT00027,Independent Pharmacy,Cairo,P0010,GastroEase,Kappa Pharma,391,30275.73,Sell-in,T001
2023-10-01,OUT00079,Hospital,Canal,P0007,ArthroRelief,Eta Pharma,535,45827.47,Sell-in,T021
2023-10-01,OUT00009,Clinic,Upper Egypt,P0009,LipiControl,Iota Pharma,429,14893.6,Sell-in,T011
2023-10-01,OUT00056,Chain Pharmacy,Giza,P0009,LipiControl,Iota Pharma,673,98227.85,Sell-in,T007
2023-10-01,OUT00120,Independent Pharmacy,Giza,P0007,ArthroRelief,Eta Pharma,488,40895.87,Sell-in,T029
2023-10-01,OUT00076,Hospital,Alexandria,P0001,CardioSafe,Alpha Pharma,861,136431.15,Sell-in,T005
2023-10-01,OUT00110,Independent Pharmacy,Alexandria,P0002,GlucoMax,Beta Pharma,574,57506.87,Sell-in,T007
2023-10-01,OUT00075,Independent Pharmacy,Cairo,P0005,Infecto,Epsilon Pharma,86,9272.09,Sell-in,T010
2023-10-01,OUT00048,Chain Pharmacy,Delta,P0007,ArthroRelief,Eta Pharma,195,29706.47,Sell-in,T030
2023-10-01,OUT00111,Hospital,Canal,P0003,Respira,Gamma Pharma,160,18124.97,Sell-in,T028
2023-10-01,OUT00070,Clinic,Upper Egypt,P0003,Respira,Gamma Pharma,267,11036.65,Sell-in,T024
2023-10-01,OUT00086,Hospital,Giza,P0004,PainFree,Delta Pharma,417,19167.02,Sell-in,T014
2023-10-01,OUT00050,Hospital,Upper Egypt,P0002,GlucoMax,Beta Pharma,330,46286.69,Sell-in,T003
2023-10-01,OUT00046,Hospital,Upper Egypt,P0004,PainFree,Delta Pharma,796,135368.38,Sell-in,T006
2023-10-01,OUT00001,Hospital,Alexandria,P0006,NeuroCalm,Zeta Pharma,795,40461.93,Sell-in,T029
2023-10-01,OUT00030,Clinic,Giza,P0004,PainFree,Delta Pharma,37,1032.42,Sell-in,T023
2023-10-01,OUT00083,Clinic,Alexandria,P0007,ArthroRelief,Eta Pharma,714,26266.06,Sell-in,T008
2023-10-01,OUT00049,Clinic,Delta,P0006,NeuroCalm,Zeta Pharma,85,14025.46,Sell-in,T001
2023-10-01,OUT00014,Clinic,Cairo,P0003,Respira,Gamma Pharma,886,62284.03,Sell-in,T002
2023-11-01,OUT00019,Chain Pharmacy,Giza,P0007,ArthroRelief,Eta Pharma,874,49625.89,Sell-in,T013
2023-11-01,OUT00081,Clinic,Alexandria,P0010,GastroEase,Kappa Pharma,845,53385.21,Sell-in,T017
2023-11-01,OUT00050,Chain Pharmacy,Giza,P0008,Dermacare,Theta Pharma,858,120262.9,Sell-in,T008
2023-11-01,OUT00013,Independent Pharmacy,Canal,P0003,Respira,Gamma Pharma,870,61015.87,Sell-in,T012
2023-11-01,OUT00092,Hospital,Upper Egypt,P0001,CardioSafe,Alpha Pharma,650,87927.61,Sell-in,T005
2023-11-01,OUT00103,Independent Pharmacy,Alexandria,P0005,Infecto,Epsilon Pharma,160,18555.6,Sell-in,T026
2023-11-01,OUT00118,Independent Pharmacy,Delta,P0004,PainFree,Delta Pharma,52,9089.08,Sell-in,T020
2023-11-01,OUT00059,Independent Pharmacy,Delta,P0008,Dermacare,Theta Pharma,793,83220.1,Sell-in,T016
2023-11-01,OUT00088,Chain Pharmacy,Giza,P0002,GlucoMax,Beta Pharma,162,9565.21,Sell-in,T019
2023-11-01,OUT00074,Clinic,Upper Egypt,P0009,LipiControl,Iota Pharma,541,39033.69,Sell-in,T001
2023-11-01,OUT00082,Hospital,Alexandria,P0003,Respira,Gamma Pharma,480,15385.61,Sell-in,T006
2023-11-01,OUT00101,Hospital,Alexandria,P0006,NeuroCalm,Zeta Pharma,520,98363.68,Sell-in,T026
2023-11-01,OUT00008,Independent Pharmacy,Alexandria,P0006,NeuroCalm,Zeta Pharma,73,12093.72,Sell-in,T018
2023-11-01,OUT00038,Clinic,Giza,P0003,Respira,Gamma Pharma,523,84731.25,Sell-in,T007
2023-11-01,OUT00046,Clinic,Giza,P0002,GlucoMax,Beta Pharma,340,57232.06,Sell-in,T027
2023-11-01,OUT00052,Chain Pharmacy,Cairo,P0004,PainFree,Delta Pharma,462,23680.15,Sell-in,T018
2023-11-01,OUT00113,Chain Pharmacy,Delta,P0006,NeuroCalm,Zeta Pharma,212,8996.75,Sell-in,T023
2023-11-01,OUT00053,Hospital,Canal,P0003,Respira,Gamma Pharma,752,97081.07,Sell-in,T012
2023-11-01,OUT00035,Clinic,Giza,P0010,GastroEase,Kappa Pharma,389,69442.02,Sell-in,T009
2023-11-01,OUT00111,Hospital,Cairo,P0007,ArthroRelief,Eta Pharma,248,9441.77,Sell-in,T002
2023-11-01,OUT00047,Clinic,Canal,P0004,PainFree,Delta Pharma,892,46828.54,Sell-in,T015
2023-11-01,OUT00098,Independent Pharmacy,Giza,P0001,CardioSafe,Alpha Pharma,424,67380.38,Sell-in,T023
2023-11-01,OUT00086,Hospital,Delta,P0001,CardioSafe,Alpha Pharma,835,148297.45,Sell-in,T029
2023-11-01,OUT00057,Chain Pharmacy,Cairo,P0004,PainFree,Delta Pharma,474,23817.34,Sell-in,T017
2023-11-01,OUT00031,Chain Pharmacy,Cairo,P0007,ArthroRelief,Eta Pharma,162,18662.44,Sell-in,T009
2023-11-01,OUT00030,Independent Pharmacy,Cairo,P0003,Respira,Gamma Pharma,686,112823.36,Sell-in,T009
2023-11-01,OUT00021,Hospital,Delta,P0006,NeuroCalm,Zeta Pharma,281,17001.85,Sell-in,T014
2023-11-01,OUT00060,Clinic,Canal,P0002,GlucoMax,Beta Pharma,548,82812.3,Sell-in,T002
2023-11-01,OUT00066,Independent Pharmacy,Upper Egypt,P0007,ArthroRelief,Eta Pharma,534,20641.62,Sell-in,T026
2023-11-01,OUT00120,Hospital,Upper Egypt,P0007,ArthroRelief,Eta Pharma,892,122538.87,Sell-in,T010
2023-11-01,OUT00014,Independent Pharmacy,Canal,P0008,Dermacare,Theta Pharma,501,59291.02,Sell-in,T013
2023-11-01,OUT00107,Clinic,Canal,P0007,ArthroRelief,Eta Pharma,544,98693.73,Sell-in,T008
2023-11-01,OUT00029,Hospital,Giza,P0004,PainFree,Delta Pharma,824,104476.1,Sell-in,T001
2023-11-01,OUT00006,Clinic,Canal,P0005,Infecto,Epsilon Pharma,617,93032.02,Sell-in,T006
2023-11-01,OUT00041,Hospital,Alexandria,P0008,Dermacare,Theta Pharma,734,97893.12,Sell-in,T009
2023-11-01,OUT00024,Independent Pharmacy,Cairo,P0010,GastroEase,Kappa Pharma,341,41820.83,Sell-in,T012
2023-11-01,OUT00091,Clinic,Upper Egypt,P0002,GlucoMax,Beta Pharma,471,61193.1,Sell-in,T024
2023-11-01,OUT00015,Independent Pharmacy,Cairo,P0005,Infecto,Epsilon Pharma,421,65991.79,Sell-in,T022
2023-11-01,OUT00079,Chain Pharmacy,Canal,P0010,GastroEase,Kappa Pharma,128,19582.65,Sell-in,T022
2023-11-01,OUT00109,Chain Pharmacy,Canal,P0006,NeuroCalm,Zeta Pharma,332,44504.1,Sell-in,T006
2023-11-01,OUT00069,Independent Pharmacy,Alexandria,P0003,Respira,Gamma Pharma,632,71018.83,Sell-in,T008
2023-11-01,OUT00011,Chain Pharmacy,Cairo,P0006,NeuroCalm,Zeta Pharma,545,98617.1,Sell-in,T011
2023-11-01,OUT00027,Clinic,Upper Egypt,P0009,LipiControl,Iota Pharma,499,45102.7,Sell-in,T023
2023-11-01,OUT00034,Hospital,Giza,P0003,Respira,Gamma Pharma,321,32091.44,Sell-in,T010
2023-11-01,OUT00012,Chain Pharmacy,Cairo,P0006,NeuroCalm,Zeta Pharma,34,1212.79,Sell-in,T019
2023-11-01,OUT00020,Chain Pharmacy,Canal,P0006,NeuroCalm,Zeta Pharma,284,21549.23,Sell-in,T006
2023-11-01,OUT00039,Hospital,Cairo,P0007,ArthroRelief,Eta Pharma,54,6135.18,Sell-in,T007
2023-11-01,OUT00009,Clinic,Upper Egypt,P0004,PainFree,Delta Pharma,99,16264.04,Sell-in,T030
2023-11-01,OUT00025,Hospital,Delta,P0010,GastroEase,Kappa Pharma,584,89716.34,Sell-in,T019
2023-11-01,OUT00096,Hospital,Alexandria,P0003,Respira,Gamma Pharma,249,20728.17,Sell-in,T027
2023-11-01,OUT00108,Independent Pharmacy,Alexandria,P0005,Infecto,Epsilon Pharma,210,14401.8,Sell-in,T021
2023-11-01,OUT00003,Independent Pharmacy,Cairo,P0007,ArthroRelief,Eta Pharma,396,18252.09,Sell-in,T004
2023-11-01,OUT00080,Clinic,Canal,P0004,PainFree,Delta Pharma,782,37692.66,Sell-in,T008
2023-11-01,OUT00106,Clinic,Cairo,P0007,ArthroRelief,Eta Pharma,489,57388.25,Sell-in,T013
2023-11-01,OUT00067,Hospital,Giza,P0002,GlucoMax,Beta Pharma,250,6363.13,Sell-in,T024
2023-11-01,OUT00119,Independent Pharmacy,Canal,P0010,GastroEase,Kappa Pharma,826,70295.26,Sell-in,T009
2023-11-01,OUT00022,Independent Pharmacy,Canal,P0002,GlucoMax,Beta Pharma,467,22086.5,Sell-in,T024
2023-11-01,OUT00084,Chain Pharmacy,Giza,P0010,GastroEase,Kappa Pharma,341,45336.97,Sell-in,T006
2023-11-01,OUT00087,Hospital,Delta,P0002,GlucoMax,Beta Pharma,726,125685.57,Sell-in,T002
2023-11-01,OUT00064,Independent Pharmacy,Giza,P0010,GastroEase,Kappa Pharma,697,51210.43,Sell-in,T010
2023-11-01,OUT00110,Hospital,Giza,P0001,CardioSafe,Alpha Pharma,853,161831.65,Sell-in,T017
2023-11-01,OUT00016,Chain Pharmacy,Alexandria,P0001,CardioSafe,Alpha Pharma,720,43367.96,Sell-in,T013
2023-11-01,OUT00085,Hospital,Cairo,P0005,Infecto,Epsilon Pharma,359,11393.01,Sell-in,T013
2023-11-01,OUT00051,Chain Pharmacy,Upper Egypt,P0008,Dermacare,Theta Pharma,698,118160.4,Sell-in,T009
2023-11-01,OUT00115,Independent Pharmacy,Upper Egypt,P0006,NeuroCalm,Zeta Pharma,712,35390.9,Sell-in,T010
2023-11-01,OUT00042,Clinic,Giza,P0003,Respira,Gamma Pharma,121,22502.87,Sell-in,T003
2023-11-01,OUT00017,Clinic,Canal,P0010,GastroEase,Kappa Pharma,719,134555.95,Sell-in,T011
2023-11-01,OUT00005,Independent Pharmacy,Giza,P0009,LipiControl,Iota Pharma,847,69769.24,Sell-in,T008
2023-11-01,OUT00001,Clinic,Cairo,P0003,Respira,Gamma Pharma,451,72023.96,Sell-in,T024
2023-11-01,OUT00090,Clinic,Upper Egypt,P0008,Dermacare,Theta Pharma,210,19716.43,Sell-in,T011
2023-11-01,OUT00065,Chain Pharmacy,Canal,P0010,GastroEase,Kappa Pharma,622,106734.04,Sell-in,T028
2023-11-01,OUT00043,Hospital,Delta,P0003,Respira,Gamma Pharma,198,16794.56,Sell-in,T016
2023-11-01,OUT00075,Clinic,Canal,P0002,GlucoMax,Beta Pharma,763,125212.88,Sell-in,T009
2023-11-01,OUT00083,Hospital,Cairo,P0008,Dermacare,Theta Pharma,586,88484.33,Sell-in,T012
2023-11-01,OUT00104,Hospital,Alexandria,P0001,CardioSafe,Alpha Pharma,560,34035.85,Sell-in,T019
2023-11-01,OUT00004,Clinic,Giza,P0008,Dermacare,Theta Pharma,733,56198.6,Sell-in,T005
2023-11-01,OUT00002,Clinic,Upper Egypt,P0003,Respira,Gamma Pharma,642,20810.06,Sell-in,T009
2023-11-01,OUT00010,Chain Pharmacy,Giza,P0003,Respira,Gamma Pharma,414,54891.17,Sell-in,T001
2023-11-01,OUT00105,Independent Pharmacy,Cairo,P0005,Infecto,Epsilon Pharma,368,64137.52,Sell-in,T017
2023-11-01,OUT00078,Hospital,Canal,P0005,Infecto,Epsilon Pharma,579,97437.43,Sell-in,T007
2023-12-01,OUT00002,Chain Pharmacy,Delta,P0010,GastroEase,Kappa Pharma,121,13986.84,Sell-in,T021
2023-12-01,OUT00050,Hospital,Delta,P0010,GastroEase,Kappa Pharma,513,73302.71,Sell-in,T008
2023-12-01,OUT00075,Chain Pharmacy,Giza,P0005,Infecto,Epsilon Pharma,473,19046.34,Sell-in,T014
2023-12-01,OUT00067,Clinic,Upper Egypt,P0002,GlucoMax,Beta Pharma,44,3261.15,Sell-in,T004
2023-12-01,OUT00023,Chain Pharmacy,Cairo,P0002,GlucoMax,Beta Pharma,692,85655.19,Sell-in,T030
2023-12-01,OUT00058,Hospital,Upper Egypt,P0010,GastroEase,Kappa Pharma,193,28348.62,Sell-in,T025
2023-12-01,OUT00048,Independent Pharmacy,Alexandria,P0010,GastroEase,Kappa Pharma,757,57684.66,Sell-in,T024
2023-12-01,OUT00022,Clinic,Alexandria,P0002,GlucoMax,Beta Pharma,285,36648.68,Sell-in,T005
2023-12-01,OUT00019,Clinic,Giza,P0006,NeuroCalm,Zeta Pharma,794,79968.09,Sell-in,T022
2023-12-01,OUT00099,Clinic,Canal,P0003,Respira,Gamma Pharma,766,106699.69,Sell-in,T017
2023-12-01,OUT00117,Independent Pharmacy,Delta,P0007,ArthroRelief,Eta Pharma,84,8199.59,Sell-in,T011
2023-12-01,OUT00073,Hospital,Canal,P0010,GastroEase,Kappa Pharma,86,8043.48,Sell-in,T020
2023-12-01,OUT00110,Clinic,Giza,P0010,GastroEase,Kappa Pharma,262,34165.75,Sell-in,T019
2023-12-01,OUT00119,Hospital,Delta,P0007,ArthroRelief,Eta Pharma,149,12996.36,Sell-in,T023
2023-12-01,OUT00088,Hospital,Delta,P0009,LipiControl,Iota Pharma,575,57621.38,Sell-in,T024
2023-12-01,OUT00068,Chain Pharmacy,Delta,P0010,GastroEase,Kappa Pharma,882,106845.59,Sell-in,T017
2023-12-01,OUT00045,Clinic,Alexandria,P0009,LipiControl,Iota Pharma,776,133124.71,Sell-in,T002
2023-12-01,OUT00062,Chain Pharmacy,Upper Egypt,P0007,ArthroRelief,Eta Pharma,610,37227.09,Sell-in,T016
2023-12-01,OUT00044,Chain Pharmacy,Giza,P0009,LipiControl,Iota Pharma,244,28127.03,Sell-in,T017
2023-12-01,OUT00021,Chain Pharmacy,Delta,P0006,NeuroCalm,Zeta Pharma,598,27111.13,Sell-in,T022
2023-12-01,OUT00116,Hospital,Alexandria,P0005,Infecto,Epsilon Pharma,795,132223.55,Sell-in,T008
2023-12-01,OUT00012,Hospital,Delta,P0006,NeuroCalm,Zeta Pharma,428,47640.18,Sell-in,T029
2023-12-01,OUT00008,Clinic,Alexandria,P0001,CardioSafe,Alpha Pharma,889,85672.82,Sell-in,T029
2023-12-01,OUT00005,Clinic,Delta,P0003,Respira,Gamma Pharma,553,76413.58,Sell-in,T001
2023-12-01,OUT00089,Independent Pharmacy,Giza,P0001,CardioSafe,Alpha Pharma,873,106594.74,Sell-in,T019
2023-12-01,OUT00028,Independent Pharmacy,Alexandria,P0008,Dermacare,Theta Pharma,218,14350.74,Sell-in,T010
2023-12-01,OUT00060,Independent Pharmacy,Cairo,P0001,CardioSafe,Alpha Pharma,699,71515.84,Sell-in,T002
2023-12-01,OUT00036,Clinic,Cairo,P0003,Respira,Gamma Pharma,189,14212.28,Sell-in,T024
2023-12-01,OUT00007,Clinic,Canal,P0010,GastroEase,Kappa Pharma,224,34133.71,Sell-in,T022
2023-12-01,OUT00055,Clinic,Giza,P0009,LipiControl,Iota Pharma,650,40962.24,Sell-in,T019
2023-12-01,OUT00057,Hospital,Upper Egypt,P0006,NeuroCalm,Zeta Pharma,342,60149.9,Sell-in,T030
2023-12-01,OUT00046,Clinic,Cairo,P0003,Respira,Gamma Pharma,235,39634.04,Sell-in,T002
2023-12-01,OUT00025,Independent Pharmacy,Alexandria,P0006,NeuroCalm,Zeta Pharma,753,129768.9,Sell-in,T017
2023-12-01,OUT00014,Hospital,Giza,P0010,GastroEase,Kappa Pharma,474,64153.79,Sell-in,T005
2023-12-01,OUT00086,Hospital,Alexandria,P0003,Respira,Gamma Pharma,537,13596.4,Sell-in,T002
2023-12-01,OUT00001,Hospital,Canal,P0001,CardioSafe,Alpha Pharma,77,11974.61,Sell-in,T017
2023-12-01,OUT00065,Independent Pharmacy,Upper Egypt,P0007,ArthroRelief,Eta Pharma,297,35852.36,Sell-in,T004
2023-12-01,OUT00080,Hospital,Canal,P0003,Respira,Gamma Pharma,869,45860.47,Sell-in,T001
2023-12-01,OUT00095,Independent Pharmacy,Canal,P0001,CardioSafe,Alpha Pharma,654,52543.84,Sell-in,T006
2023-12-01,OUT00079,Independent Pharmacy,Upper Egypt,P0005,Infecto,Epsilon Pharma,93,17658.07,Sell-in,T012
2023-12-01,OUT00029,Hospital,Giza,P0008,Dermacare,Theta Pharma,496,23001.59,Sell-in,T015
2023-12-01,OUT00024,Hospital,Alexandria,P0001,CardioSafe,Alpha Pharma,458,17745.61,Sell-in,T012
2023-12-01,OUT00017,Independent Pharmacy,Giza,P0001,CardioSafe,Alpha Pharma,867,111822.32,Sell-in,T025
2023-12-01,OUT00051,Clinic,Alexandria,P0004,PainFree,Delta Pharma,255,47059.57,Sell-in,T003
2023-12-01,OUT00083,Clinic,Cairo,P0003,Respira,Gamma Pharma,380,45655.94,Sell-in,T003
2023-12-01,OUT00040,Hospital,Canal,P0010,GastroEase,Kappa Pharma,712,28992.22,Sell-in,T023
2023-12-01,OUT00071,Independent Pharmacy,Upper Egypt,P0001,CardioSafe,Alpha Pharma,559,19128.33,Sell-in,T004
2023-12-01,OUT00112,Hospital,Cairo,P0005,Infecto,Epsilon Pharma,215,26758.59,Sell-in,T018
2023-12-01,OUT00013,Chain Pharmacy,Upper Egypt,P0005,Infecto,Epsilon Pharma,354,22846.44,Sell-in,T014
2023-12-01,OUT00018,Clinic,Cairo,P0004,PainFree,Delta Pharma,622,80327.02,Sell-in,T017
2023-12-01,OUT00006,Independent Pharmacy,Delta,P0010,GastroEase,Kappa Pharma,739,23256.96,Sell-in,T012
2023-12-01,OUT00033,Independent Pharmacy,Canal,P0004,PainFree,Delta Pharma,849,99591.67,Sell-in,T004
2023-12-01,OUT00120,Chain Pharmacy,Canal,P0005,Infecto,Epsilon Pharma,830,42158.04,Sell-in,T026
2023-12-01,OUT00114,Chain Pharmacy,Delta,P0007,ArthroRelief,Eta Pharma,169,22262.83,Sell-in,T014
2023-12-01,OUT00103,Clinic,Delta,P0008,Dermacare,Theta Pharma,400,62524.3,Sell-in,T019
2023-12-01,OUT00041,Independent Pharmacy,Canal,P0001,CardioSafe,Alpha Pharma,717,77303.46,Sell-in,T011
2023-12-01,OUT00043,Chain Pharmacy,Delta,P0003,Respira,Gamma Pharma,176,12954.6,Sell-in,T012
2023-12-01,OUT00015,Hospital,Canal,P0008,Dermacare,Theta Pharma,331,25882.87,Sell-in,T026
2023-12-01,OUT00030,Chain Pharmacy,Giza,P0003,Respira,Gamma Pharma,722,116817.12,Sell-in,T003
2023-12-01,OUT00081,Chain Pharmacy,Delta,P0010,GastroEase,Kappa Pharma,382,53234.86,Sell-in,T016
2023-12-01,OUT00059,Clinic,Alexandria,P0001,CardioSafe,Alpha Pharma,351,37388.85,Sell-in,T029
2023-12-01,OUT00003,Hospital,Upper Egypt,P0007,ArthroRelief,Eta Pharma,421,26977.18,Sell-in,T013
2023-12-01,OUT00100,Clinic,Canal,P0001,CardioSafe,Alpha Pharma,235,6089.98,Sell-in,T022
2023-12-01,OUT00107,Clinic,Upper Egypt,P0005,Infecto,Epsilon Pharma,650,71430.86,Sell-in,T010
2023-12-01,OUT00034,Chain Pharmacy,Canal,P0004,PainFree,Delta Pharma,80,12195.69,Sell-in,T027
2023-12-01,OUT00106,Clinic,Giza,P0008,Dermacare,Theta Pharma,587,22655.24,Sell-in,T028
2023-12-01,OUT00102,Hospital,Delta,P0004,PainFree,Delta Pharma,835,82497.56,Sell-in,T028
2023-12-01,OUT00092,Independent Pharmacy,Canal,P0002,GlucoMax,Beta Pharma,451,31587.04,Sell-in,T012
2023-12-01,OUT00052,Independent Pharmacy,Alexandria,P0001,CardioSafe,Alpha Pharma,810,52773.9,Sell-in,T020
2023-12-01,OUT00090,Chain Pharmacy,Upper Egypt,P0005,Infecto,Epsilon Pharma,779,77432.07,Sell-in,T017
2023-12-01,OUT00076,Chain Pharmacy,Giza,P0001,CardioSafe,Alpha Pharma,669,101731.65,Sell-in,T029
2023-12-01,OUT00109,Hospital,Alexandria,P0005,Infecto,Epsilon Pharma,884,70637.81,Sell-in,T004
2023-12-01,OUT00042,Clinic,Canal,P0010,GastroEase,Kappa Pharma,494,15432.69,Sell-in,T014
2023-12-01,OUT00085,Chain Pharmacy,Cairo,P0004,PainFree,Delta Pharma,164,20081.69,Sell-in,T004
2023-12-01,OUT00118,Independent Pharmacy,Canal,P0005,Infecto,Epsilon Pharma,729,131379.71,Sell-in,T010
2023-12-01,OUT00047,Clinic,Alexandria,P0003,Respira,Gamma Pharma,477,62902.92,Sell-in,T029
2023-12-01,OUT00049,Independent Pharmacy,Upper Egypt,P0008,Dermacare,Theta Pharma,187,31158.08,Sell-in,T030
2023-12-01,OUT00074,Clinic,Alexandria,P0007,ArthroRelief,Eta Pharma,887,53933.96,Sell-in,T008
2023-12-01,OUT00064,Clinic,Delta,P0007,ArthroRelief,Eta Pharma,797,106662.55,Sell-in,T016
2023-12-01,OUT00113,Chain Pharmacy,Delta,P0007,ArthroRelief,Eta Pharma,34,6418.68,Sell-in,T012
2024-01-01,OUT00067,Chain Pharmacy,Canal,P0002,GlucoMax,Beta Pharma,132,14985.52,Sell-in,T006
2024-01-01,OUT00070,Independent Pharmacy,Giza,P0005,Infecto,Epsilon Pharma,644,54874.11,Sell-in,T005
2024-01-01,OUT00052,Hospital,Canal,P0010,GastroEase,Kappa Pharma,102,17477.88,Sell-in,T002
2024-01-01,OUT00082,Clinic,Delta,P0003,Respira,Gamma Pharma,780,99326.13,Sell-in,T028
2024-01-01,OUT00084,Hospital,Upper Egypt,P0010,GastroEase,Kappa Pharma,330,40994.76,Sell-in,T030
2024-01-01,OUT00071,Independent Pharmacy,Delta,P0002,GlucoMax,Beta Pharma,413,37242.82,Sell-in,T002
2024-01-01,OUT00019,Hospital,Alexandria,P0010,GastroEase,Kappa Pharma,464,44861.99,Sell-in,T027
2024-01-01,OUT00093,Independent Pharmacy,Alexandria,P0010,GastroEase,Kappa Pharma,254,43514.07,Sell-in,T014
2024-01-01,OUT00038,Clinic,Alexandria,P0005,Infecto,Epsilon Pharma,253,39301.72,Sell-in,T030
2024-01-01,OUT00007,Clinic,Canal,P0001,CardioSafe,Alpha Pharma,278,13828.72,Sell-in,T023
2024-01-01,OUT00096,Chain Pharmacy,Alexandria,P0008,Dermacare,Theta Pharma,35,5314.11,Sell-in,T005
2024-01-01,OUT00010,Independent Pharmacy,Canal,P0003,Respira,Gamma Pharma,577,78739.59,Sell-in,T018
2024-01-01,OUT00028,Independent Pharmacy,Delta,P0010,GastroEase,Kappa Pharma,156,11295.39,Sell-in,T003
2024-01-01,OUT00078,Clinic,Delta,P0008,Dermacare,Theta Pharma,407,47560.85,Sell-in,T026
2024-01-01,OUT00116,Hospital,Alexandria,P0005,Infecto,Epsilon Pharma,893,46727.91,Sell-in,T025
2024-01-01,OUT00120,Hospital,Canal,P0004,PainFree,Delta Pharma,624,57000.8,Sell-in,T012
2024-01-01,OUT00013,Independent Pharmacy,Delta,P0002,GlucoMax,Beta Pharma,569,103462.79,Sell-in,T020
2024-01-01,OUT00085,Clinic,Delta,P0007,ArthroRelief,Eta Pharma,358,59922.06,Sell-in,T012
2024-01-01,OUT00081,Chain Pharmacy,Upper Egypt,P0008,Dermacare,Theta Pharma,655,112148.39,Sell-in,T016
2024-01-01,OUT00086,Hospital,Cairo,P0008,Dermacare,Theta Pharma,662,52868.86,Sell-in,T003
2024-01-01,OUT00077,Chain Pharmacy,Giza,P0009,LipiControl,Iota Pharma,697,37025.44,Sell-in,T019
2024-01-01,OUT00048,Chain Pharmacy,Upper Egypt,P0010,GastroEase,Kappa Pharma,607,20727.79,Sell-in,T019
2024-01-01,OUT00004,Chain Pharmacy,Delta,P0003,Respira,Gamma Pharma,523,35435.45,Sell-in,T024
2024-01-01,OUT00061,Hospital,Canal,P0003,Respira,Gamma Pharma,518,14532.21,Sell-in,T012
2024-01-01,OUT00050,Clinic,Delta,P0002,GlucoMax,Beta Pharma,752,108223.93,Sell-in,T005
2024-01-01,OUT00029,Chain Pharmacy,Giza,P0006,NeuroCalm,Zeta Pharma,616,69348.1,Sell-in,T001
2024-01-01,OUT00039,Chain Pharmacy,Cairo,P0007,ArthroRelief,Eta Pharma,116,8469.39,Sell-in,T026
2024-01-01,OUT00023,Clinic,Cairo,P0007,ArthroRelief,Eta Pharma,857,43634.29,Sell-in,T002
2024-01-01,OUT00089,Chain Pharmacy,Giza,P0001,CardioSafe,Alpha Pharma,37,4105.87,Sell-in,T012
2024-01-01,OUT00115,Chain Pharmacy,Giza,P0009,LipiControl,Iota Pharma,501,79636.9,Sell-in,T004
2024-01-01,OUT00063,Independent Pharmacy,Delta,P0008,Dermacare,Theta Pharma,571,28457.58,Sell-in,T014
2024-01-01,OUT00030,Clinic,Cairo,P0003,Respira,Gamma Pharma,275,20783.93,Sell-in,T019
2024-01-01,OUT00119,Clinic,Delta,P0009,LipiControl,Iota Pharma,162,17697.72,Sell-in,T022
2024-01-01,OUT00002,Independent Pharmacy,Giza,P0001,CardioSafe,Alpha Pharma,354,42847.94,Sell-in,T008
2024-01-01,OUT00097,Clinic,Alexandria,P0003,Respira,Gamma Pharma,306,54419.68,Sell-in,T013
2024-01-01,OUT00103,Hospital,Giza,P0006,NeuroCalm,Zeta Pharma,721,83175.09,Sell-in,T029
2024-01-01,OUT00031,Chain Pharmacy,Giza,P0006,NeuroCalm,Zeta Pharma,260,7962.12,Sell-in,T013
2024-01-01,OUT00047,Clinic,Cairo,P0007,ArthroRelief,Eta Pharma,751,91259.86,Sell-in,T027
2024-01-01,OUT00022,Clinic,Canal,P0005,Infecto,Epsilon Pharma,342,21356.46,Sell-in,T010
2024-01-01,OUT00018,Clinic,Upper Egypt,P0010,GastroEase,Kappa Pharma,720,120411.42,Sell-in,T021
2024-01-01,OUT00005,Hospital,Alexandria,P0009,LipiControl,Iota Pharma,468,83467.38,Sell-in,T022
2024-01-01,OUT00105,Clinic,Delta,P0003,Respira,Gamma Pharma,30,854.23,Sell-in,T002
2024-01-01,OUT00064,Chain Pharmacy,Cairo,P0005,Infecto,Epsilon Pharma,76,13097.45,Sell-in,T026
2024-01-01,OUT00036,Hospital,Giza,P0001,CardioSafe,Alpha Pharma,162,28681.27,Sell-in,T020
2024-01-01,OUT00042,Hospital,Giza,P0010,GastroEase,Kappa Pharma,546,37027.43,Sell-in,T025
2024-01-01,OUT00072,Hospital,Canal,P0001,CardioSafe,Alpha Pharma,476,71287.22,Sell-in,T022
2024-01-01,OUT00057,Independent Pharmacy,Alexandria,P0004,PainFree,Delta Pharma,252,10283.9,Sell-in,T016
2024-01-01,OUT00034,Clinic,Alexandria,P0007,ArthroRelief,Eta Pharma,674,66172.69,Sell-in,T002
2024-01-01,OUT00003,Clinic,Giza,P0005,Infecto,Epsilon Pharma,887,34424.29,Sell-in,T024
2024-01-01,OUT00069,Chain Pharmacy,Cairo,P0005,Infecto,Epsilon Pharma,287,45026.85,Sell-in,T002
2024-01-01,OUT00073,Chain Pharmacy,Upper Egypt,P0006,NeuroCalm,Zeta Pharma,871,82576.69,Sell-in,T010
2024-01-01,OUT00101,Chain Pharmacy,Delta,P0007,ArthroRelief,Eta Pharma,45,3107.85,Sell-in,T022
2024-01-01,OUT00112,Independent Pharmacy,Upper Egypt,P0003,Respira,Gamma Pharma,243,33111.16,Sell-in,T005
2024-01-01,OUT00033,Clinic,Alexandria,P0001,CardioSafe,Alpha Pharma,410,30887.78,Sell-in,T021
2024-01-01,OUT00076,Hospital,Giza,P0001,CardioSafe,Alpha Pharma,863,27068.05,Sell-in,T009
2024-01-01,OUT00114,Chain Pharmacy,Giza,P0007,ArthroRelief,Eta Pharma,183,16350.75,Sell-in,T017
2024-01-01,OUT00045,Hospital,Giza,P0004,PainFree,Delta Pharma,46,1227.09,Sell-in,T004
2024-01-01,OUT00104,Independent Pharmacy,Alexandria,P0002,GlucoMax,Beta Pharma,123,14958.2,Sell-in,T005
2024-01-01,OUT00027,Chain Pharmacy,Upper Egypt,P0007,ArthroRelief,Eta Pharma,250,10016.21,Sell-in,T003
2024-01-01,OUT00111,Hospital,Canal,P0002,GlucoMax,Beta Pharma,250,14317.46,Sell-in,T028
2024-01-01,OUT00083,Clinic,Giza,P0007,ArthroRelief,Eta Pharma,54,7870.8,Sell-in,T022
2024-01-01,OUT00090,Clinic,Upper Egypt,P0010,GastroEase,Kappa Pharma,190,19005.42,Sell-in,T029
2024-01-01,OUT00117,Hospital,Alexandria,P0010,GastroEase,Kappa Pharma,546,79158.19,Sell-in,T003
2024-01-01,OUT00054,Independent Pharmacy,Upper Egypt,P0008,Dermacare,Theta Pharma,506,59458.41,Sell-in,T022
2024-01-01,OUT00011,Hospital,Alexandria,P0009,LipiControl,Iota Pharma,251,10389.01,Sell-in,T001
2024-01-01,OUT00014,Independent Pharmacy,Alexandria,P0003,Respira,Gamma Pharma,713,41136.79,Sell-in,T016
2024-01-01,OUT00032,Clinic,Giza,P0001,CardioSafe,Alpha Pharma,568,27968.8,Sell-in,T020
2024-01-01,OUT00035,Chain Pharmacy,Giza,P0007,ArthroRelief,Eta Pharma,745,45753.36,Sell-in,T012
2024-01-01,OUT00080,Clinic,Giza,P0002,GlucoMax,Beta Pharma,476,45115.64,Sell-in,T024
2024-01-01,OUT00020,Hospital,Upper Egypt,P0004,PainFree,Delta Pharma,133,14776.18,Sell-in,T007
2024-01-01,OUT00009,Chain Pharmacy,Upper Egypt,P0003,Respira,Gamma Pharma,157,17383.48,Sell-in,T003
2024-01-01,OUT00107,Independent Pharmacy,Canal,P0009,LipiControl,Iota Pharma,86,14731.51,Sell-in,T023
2024-01-01,OUT00074,Chain Pharmacy,Cairo,P0006,NeuroCalm,Zeta Pharma,541,98622.16,Sell-in,T007
2024-01-01,OUT00006,Chain Pharmacy,Delta,P0010,GastroEase,Kappa Pharma,309,44871.91,Sell-in,T012
2024-01-01,OUT00099,Hospital,Canal,P0009,LipiControl,Iota Pharma,596,44161.23,Sell-in,T005
2024-01-01,OUT00046,Independent Pharmacy,Cairo,P0007,ArthroRelief,Eta Pharma,264,16069.14,Sell-in,T018
2024-01-01,OUT00102,Independent Pharmacy,Giza,P0004,PainFree,Delta Pharma,779,123304.99,Sell-in,T002
2024-01-01,OUT00094,Clinic,Upper Egypt,P0009,LipiControl,Iota Pharma,114,8966.41,Sell-in,T018
2024-01-01,OUT00044,Chain Pharmacy,Giza,P0006,NeuroCalm,Zeta Pharma,743,95737.22,Sell-in,T010
2024-01-01,OUT00113,Clinic,Alexandria,P0001,CardioSafe,Alpha Pharma,438,80469.55,Sell-in,T014
2024-02-01,OUT00081,Clinic,Alexandria,P0003,Respira,Gamma Pharma,698,81817.45,Sell-in,T023
2024-02-01,OUT00031,Clinic,Giza,P0004,PainFree,Delta Pharma,399,35600.18,Sell-in,T003
2024-02-01,OUT00034,Independent Pharmacy,Canal,P0010,GastroEase,Kappa Pharma,544,19626.65,Sell-in,T006
2024-02-01,OUT00084,Hospital,Canal,P0007,ArthroRelief,Eta Pharma,787,46868.62,Sell-in,T015
2024-02-01,OUT00117,Independent Pharmacy,Cairo,P0001,CardioSafe,Alpha Pharma,361,42021.24,Sell-in,T011
2024-02-01,OUT00051,Chain Pharmacy,Cairo,P0003,Respira,Gamma Pharma,285,17532.46,Sell-in,T012
2024-02-01,OUT00025,Chain Pharmacy,Alexandria,P0007,ArthroRelief,Eta Pharma,238,34910.92,Sell-in,T021
2024-02-01,OUT00091,Hospital,Giza,P0006,NeuroCalm,Zeta Pharma,65,5185.08,Sell-in,T027
2024-02-01,OUT00092,Independent Pharmacy,Canal,P0004,PainFree,Delta Pharma,190,17748.25,Sell-in,T018
2024-02-01,OUT00023,Chain Pharmacy,Giza,P0005,Infecto,Epsilon Pharma,805,139587.42,Sell-in,T006
2024-02-01,OUT00110,Hospital,Giza,P0006,NeuroCalm,Zeta Pharma,545,74819.75,Sell-in,T023
2024-02-01,OUT00020,Independent Pharmacy,Upper Egypt,P0005,Infecto,Epsilon Pharma,368,11187.95,Sell-in,T002
2024-02-01,OUT00101,Independent Pharmacy,Cairo,P0001,CardioSafe,Alpha Pharma,589,46879.69,Sell-in,T001
2024-02-01,OUT00102,Independent Pharmacy,Alexandria,P0001,CardioSafe,Alpha Pharma,392,45841.32,Sell-in,T014
2024-02-01,OUT00038,Chain Pharmacy,Delta,P0005,Infecto,Epsilon Pharma,821,46716.29,Sell-in,T004
2024-02-01,OUT00002,Chain Pharmacy,Canal,P0002,GlucoMax,Beta Pharma,107,8703.97,Sell-in,T015
2024-02-01,OUT00069,Hospital,Delta,P0007,ArthroRelief,Eta Pharma,821,134266.91,Sell-in,T017
2024-02-01,OUT00011,Clinic,Cairo,P0007,ArthroRelief,Eta Pharma,746,99127.83,Sell-in,T021
2024-02-01,OUT00026,Hospital,Canal,P0007,ArthroRelief,Eta Pharma,866,72550.46,Sell-in,T010
2024-02-01,OUT00052,Independent Pharmacy,Giza,P0010,GastroEase,Kappa Pharma,489,29865.98,Sell-in,T027
2024-02-01,OUT00049,Clinic,Upper Egypt,P0002,GlucoMax,Beta Pharma,163,17503.52,Sell-in,T025
2024-02-01,OUT00033,Chain Pharmacy,Canal,P0002,GlucoMax,Beta Pharma,389,25094.57,Sell-in,T002
2024-02-01,OUT00096,Hospital,Alexandria,P0004,PainFree,Delta Pharma,782,92871.34,Sell-in,T010
2024-02-01,OUT00093,Independent Pharmacy,Cairo,P0007,ArthroRelief,Eta Pharma,229,40587.89,Sell-in,T010
2024-02-01,OUT00053,Clinic,Alexandria,P0005,Infecto,Epsilon Pharma,38,3908.59,Sell-in,T003
2024-02-01,OUT00005,Hospital,Giza,P0003,Respira,Gamma Pharma,860,134569.78,Sell-in,T028
2024-02-01,OUT00100,Hospital,Giza,P0001,CardioSafe,Alpha Pharma,237,37615.22,Sell-in,T028
2024-02-01,OUT00063,Clinic,Upper Egypt,P0008,Dermacare,Theta Pharma,518,57643.01,Sell-in,T021
2024-02-01,OUT00079,Chain Pharmacy,Upper Egypt,P0008,Dermacare,Theta Pharma,893,40734.05,Sell-in,T017
2024-02-01,OUT00058,Hospital,Canal,P0006,NeuroCalm,Zeta Pharma,626,94156.46,Sell-in,T020
2024-02-01,OUT00070,Hospital,Canal,P0009,LipiControl,Iota Pharma,884,114926.97,Sell-in,T029
2024-02-01,OUT00050,Independent Pharmacy,Cairo,P0006,NeuroCalm,Zeta Pharma,23,4332.41,Sell-in,T030
2024-02-01,OUT00114,Hospital,Delta,P0007,ArthroRelief,Eta Pharma,716,36898.3,Sell-in,T003
2024-02-01,OUT00090,Clinic,Alexandria,P0010,GastroEase,Kappa Pharma,723,104294.44,Sell-in,T010
2024-02-01,OUT00045,Hospital,Canal,P0007,ArthroRelief,Eta Pharma,762,143213.42,Sell-in,T013
2024-02-01,OUT00083,Chain Pharmacy,Delta,P0010,GastroEase,Kappa Pharma,767,101878.74,Sell-in,T003
2024-02-01,OUT00008,Chain Pharmacy,Upper Egypt,P0005,Infecto,Epsilon Pharma,364,32923.28,Sell-in,T022
2024-02-01,OUT00103,Chain Pharmacy,Alexandria,P0008,Dermacare,Theta Pharma,105,18836.21,Sell-in,T017
2024-02-01,OUT00017,Chain Pharmacy,Cairo,P0006,NeuroCalm,Zeta Pharma,495,13882.07,Sell-in,T026
2024-02-01,OUT00067,Chain Pharmacy,Upper Egypt,P0003,Respira,Gamma Pharma,744,21545.84,Sell-in,T024
2024-02-01,OUT00065,Independent Pharmacy,Canal,P0001,CardioSafe,Alpha Pharma,593,93527.29,Sell-in,T007
2024-02-01,OUT00087,Chain Pharmacy,Giza,P0003,Respira,Gamma Pharma,689,29083.72,Sell-in,T021
2024-02-01,OUT00004,Clinic,Delta,P0003,Respira,Gamma Pharma,487,37235.23,Sell-in,T013
2024-02-01,OUT00072,Chain Pharmacy,Cairo,P0005,Infecto,Epsilon Pharma,708,79764.55,Sell-in,T030
2024-02-01,OUT00108,Chain Pharmacy,Canal,P0010,GastroEase,Kappa Pharma,843,68244.69,Sell-in,T022
2024-02-01,OUT00105,Chain Pharmacy,Delta,P0010,GastroEase,Kappa Pharma,127,11133.8,Sell-in,T003
2024-02-01,OUT00075,Clinic,Alexandria,P0009,LipiControl,Iota Pharma,783,137439.85,Sell-in,T005
2024-02-01,OUT00016,Chain Pharmacy,Giza,P0006,NeuroCalm,Zeta Pharma,171,28027.75,Sell-in,T018
2024-02-01,OUT00088,Independent Pharmacy,Upper Egypt,P0002,GlucoMax,Beta Pharma,272,48736.21,Sell-in,T012
2024-02-01,OUT00003,Hospital,Canal,P0007,ArthroRelief,Eta Pharma,341,23172.46,Sell-in,T025
2024-02-01,OUT00066,Independent Pharmacy,Cairo,P0004,PainFree,Delta Pharma,738,131740.84,Sell-in,T022
2024-02-01,OUT00029,Clinic,Upper Egypt,P0001,CardioSafe,Alpha Pharma,585,78928.55,Sell-in,T028
2024-02-01,OUT00013,Independent Pharmacy,Upper Egypt,P0007,ArthroRelief,Eta Pharma,282,9818.2,Sell-in,T015
2024-02-01,OUT00006,Hospital,Canal,P0009,LipiControl,Iota Pharma,709,36995.39,Sell-in,T024
2024-02-01,OUT00080,Hospital,Cairo,P0001,CardioSafe,Alpha Pharma,565,67938.0,Sell-in,T009
2024-02-01,OUT00007,Clinic,Cairo,P0006,NeuroCalm,Zeta Pharma,286,43859.56,Sell-in,T004
2024-02-01,OUT00043,Independent Pharmacy,Canal,P0002,GlucoMax,Beta Pharma,237,11281.53,Sell-in,T012
2024-02-01,OUT00106,Hospital,Giza,P0003,Respira,Gamma Pharma,35,1641.03,Sell-in,T028
2024-02-01,OUT00089,Chain Pharmacy,Giza,P0001,CardioSafe,Alpha Pharma,666,87223.15,Sell-in,T021
2024-02-01,OUT00071,Chain Pharmacy,Upper Egypt,P0002,GlucoMax,Beta Pharma,895,126868.47,Sell-in,T001
2024-02-01,OUT00094,Hospital,Upper Egypt,P0009,LipiControl,Iota Pharma,651,90412.05,Sell-in,T008
2024-02-01,OUT00042,Clinic,Alexandria,P0004,PainFree,Delta Pharma,134,10874.71,Sell-in,T007
2024-02-01,OUT00086,Hospital,Cairo,P0009,LipiControl,Iota Pharma,366,25001.88,Sell-in,T024
2024-02-01,OUT00044,Chain Pharmacy,Giza,P0005,Infecto,Epsilon Pharma,619,60757.32,Sell-in,T026
2024-02-01,OUT00035,Independent Pharmacy,Delta,P0002,GlucoMax,Beta Pharma,395,20632.09,Sell-in,T021
2024-02-01,OUT00077,Independent Pharmacy,Canal,P0004,PainFree,Delta Pharma,276,8369.9,Sell-in,T002
2024-02-01,OUT00015,Hospital,Alexandria,P0007,ArthroRelief,Eta Pharma,872,130321.03,Sell-in,T018
2024-02-01,OUT00064,Chain Pharmacy,Upper Egypt,P0006,NeuroCalm,Zeta Pharma,895,116952.38,Sell-in,T024
2024-02-01,OUT00014,Independent Pharmacy,Giza,P0003,Respira,Gamma Pharma,224,22119.82,Sell-in,T026
2024-02-01,OUT00059,Independent Pharmacy,Alexandria,P0001,CardioSafe,Alpha Pharma,648,20139.22,Sell-in,T003
2024-02-01,OUT00104,Chain Pharmacy,Delta,P0010,GastroEase,Kappa Pharma,449,48750.16,Sell-in,T010
2024-02-01,OUT00097,Clinic,Alexandria,P0009,LipiControl,Iota Pharma,743,126257.6,Sell-in,T030
2024-02-01,OUT00046,Clinic,Canal,P0001,CardioSafe,Alpha Pharma,788,148686.99,Sell-in,T026
2024-02-01,OUT00032,Chain Pharmacy,Giza,P0008,Dermacare,Theta Pharma,99,5831.88,Sell-in,T003
2024-02-01,OUT00021,Chain Pharmacy,Cairo,P0010,GastroEase,Kappa Pharma,517,64827.62,Sell-in,T028
2024-02-01,OUT00068,Hospital,Delta,P0007,ArthroRelief,Eta Pharma,865,37001.99,Sell-in,T030
2024-02-01,OUT00028,Independent Pharmacy,Upper Egypt,P0008,Dermacare,Theta Pharma,739,129382.98,Sell-in,T010
2024-02-01,OUT00078,Clinic,Alexandria,P0010,GastroEase,Kappa Pharma,834,104462.75,Sell-in,T027
2024-02-01,OUT00027,Clinic,Delta,P0001,CardioSafe,Alpha Pharma,651,57718.64,Sell-in,T017
2024-02-01,OUT00012,Chain Pharmacy,Canal,P0001,CardioSafe,Alpha Pharma,395,66189.38,Sell-in,T026
2024-03-01,OUT00014,Chain Pharmacy,Cairo,P0008,Dermacare,Theta Pharma,246,8073.44,Sell-in,T011
2024-03-01,OUT00074,Chain Pharmacy,Alexandria,P0006,NeuroCalm,Zeta Pharma,561,94789.44,Sell-in,T022
2024-03-01,OUT00047,Chain Pharmacy,Alexandria,P0001,CardioSafe,Alpha Pharma,701,132313.61,Sell-in,T013
2024-03-01,OUT00070,Independent Pharmacy,Upper Egypt,P0001,CardioSafe,Alpha Pharma,442,75541.03,Sell-in,T021
2024-03-01,OUT00060,Chain Pharmacy,Cairo,P0001,CardioSafe,Alpha Pharma,847,153148.73,Sell-in,T011
2024-03-01,OUT00033,Clinic,Giza,P0002,GlucoMax,Beta Pharma,860,45876.35,Sell-in,T017
2024-03-01,OUT00042,Clinic,Cairo,P0008,Dermacare,Theta Pharma,575,32937.94,Sell-in,T012
2024-03-01,OUT00023,Hospital,Delta,P0005,Infecto,Epsilon Pharma,822,75417.19,Sell-in,T001
2024-03-01,OUT00031,Independent Pharmacy,Canal,P0001,CardioSafe,Alpha Pharma,194,8367.88,Sell-in,T011
2024-03-01,OUT00062,Hospital,Upper Egypt,P0004,PainFree,Delta Pharma,409,21131.6,Sell-in,T015
2024-03-01,OUT00077,Hospital,Alexandria,P0007,ArthroRelief,Eta Pharma,895,23162.19,Sell-in,T021
2024-03-01,OUT00020,Independent Pharmacy,Cairo,P0005,Infecto,Epsilon Pharma,565,96564.97,Sell-in,T012
2024-03-01,OUT00034,Clinic,Cairo,P0009,LipiControl,Iota Pharma,633,20323.5,Sell-in,T006
2024-03-01,OUT00096,Clinic,Canal,P0008,Dermacare,Theta Pharma,318,41963.48,Sell-in,T008
2024-03-01,OUT00068,Clinic,Cairo,P0010,GastroEase,Kappa Pharma,298,52686.99,Sell-in,T007
2024-03-01,OUT00044,Hospital,Giza,P0004,PainFree,Delta Pharma,662,64465.69,Sell-in,T021
2024-03-01,OUT00081,Independent Pharmacy,Giza,P0003,Respira,Gamma Pharma,529,50069.06,Sell-in,T019
2024-03-01,OUT00039,Hospital,Alexandria,P0003,Respira,Gamma Pharma,134,3408.23,Sell-in,T006
2024-03-01,OUT00116,Clinic,Delta,P0001,CardioSafe,Alpha Pharma,376,45693.24,Sell-in,T020
2024-03-01,OUT00001,Chain Pharmacy,Giza,P0004,PainFree,Delta Pharma,648,110727.23,Sell-in,T018
2024-03-01,OUT00067,Independent Pharmacy,Cairo,P0007,ArthroRelief,Eta Pharma,327,16656.85,Sell-in,T021
2024-03-01,OUT00011,Independent Pharmacy,Giza,P0006,NeuroCalm,Zeta Pharma,824,124945.37,Sell-in,T027
2024-03-01,OUT00032,Clinic,Giza,P0004,PainFree,Delta Pharma,775,135034.0,Sell-in,T025
2024-03-01,OUT00118,Chain Pharmacy,Canal,P0006,NeuroCalm,Zeta Pharma,796,110723.73,Sell-in,T006
2024-03-01,OUT00015,Clinic,Upper Egypt,P0009,LipiControl,Iota Pharma,459,80232.66,Sell-in,T011
2024-03-01,OUT00086,Clinic,Cairo,P0010,GastroEase,Kappa Pharma,522,96841.27,Sell-in,T029
2024-03-01,OUT00120,Hospital,Canal,P0003,Respira,Gamma Pharma,497,61253.32,Sell-in,T020
2024-03-01,OUT00006,Chain Pharmacy,Alexandria,P0010,GastroEase,Kappa Pharma,596,75261.51,Sell-in,T016
2024-03-01,OUT00018,Independent Pharmacy,Alexandria,P0007,ArthroRelief,Eta Pharma,714,112393.9,Sell-in,T013
2024-03-01,OUT00073,Hospital,Delta,P0004,PainFree,Delta Pharma,137,21845.98,Sell-in,T013
2024-03-01,OUT00084,Independent Pharmacy,Giza,P0002,GlucoMax,Beta Pharma,430,51869.56,Sell-in,T013
2024-03-01,OUT00075,Chain Pharmacy,Upper Egypt,P0001,CardioSafe,Alpha Pharma,258,14211.57,Sell-in,T020
2024-03-01,OUT00024,Clinic,Canal,P0001,CardioSafe,Alpha Pharma,60,3041.84,Sell-in,T004
2024-03-01,OUT00089,Chain Pharmacy,Cairo,P0009,LipiControl,Iota Pharma,784,84224.32,Sell-in,T017
2024-03-01,OUT00087,Independent Pharmacy,Canal,P0010,GastroEase,Kappa Pharma,98,14909.58,Sell-in,T007
2024-03-01,OUT00010,Independent Pharmacy,Giza,P0005,Infecto,Epsilon Pharma,321,13449.26,Sell-in,T019
2024-03-01,OUT00066,Chain Pharmacy,Alexandria,P0005,Infecto,Epsilon Pharma,580,49409.58,Sell-in,T029
2024-03-01,OUT00038,Independent Pharmacy,Delta,P0001,CardioSafe,Alpha Pharma,471,79970.5,Sell-in,T014
2024-03-01,OUT00101,Clinic,Upper Egypt,P0007,ArthroRelief,Eta Pharma,794,31518.77,Sell-in,T017
2024-03-01,OUT00078,Independent Pharmacy,Upper Egypt,P0001,CardioSafe,Alpha Pharma,445,69665.57,Sell-in,T022
2024-03-01,OUT00004,Independent Pharmacy,Cairo,P0005,Infecto,Epsilon Pharma,135,6645.77,Sell-in,T010
2024-03-01,OUT00098,Hospital,Canal,P0006,NeuroCalm,Zeta Pharma,211,14121.38,Sell-in,T029
2024-03-01,OUT00054,Clinic,Canal,P0006,NeuroCalm,Zeta Pharma,446,83151.1,Sell-in,T012
2024-03-01,OUT00055,Hospital,Alexandria,P0007,ArthroRelief,Eta Pharma,46,4835.11,Sell-in,T015
2024-03-01,OUT00111,Clinic,Cairo,P0004,PainFree,Delta Pharma,655,30095.73,Sell-in,T006
2024-03-01,OUT00115,Hospital,Canal,P0005,Infecto,Epsilon Pharma,75,3899.94,Sell-in,T001
2024-03-01,OUT00009,Hospital,Upper Egypt,P0009,LipiControl,Iota Pharma,772,82278.52,Sell-in,T016
2024-03-01,OUT00003,Chain Pharmacy,Giza,P0002,GlucoMax,Beta Pharma,542,61032.32,Sell-in,T002
2024-03-01,OUT00112,Hospital,Cairo,P0005,Infecto,Epsilon Pharma,825,132688.78,Sell-in,T001
2024-03-01,OUT00049,Clinic,Delta,P0001,CardioSafe,Alpha Pharma,445,27829.18,Sell-in,T021
2024-03-01,OUT00026,Chain Pharmacy,Alexandria,P0004,PainFree,Delta Pharma,505,44539.34,Sell-in,T017
2024-03-01,OUT00092,Clinic,Upper Egypt,P0002,GlucoMax,Beta Pharma,167,9288.42,Sell-in,T009
2024-03-01,OUT00104,Clinic,Upper Egypt,P0007,ArthroRelief,Eta Pharma,58,10197.83,Sell-in,T008
2024-03-01,OUT00017,Clinic,Alexandria,P0004,PainFree,Delta Pharma,640,111054.11,Sell-in,T024
2024-03-01,OUT00040,Hospital,Upper Egypt,P0005,Infecto,Epsilon Pharma,448,83766.27,Sell-in,T023
2024-03-01,OUT00008,Clinic,Upper Egypt,P0003,Respira,Gamma Pharma,277,18662.59,Sell-in,T019
2024-03-01,OUT00030,Independent Pharmacy,Alexandria,P0010,GastroEase,Kappa Pharma,262,7355.43,Sell-in,T004
2024-03-01,OUT00119,Independent Pharmacy,Giza,P0008,Dermacare,Theta Pharma,806,149847.51,Sell-in,T028
2024-03-01,OUT00072,Hospital,Giza,P0003,Respira,Gamma Pharma,605,50729.09,Sell-in,T003
2024-03-01,OUT00080,Chain Pharmacy,Giza,P0005,Infecto,Epsilon Pharma,811,95160.69,Sell-in,T020
2024-03-01,OUT00093,Hospital,Giza,P0010,GastroEase,Kappa Pharma,839,113176.41,Sell-in,T011
2024-03-01,OUT00007,Clinic,Delta,P0008,Dermacare,Theta Pharma,642,78252.29,Sell-in,T020
2024-03-01,OUT00012,Chain Pharmacy,Upper Egypt,P0003,Respira,Gamma Pharma,294,47333.67,Sell-in,T008
2024-03-01,OUT00110,Hospital,Cairo,P0002,GlucoMax,Beta Pharma,787,119811.63,Sell-in,T030
2024-03-01,OUT00061,Hospital,Alexandria,P0007,ArthroRelief,Eta Pharma,95,16255.03,Sell-in,T017
2024-03-01,OUT00046,Hospital,Delta,P0005,Infecto,Epsilon Pharma,889,82629.04,Sell-in,T026
2024-03-01,OUT00052,Hospital,Cairo,P0002,GlucoMax,Beta Pharma,472,81328.44,Sell-in,T021
2024-03-01,OUT00035,Independent Pharmacy,Upper Egypt,P0005,Infecto,Epsilon Pharma,417,27871.4,Sell-in,T022
2024-03-01,OUT00105,Chain Pharmacy,Giza,P0003,Respira,Gamma Pharma,491,68745.44,Sell-in,T014
2024-03-01,OUT00099,Hospital,Upper Egypt,P0006,NeuroCalm,Zeta Pharma,64,3209.04,Sell-in,T018
2024-03-01,OUT00053,Independent Pharmacy,Alexandria,P0004,PainFree,Delta Pharma,788,29193.82,Sell-in,T030
2024-03-01,OUT00029,Clinic,Upper Egypt,P0010,GastroEase,Kappa Pharma,517,23189.96,Sell-in,T030
2024-03-01,OUT00090,Clinic,Upper Egypt,P0003,Respira,Gamma Pharma,138,15447.36,Sell-in,T020
2024-03-01,OUT00100,Clinic,Delta,P0007,ArthroRelief,Eta Pharma,732,125207.18,Sell-in,T023
2024-03-01,OUT00043,Independent Pharmacy,Canal,P0006,NeuroCalm,Zeta Pharma,795,91546.3,Sell-in,T007
2024-03-01,OUT00097,Hospital,Delta,P0002,GlucoMax,Beta Pharma,658,89862.44,Sell-in,T029
2024-03-01,OUT00019,Independent Pharmacy,Delta,P0005,Infecto,Epsilon Pharma,301,17915.96,Sell-in,T011
2024-03-01,OUT00050,Chain Pharmacy,Alexandria,P0006,NeuroCalm,Zeta Pharma,424,52386.77,Sell-in,T020
2024-03-01,OUT00051,Independent Pharmacy,Alexandria,P0004,PainFree,Delta Pharma,269,33020.51,Sell-in,T011
2024-03-01,OUT00036,Hospital,Upper Egypt,P0009,LipiControl,Iota Pharma,450,64068.29,Sell-in,T004
2024-04-01,OUT00090,Chain Pharmacy,Delta,P0009,LipiControl,Iota Pharma,809,84852.47,Sell-in,T011
2024-04-01,OUT00113,Clinic,Delta,P0007,ArthroRelief,Eta Pharma,584,51722.13,Sell-in,T011
2024-04-01,OUT00073,Chain Pharmacy,Canal,P0002,GlucoMax,Beta Pharma,390,29250.75,Sell-in,T010
2024-04-01,OUT00116,Independent Pharmacy,Cairo,P0001,CardioSafe,Alpha Pharma,829,21873.06,Sell-in,T028
2024-04-01,OUT00069,Chain Pharmacy,Canal,P0004,PainFree,Delta Pharma,499,44130.62,Sell-in,T018
2024-04-01,OUT00031,Clinic,Upper Egypt,P0004,PainFree,Delta Pharma,337,48998.22,Sell-in,T018
2024-04-01,OUT00070,Hospital,Canal,P0005,Infecto,Epsilon Pharma,124,20505.38,Sell-in,T018
2024-04-01,OUT00094,Hospital,Delta,P0001,CardioSafe,Alpha Pharma,137,14868.95,Sell-in,T015
2024-04-01,OUT00022,Chain Pharmacy,Canal,P0005,Infecto,Epsilon Pharma,630,46722.69,Sell-in,T020
2024-04-01,OUT00091,Hospital,Giza,P0006,NeuroCalm,Zeta Pharma,45,5958.72,Sell-in,T025
2024-04-01,OUT00014,Independent Pharmacy,Alexandria,P0009,LipiControl,Iota Pharma,866,92534.99,Sell-in,T030
2024-04-01,OUT00015,Independent Pharmacy,Giza,P0003,Respira,Gamma Pharma,347,56762.66,Sell-in,T028
2024-04-01,OUT00045,Chain Pharmacy,Canal,P0001,CardioSafe,Alpha Pharma,406,68110.81,Sell-in,T023
2024-04-01,OUT00006,Hospital,Canal,P0003,Respira,Gamma Pharma,733,60156.84,Sell-in,T030
2024-04-01,OUT00036,Independent Pharmacy,Canal,P0004,PainFree,Delta Pharma,138,8269.24,Sell-in,T007
2024-04-01,OUT00110,Chain Pharmacy,Upper Egypt,P0001,CardioSafe,Alpha Pharma,241,36584.36,Sell-in,T018
2024-04-01,OUT00060,Independent Pharmacy,Canal,P0004,PainFree,Delta Pharma,833,81077.76,Sell-in,T010
2024-04-01,OUT00112,Independent Pharmacy,Giza,P0008,Dermacare,Theta Pharma,754,56110.81,Sell-in,T022
2024-04-01,OUT00068,Clinic,Upper Egypt,P0006,NeuroCalm,Zeta Pharma,111,20836.25,Sell-in,T012
2024-04-01,OUT00075,Chain Pharmacy,Upper Egypt,P0008,Dermacare,Theta Pharma,98,8328.45,Sell-in,T027
2024-04-01,OUT00052,Hospital,Canal,P0001,CardioSafe,Alpha Pharma,759,23266.18,Sell-in,T006
2024-04-01,OUT00046,Clinic,Delta,P0009,LipiControl,Iota Pharma,780,131492.51,Sell-in,T006
2024-04-01,OUT00030,Independent Pharmacy,Giza,P0008,Dermacare,Theta Pharma,52,5491.18,Sell-in,T006
2024-04-01,OUT00040,Independent Pharmacy,Giza,P0006,NeuroCalm,Zeta Pharma,353,22616.3,Sell-in,T004
2024-04-01,OUT00028,Independent Pharmacy,Cairo,P0002,GlucoMax,Beta Pharma,50,6204.2,Sell-in,T012
2024-04-01,OUT00054,Independent Pharmacy,Canal,P0009,LipiControl,Iota Pharma,752,44472.52,Sell-in,T028
2024-04-01,OUT00063,Independent Pharmacy,Alexandria,P0008,Dermacare,Theta Pharma,54,7132.71,Sell-in,T005
2024-04-01,OUT00064,Independent Pharmacy,Giza,P0007,ArthroRelief,Eta Pharma,829,61069.75,Sell-in,T018
2024-04-01,OUT00080,Chain Pharmacy,Canal,P0002,GlucoMax,Beta Pharma,194,10087.97,Sell-in,T008
2024-04-01,OUT00107,Independent Pharmacy,Upper Egypt,P0006,NeuroCalm,Zeta Pharma,593,50970.8,Sell-in,T003
2024-04-01,OUT00016,Hospital,Alexandria,P0005,Infecto,Epsilon Pharma,676,38676.78,Sell-in,T027
2024-04-01,OUT00012,Chain Pharmacy,Alexandria,P0007,ArthroRelief,Eta Pharma,354,55315.11,Sell-in,T017
2024-04-01,OUT00074,Clinic,Giza,P0009,LipiControl,Iota Pharma,377,29396.27,Sell-in,T001
2024-04-01,OUT00119,Clinic,Delta,P0003,Respira,Gamma Pharma,598,41364.84,Sell-in,T012
2024-04-01,OUT00109,Independent Pharmacy,Delta,P0004,PainFree,Delta Pharma,576,43620.47,Sell-in,T004
2024-04-01,OUT00017,Chain Pharmacy,Giza,P0009,LipiControl,Iota Pharma,134,18823.66,Sell-in,T004
2024-04-01,OUT00117,Chain Pharmacy,Alexandria,P0003,Respira,Gamma Pharma,215,14107.03,Sell-in,T030
2024-04-01,OUT00055,Chain Pharmacy,Giza,P0006,NeuroCalm,Zeta Pharma,895,102416.3,Sell-in,T028
2024-04-01,OUT00029,Chain Pharmacy,Canal,P0007,ArthroRelief,Eta Pharma,135,6869.67,Sell-in,T007
2024-04-01,OUT00057,Chain Pharmacy,Cairo,P0004,PainFree,Delta Pharma,401,64572.78,Sell-in,T002
2024-04-01,OUT00010,Independent Pharmacy,Delta,P0006,NeuroCalm,Zeta Pharma,511,20682.99,Sell-in,T005
2024-04-01,OUT00039,Independent Pharmacy,Giza,P0005,Infecto,Epsilon Pharma,770,73897.14,Sell-in,T018
2024-04-01,OUT00072,Chain Pharmacy,Upper Egypt,P0004,PainFree,Delta Pharma,614,109765.2,Sell-in,T017
2024-04-01,OUT00088,Hospital,Canal,P0007,ArthroRelief,Eta Pharma,765,27275.91,Sell-in,T016
2024-04-01,OUT00082,Hospital,Cairo,P0010,GastroEase,Kappa Pharma,284,53865.03,Sell-in,T029
2024-04-01,OUT00071,Clinic,Delta,P0005,Infecto,Epsilon Pharma,683,55379.36,Sell-in,T024
2024-04-01,OUT00002,Independent Pharmacy,Alexandria,P0003,Respira,Gamma Pharma,94,13107.74,Sell-in,T005
2024-04-01,OUT00076,Chain Pharmacy,Upper Egypt,P0001,CardioSafe,Alpha Pharma,289,18243.96,Sell-in,T022
2024-04-01,OUT00019,Chain Pharmacy,Upper Egypt,P0002,GlucoMax,Beta Pharma,649,51808.56,Sell-in,T004
2024-04-01,OUT00049,Clinic,Giza,P0004,PainFree,Delta Pharma,640,84848.14,Sell-in,T009
2024-04-01,OUT00011,Hospital,Upper Egypt,P0008,Dermacare,Theta Pharma,811,151027.07,Sell-in,T011
2024-04-01,OUT00023,Clinic,Giza,P0003,Respira,Gamma Pharma,895,121058.73,Sell-in,T017
2024-04-01,OUT00066,Independent Pharmacy,Alexandria,P0010,GastroEase,Kappa Pharma,689,53739.2,Sell-in,T014
2024-04-01,OUT00021,Independent Pharmacy,Giza,P0001,CardioSafe,Alpha Pharma,815,144896.96,Sell-in,T009
2024-04-01,OUT00115,Chain Pharmacy,Alexandria,P0010,GastroEase,Kappa Pharma,52,5090.32,Sell-in,T028
2024-04-01,OUT00102,Chain Pharmacy,Upper Egypt,P0008,Dermacare,Theta Pharma,554,14724.94,Sell-in,T010
2024-04-01,OUT00099,Hospital,Giza,P0004,PainFree,Delta Pharma,511,83558.08,Sell-in,T021
2024-04-01,OUT00037,Hospital,Alexandria,P0008,Dermacare,Theta Pharma,463,80959.29,Sell-in,T011
2024-04-01,OUT00008,Hospital,Upper Egypt,P0005,Infecto,Epsilon Pharma,627,21353.56,Sell-in,T022
2024-04-01,OUT00048,Hospital,Cairo,P0004,PainFree,Delta Pharma,782,53914.72,Sell-in,T010
2024-04-01,OUT00027,Chain Pharmacy,Delta,P0006,NeuroCalm,Zeta Pharma,262,13258.12,Sell-in,T009
2024-04-01,OUT00097,Clinic,Delta,P0007,ArthroRelief,Eta Pharma,298,49015.73,Sell-in,T007
2024-04-01,OUT00051,Hospital,Cairo,P0001,CardioSafe,Alpha Pharma,792,91108.69,Sell-in,T026
2024-04-01,OUT00108,Independent Pharmacy,Canal,P0004,PainFree,Delta Pharma,39,3282.92,Sell-in,T003
2024-04-01,OUT00035,Clinic,Giza,P0003,Respira,Gamma Pharma,755,94778.2,Sell-in,T025
2024-04-01,OUT00078,Chain Pharmacy,Giza,P0002,GlucoMax,Beta Pharma,731,47545.85,Sell-in,T021
2024-04-01,OUT00120,Clinic,Giza,P0002,GlucoMax,Beta Pharma,433,10946.98,Sell-in,T004
2024-04-01,OUT00095,Hospital,Canal,P0010,GastroEase,Kappa Pharma,471,47233.76,Sell-in,T021
2024-04-01,OUT00050,Chain Pharmacy,Alexandria,P0001,CardioSafe,Alpha Pharma,158,22230.86,Sell-in,T005
2024-04-01,OUT00059,Clinic,Alexandria,P0006,NeuroCalm,Zeta Pharma,797,140016.19,Sell-in,T021
2024-04-01,OUT00044,Clinic,Delta,P0008,Dermacare,Theta Pharma,507,38169.31,Sell-in,T027
2024-04-01,OUT00087,Hospital,Giza,P0003,Respira,Gamma Pharma,483,64528.99,Sell-in,T014
2024-04-01,OUT00065,Independent Pharmacy,Giza,P0007,ArthroRelief,Eta Pharma,572,21833.11,Sell-in,T002
2024-04-01,OUT00106,Hospital,Upper Egypt,P0001,CardioSafe,Alpha Pharma,654,75354.61,Sell-in,T024
2024-04-01,OUT00092,Chain Pharmacy,Alexandria,P0005,Infecto,Epsilon Pharma,23,3203.25,Sell-in,T001
2024-04-01,OUT00103,Chain Pharmacy,Canal,P0004,PainFree,Delta Pharma,414,63324.31,Sell-in,T009
2024-04-01,OUT00058,Independent Pharmacy,Delta,P0010,GastroEase,Kappa Pharma,766,84200.26,Sell-in,T001
2024-04-01,OUT00089,Independent Pharmacy,Giza,P0003,Respira,Gamma Pharma,527,14001.12,Sell-in,T029
2024-04-01,OUT00081,Clinic,Cairo,P0002,GlucoMax,Beta Pharma,185,8495.74,Sell-in,T004
2024-04-01,OUT00079,Clinic,Canal,P0005,Infecto,Epsilon Pharma,464,84684.47,Sell-in,T003
2024-05-01,OUT00028,Chain Pharmacy,Giza,P0006,NeuroCalm,Zeta Pharma,91,11989.82,Sell-in,T027
2024-05-01,OUT00015,Clinic,Alexandria,P0004,PainFree,Delta Pharma,422,59889.1,Sell-in,T007
2024-05-01,OUT00033,Clinic,Cairo,P0009,LipiControl,Iota Pharma,579,98662.54,Sell-in,T020
2024-05-01,OUT00067,Hospital,Upper Egypt,P0004,PainFree,Delta Pharma,434,35177.36,Sell-in,T011
2024-05-01,OUT00080,Independent Pharmacy,Delta,P0002,GlucoMax,Beta Pharma,73,6031.57,Sell-in,T030
2024-05-01,OUT00075,Hospital,Delta,P0010,GastroEase,Kappa Pharma,873,148206.45,Sell-in,T027
2024-05-01,OUT00008,Hospital,Alexandria,P0004,PainFree,Delta Pharma,892,34612.9,Sell-in,T028
2024-05-01,OUT00071,Chain Pharmacy,Canal,P0001,CardioSafe,Alpha Pharma,727,61440.64,Sell-in,T017
2024-05-01,OUT00103,Clinic,Canal,P0003,Respira,Gamma Pharma,44,4944.13,Sell-in,T009
2024-05-01,OUT00044,Hospital,Canal,P0005,Infecto,Epsilon Pharma,616,30019.57,Sell-in,T002
2024-05-01,OUT00031,Clinic,Delta,P0005,Infecto,Epsilon Pharma,353,10420.86,Sell-in,T011
2024-05-01,OUT00114,Chain Pharmacy,Giza,P0009,LipiControl,Iota Pharma,611,36607.81,Sell-in,T002
2024-05-01,OUT00093,Independent Pharmacy,Cairo,P0006,NeuroCalm,Zeta Pharma,93,3272.23,Sell-in,T005
2024-05-01,OUT00104,Clinic,Canal,P0006,NeuroCalm,Zeta Pharma,93,9737.52,Sell-in,T019
2024-05-01,OUT00035,Clinic,Delta,P0007,ArthroRelief,Eta Pharma,565,42805.77,Sell-in,T016
2024-05-01,OUT00072,Clinic,Upper Egypt,P0004,PainFree,Delta Pharma,748,105864.74,Sell-in,T008
2024-05-01,OUT00094,Hospital,Upper Egypt,P0007,ArthroRelief,Eta Pharma,293,24448.9,Sell-in,T028
2024-05-01,OUT00019,Chain Pharmacy,Giza,P0008,Dermacare,Theta Pharma,123,17709.97,Sell-in,T022
2024-05-01,OUT00091,Clinic,Upper Egypt,P0004,PainFree,Delta Pharma,637,64211.21,Sell-in,T015
2024-05-01,OUT00118,Hospital,Upper Egypt,P0001,CardioSafe,Alpha Pharma,219,12822.47,Sell-in,T019
2024-05-01,OUT00105,Hospital,Delta,P0006,NeuroCalm,Zeta Pharma,607,110247.55,Sell-in,T001
2024-05-01,OUT00009,Chain Pharmacy,Delta,P0007,ArthroRelief,Eta Pharma,802,138604.8,Sell-in,T009
2024-05-01,OUT00046,Clinic,Delta,P0009,LipiControl,Iota Pharma,433,14548.93,Sell-in,T001
2024-05-01,OUT00013,Chain Pharmacy,Cairo,P0007,ArthroRelief,Eta Pharma,856,145824.35,Sell-in,T026
2024-05-01,OUT00060,Chain Pharmacy,Alexandria,P0008,Dermacare,Theta Pharma,775,112255.5,Sell-in,T006
2024-05-01,OUT00097,Hospital,Canal,P0003,Respira,Gamma Pharma,736,55407.49,Sell-in,T020
2024-05-01,OUT00005,Independent Pharmacy,Upper Egypt,P0005,Infecto,Epsilon Pharma,497,49930.86,Sell-in,T008
2024-05-01,OUT00082,Chain Pharmacy,Giza,P0010,GastroEase,Kappa Pharma,601,63453.52,Sell-in,T023
2024-05-01,OUT00069,Hospital,Upper Egypt,P0005,Infecto,Epsilon Pharma,251,42618.3,Sell-in,T002
2024-05-01,OUT00098,Chain Pharmacy,Canal,P0005,Infecto,Epsilon Pharma,348,53519.63,Sell-in,T009
2024-05-01,OUT00017,Chain Pharmacy,Upper Egypt,P0004,PainFree,Delta Pharma,528,64555.72,Sell-in,T024
2024-05-01,OUT00063,Clinic,Giza,P0005,Infecto,Epsilon Pharma,651,66407.74,Sell-in,T029
2024-05-01,OUT00043,Chain Pharmacy,Giza,P0002,GlucoMax,Beta Pharma,497,59124.67,Sell-in,T013
2024-05-01,OUT00112,Hospital,Canal,P0002,GlucoMax,Beta Pharma,376,46431.78,Sell-in,T021
2024-05-01,OUT00053,Chain Pharmacy,Upper Egypt,P0006,NeuroCalm,Zeta Pharma,263,35352.79,Sell-in,T006
2024-05-01,OUT00055,Independent Pharmacy,Canal,P0010,GastroEase,Kappa Pharma,433,38842.21,Sell-in,T022
2024-05-01,OUT00004,Independent Pharmacy,Upper Egypt,P0003,Respira,Gamma Pharma,23,3844.23,Sell-in,T012
2024-05-01,OUT00090,Clinic,Alexandria,P0001,CardioSafe,Alpha Pharma,687,86524.18,Sell-in,T006
2024-05-01,OUT00096,Clinic,Delta,P0003,Respira,Gamma Pharma,526,46493.87,Sell-in,T016
2024-05-01,OUT00014,Independent Pharmacy,Cairo,P0008,Dermacare,Theta Pharma,578,46205.67,Sell-in,T011
2024-05-01,OUT00070,Chain Pharmacy,Cairo,P0007,ArthroRelief,Eta Pharma,190,35966.95,Sell-in,T018
2024-05-01,OUT00066,Clinic,Canal,P0003,Respira,Gamma Pharma,290,13681.88,Sell-in,T015
2024-05-01,OUT00084,Clinic,Canal,P0006,NeuroCalm,Zeta Pharma,324,27434.55,Sell-in,T013
2024-05-01,OUT00101,Independent Pharmacy,Canal,P0003,Respira,Gamma Pharma,108,6955.34,Sell-in,T013
2024-05-01,OUT00051,Chain Pharmacy,Delta,P0008,Dermacare,Theta Pharma,866,60910.11,Sell-in,T026
2024-05-01,OUT00085,Clinic,Delta,P0004,PainFree,Delta Pharma,604,22548.56,Sell-in,T019
2024-05-01,OUT00061,Clinic,Canal,P0006,NeuroCalm,Zeta Pharma,223,15998.34,Sell-in,T027
2024-05-01,OUT00119,Hospital,Alexandria,P0007,ArthroRelief,Eta Pharma,462,82042.5,Sell-in,T018
2024-05-01,OUT00064,Chain Pharmacy,Giza,P0008,Dermacare,Theta Pharma,560,38078.71,Sell-in,T012
2024-05-01,OUT00038,Independent Pharmacy,Alexandria,P0008,Dermacare,Theta Pharma,127,8373.47,Sell-in,T015
2024-05-01,OUT00057,Hospital,Giza,P0005,Infecto,Epsilon Pharma,285,7847.01,Sell-in,T014
2024-05-01,OUT00077,Chain Pharmacy,Canal,P0002,GlucoMax,Beta Pharma,210,7822.73,Sell-in,T017
2024-05-01,OUT00026,Hospital,Alexandria,P0003,Respira,Gamma Pharma,552,103284.14,Sell-in,T020
2024-05-01,OUT00108,Chain Pharmacy,Canal,P0003,Respira,Gamma Pharma,587,43925.93,Sell-in,T030
2024-05-01,OUT00102,Clinic,Alexandria,P0005,Infecto,Epsilon Pharma,139,17006.68,Sell-in,T028
2024-05-01,OUT00034,Independent Pharmacy,Delta,P0002,GlucoMax,Beta Pharma,408,59920.18,Sell-in,T010
2024-05-01,OUT00110,Chain Pharmacy,Cairo,P0003,Respira,Gamma Pharma,855,146890.14,Sell-in,T017
2024-05-01,OUT00100,Independent Pharmacy,Upper Egypt,P0007,ArthroRelief,Eta Pharma,768,72319.21,Sell-in,T023
2024-05-01,OUT00111,Clinic,Canal,P0003,Respira,Gamma Pharma,417,55408.08,Sell-in,T016
2024-05-01,OUT00048,Hospital,Canal,P0001,CardioSafe,Alpha Pharma,783,37272.25,Sell-in,T026
2024-05-01,OUT00092,Hospital,Canal,P0010,GastroEase,Kappa Pharma,41,1369.79,Sell-in,T004
2024-05-01,OUT00052,Independent Pharmacy,Alexandria,P0005,Infecto,Epsilon Pharma,67,9460.79,Sell-in,T006
2024-05-01,OUT00116,Chain Pharmacy,Delta,P0010,GastroEase,Kappa Pharma,641,39237.94,Sell-in,T004
2024-05-01,OUT00020,Independent Pharmacy,Cairo,P0004,PainFree,Delta Pharma,676,94365.53,Sell-in,T028
2024-05-01,OUT00042,Chain Pharmacy,Alexandria,P0009,LipiControl,Iota Pharma,744,94102.27,Sell-in,T008
2024-05-01,OUT00087,Clinic,Delta,P0004,PainFree,Delta Pharma,756,75024.48,Sell-in,T018
2024-05-01,OUT00109,Clinic,Giza,P0003,Respira,Gamma Pharma,629,86441.35,Sell-in,T004
2024-05-01,OUT00068,Chain Pharmacy,Delta,P0010,GastroEase,Kappa Pharma,690,44913.79,Sell-in,T004
2024-05-01,OUT00002,Hospital,Cairo,P0009,LipiControl,Iota Pharma,722,75991.3,Sell-in,T001
2024-05-01,OUT00018,Hospital,Alexandria,P0001,CardioSafe,Alpha Pharma,489,65290.88,Sell-in,T015
2024-05-01,OUT00007,Chain Pharmacy,Canal,P0003,Respira,Gamma Pharma,358,64470.47,Sell-in,T002
2024-05-01,OUT00054,Clinic,Upper Egypt,P0005,Infecto,Epsilon Pharma,853,155724.61,Sell-in,T011
2024-05-01,OUT00040,Hospital,Cairo,P0004,PainFree,Delta Pharma,702,99786.6,Sell-in,T015
2024-05-01,OUT00016,Hospital,Delta,P0001,CardioSafe,Alpha Pharma,238,34190.14,Sell-in,T026
2024-05-01,OUT00117,Chain Pharmacy,Canal,P0010,GastroEase,Kappa Pharma,780,109132.37,Sell-in,T005
2024-05-01,OUT00010,Chain Pharmacy,Delta,P0001,CardioSafe,Alpha Pharma,309,8201.87,Sell-in,T008
2024-05-01,OUT00021,Hospital,Cairo,P0008,Dermacare,Theta Pharma,23,1420.75,Sell-in,T017
2024-05-01,OUT00022,Independent Pharmacy,Canal,P0010,GastroEase,Kappa Pharma,597,80061.76,Sell-in,T017
2024-05-01,OUT00076,Clinic,Alexandria,P0005,Infecto,Epsilon Pharma,143,8916.06,Sell-in,T022
2024-05-01,OUT00058,Independent Pharmacy,Giza,P0005,Infecto,Epsilon Pharma,309,10663.17,Sell-in,T007
2024-06-01,OUT00108,Independent Pharmacy,Cairo,P0004,PainFree,Delta Pharma,478,26518.07,Sell-in,T015
2024-06-01,OUT00019,Clinic,Canal,P0001,CardioSafe,Alpha Pharma,463,27797.2,Sell-in,T003
2024-06-01,OUT00056,Clinic,Alexandria,P0006,NeuroCalm,Zeta Pharma,524,45744.54,Sell-in,T011
2024-06-01,OUT00118,Hospital,Giza,P0002,GlucoMax,Beta Pharma,263,28770.14,Sell-in,T022
2024-06-01,OUT00014,Clinic,Giza,P0005,Infecto,Epsilon Pharma,744,73981.12,Sell-in,T009
2024-06-01,OUT00085,Chain Pharmacy,Alexandria,P0002,GlucoMax,Beta Pharma,358,19603.75,Sell-in,T019
2024-06-01,OUT00053,Chain Pharmacy,Delta,P0002,GlucoMax,Beta Pharma,543,19716.94,Sell-in,T017
2024-06-01,OUT00003,Independent Pharmacy,Canal,P0007,ArthroRelief,Eta Pharma,672,94944.32,Sell-in,T008
2024-06-01,OUT00036,Independent Pharmacy,Delta,P0001,CardioSafe,Alpha Pharma,159,23333.65,Sell-in,T009
2024-06-01,OUT00025,Chain Pharmacy,Alexandria,P0006,NeuroCalm,Zeta Pharma,20,789.82,Sell-in,T010
2024-06-01,OUT00065,Hospital,Alexandria,P0007,ArthroRelief,Eta Pharma,295,50878.84,Sell-in,T011
2024-06-01,OUT00088,Independent Pharmacy,Giza,P0003,Respira,Gamma Pharma,895,127693.85,Sell-in,T027
2024-06-01,OUT00018,Hospital,Alexandria,P0002,GlucoMax,Beta Pharma,460,72639.66,Sell-in,T003
2024-06-01,OUT00113,Chain Pharmacy,Cairo,P0001,CardioSafe,Alpha Pharma,657,40446.77,Sell-in,T016
2024-06-01,OUT00047,Independent Pharmacy,Delta,P0003,Respira,Gamma Pharma,820,140726.27,Sell-in,T022
2024-06-01,OUT00016,Hospital,Canal,P0008,Dermacare,Theta Pharma,367,52545.4,Sell-in,T009
2024-06-01,OUT00041,Independent Pharmacy,Upper Egypt,P0010,GastroEase,Kappa Pharma,44,2689.96,Sell-in,T005
2024-06-01,OUT00067,Hospital,Alexandria,P0005,Infecto,Epsilon Pharma,889,145215.81,Sell-in,T028
2024-06-01,OUT00032,Hospital,Upper Egypt,P0003,Respira,Gamma Pharma,116,3888.34,Sell-in,T027
2024-06-01,OUT00075,Clinic,Canal,P0010,GastroEase,Kappa Pharma,482,79720.31,Sell-in,T008
2024-06-01,OUT00120,Independent Pharmacy,Alexandria,P0001,CardioSafe,Alpha Pharma,390,60958.41,Sell-in,T028
2024-06-01,OUT00081,Chain Pharmacy,Cairo,P0001,CardioSafe,Alpha Pharma,115,12705.6,Sell-in,T026
2024-06-01,OUT00061,Clinic,Cairo,P0006,NeuroCalm,Zeta Pharma,525,35249.35,Sell-in,T029
2024-06-01,OUT00045,Independent Pharmacy,Canal,P0009,LipiControl,Iota Pharma,579,20735.32,Sell-in,T027
2024-06-01,OUT00079,Clinic,Cairo,P0009,LipiControl,Iota Pharma,396,37147.87,Sell-in,T029
2024-06-01,OUT00117,Chain Pharmacy,Canal,P0005,Infecto,Epsilon Pharma,880,57230.22,Sell-in,T024
2024-06-01,OUT00050,Chain Pharmacy,Delta,P0004,PainFree,Delta Pharma,109,15677.06,Sell-in,T029
2024-06-01,OUT00015,Clinic,Cairo,P0002,GlucoMax,Beta Pharma,581,91636.64,Sell-in,T029
2024-06-01,OUT00083,Chain Pharmacy,Cairo,P0001,CardioSafe,Alpha Pharma,566,46926.33,Sell-in,T027
2024-06-01,OUT00071,Clinic,Cairo,P0010,GastroEase,Kappa Pharma,271,22626.52,Sell-in,T028
2024-06-01,OUT00090,Chain Pharmacy,Cairo,P0005,Infecto,Epsilon Pharma,207,7355.75,Sell-in,T021
2024-06-01,OUT00034,Clinic,Upper Egypt,P0006,NeuroCalm,Zeta Pharma,438,15539.14,Sell-in,T022
2024-06-01,OUT00076,Independent Pharmacy,Cairo,P0006,NeuroCalm,Zeta Pharma,332,29349.6,Sell-in,T002
2024-06-01,OUT00006,Clinic,Delta,P0009,LipiControl,Iota Pharma,395,23161.65,Sell-in,T004
2024-06-01,OUT00040,Clinic,Canal,P0007,ArthroRelief,Eta Pharma,65,6417.09,Sell-in,T010
2024-06-01,OUT00112,Chain Pharmacy,Canal,P0001,CardioSafe,Alpha Pharma,284,40648.46,Sell-in,T020
2024-06-01,OUT00064,Chain Pharmacy,Giza,P0001,CardioSafe,Alpha Pharma,436,67663.62,Sell-in,T028
2024-06-01,OUT00011,Clinic,Giza,P0003,Respira,Gamma Pharma,646,19610.43,Sell-in,T017
2024-06-01,OUT00093,Chain Pharmacy,Upper Egypt,P0005,Infecto,Epsilon Pharma,107,18409.6,Sell-in,T023
2024-06-01,OUT00013,Hospital,Alexandria,P0004,PainFree,Delta Pharma,227,14394.11,Sell-in,T011
2024-06-01,OUT00059,Chain Pharmacy,Alexandria,P0009,LipiControl,Iota Pharma,110,16456.93,Sell-in,T027
2024-06-01,OUT00022,Independent Pharmacy,Canal,P0009,LipiControl,Iota Pharma,479,47459.53,Sell-in,T007
2024-06-01,OUT00035,Clinic,Cairo,P0004,PainFree,Delta Pharma,606,26396.19,Sell-in,T027
2024-06-01,OUT00002,Independent Pharmacy,Upper Egypt,P0008,Dermacare,Theta Pharma,668,64151.58,Sell-in,T004
2024-06-01,OUT00074,Hospital,Giza,P0010,GastroEase,Kappa Pharma,843,38536.89,Sell-in,T025
2024-06-01,OUT00111,Hospital,Giza,P0008,Dermacare,Theta Pharma,30,4194.44,Sell-in,T025
2024-06-01,OUT00096,Clinic,Cairo,P0004,PainFree,Delta Pharma,259,22151.63,Sell-in,T014
2024-06-01,OUT00026,Hospital,Giza,P0001,CardioSafe,Alpha Pharma,366,57694.5,Sell-in,T007
2024-06-01,OUT00038,Independent Pharmacy,Canal,P0002,GlucoMax,Beta Pharma,458,33788.52,Sell-in,T005
2024-06-01,OUT00052,Clinic,Canal,P0010,GastroEase,Kappa Pharma,153,19222.48,Sell-in,T009
2024-06-01,OUT00046,Hospital,Giza,P0010,GastroEase,Kappa Pharma,890,73571.11,Sell-in,T012
2024-06-01,OUT00031,Independent Pharmacy,Giza,P0003,Respira,Gamma Pharma,188,23424.07,Sell-in,T025
2024-06-01,OUT00004,Hospital,Canal,P0001,CardioSafe,Alpha Pharma,426,19297.39,Sell-in,T014
2024-06-01,OUT00115,Hospital,Cairo,P0008,Dermacare,Theta Pharma,661,55036.25,Sell-in,T029
2024-06-01,OUT00078,Clinic,Delta,P0005,Infecto,Epsilon Pharma,156,18844.75,Sell-in,T024
2024-06-01,OUT00103,Independent Pharmacy,Cairo,P0003,Respira,Gamma Pharma,799,59658.31,Sell-in,T016
2024-06-01,OUT00024,Chain Pharmacy,Cairo,P0007,ArthroRelief,Eta Pharma,870,81334.16,Sell-in,T019
2024-06-01,OUT00054,Hospital,Alexandria,P0004,PainFree,Delta Pharma,216,20746.11,Sell-in,T029
2024-06-01,OUT00029,Clinic,Cairo,P0007,ArthroRelief,Eta Pharma,136,21783.32,Sell-in,T014
2024-06-01,OUT00063,Hospital,Giza,P0001,CardioSafe,Alpha Pharma,892,115986.18,Sell-in,T008
2024-06-01,OUT00007,Hospital,Alexandria,P0009,LipiControl,Iota Pharma,708,51705.43,Sell-in,T001
2024-06-01,OUT00012,Clinic,Alexandria,P0004,PainFree,Delta Pharma,697,56826.38,Sell-in,T029
2024-06-01,OUT00037,Clinic,Upper Egypt,P0005,Infecto,Epsilon Pharma,334,11302.72,Sell-in,T003
2024-06-01,OUT00102,Independent Pharmacy,Canal,P0003,Respira,Gamma Pharma,550,68916.34,Sell-in,T016
2024-06-01,OUT00023,Hospital,Alexandria,P0010,GastroEase,Kappa Pharma,221,41388.16,Sell-in,T024
2024-06-01,OUT00107,Clinic,Giza,P0004,PainFree,Delta Pharma,290,7990.66,Sell-in,T006
2024-06-01,OUT00092,Independent Pharmacy,Giza,P0002,GlucoMax,Beta Pharma,662,104203.96,Sell-in,T019
2024-06-01,OUT00084,Clinic,Cairo,P0003,Respira,Gamma Pharma,217,18255.62,Sell-in,T009
2024-06-01,OUT00027,Independent Pharmacy,Delta,P0008,Dermacare,Theta Pharma,836,71608.08,Sell-in,T030
2024-06-01,OUT00082,Clinic,Alexandria,P0006,NeuroCalm,Zeta Pharma,569,64362.66,Sell-in,T030
2024-06-01,OUT00008,Clinic,Upper Egypt,P0007,ArthroRelief,Eta Pharma,124,21406.72,Sell-in,T018
2024-06-01,OUT00009,Independent Pharmacy,Cairo,P0003,Respira,Gamma Pharma,765,122955.38,Sell-in,T028
2024-06-01,OUT00077,Clinic,Giza,P0004,PainFree,Delta Pharma,431,36013.48,Sell-in,T004
2024-06-01,OUT00044,Clinic,Giza,P0004,PainFree,Delta Pharma,633,116994.83,Sell-in,T014
2024-06-01,OUT00058,Chain Pharmacy,Canal,P0010,GastroEase,Kappa Pharma,308,43538.46,Sell-in,T020
2024-06-01,OUT00020,Chain Pharmacy,Canal,P0006,NeuroCalm,Zeta Pharma,832,28368.24,Sell-in,T016
2024-06-01,OUT00028,Clinic,Giza,P0010,GastroEase,Kappa Pharma,255,40251.99,Sell-in,T010
2024-06-01,OUT00072,Hospital,Alexandria,P0004,PainFree,Delta Pharma,124,13783.44,Sell-in,T027
2024-06-01,OUT00033,Hospital,Delta,P0008,Dermacare,Theta Pharma,556,14815.91,Sell-in,T004
2024-06-01,OUT00073,Chain Pharmacy,Delta,P0002,GlucoMax,Beta Pharma,447,40629.44,Sell-in,T001
2024-07-01,OUT00056,Chain Pharmacy,Giza,P0008,Dermacare,Theta Pharma,487,52302.68,Sell-in,T001
2024-07-01,OUT00036,Hospital,Upper Egypt,P0010,GastroEase,Kappa Pharma,238,41307.18,Sell-in,T021
2024-07-01,OUT00044,Hospital,Giza,P0002,GlucoMax,Beta Pharma,526,18658.44,Sell-in,T009
2024-07-01,OUT00034,Independent Pharmacy,Alexandria,P0010,GastroEase,Kappa Pharma,211,30607.86,Sell-in,T002
2024-07-01,OUT00064,Clinic,Alexandria,P0008,Dermacare,Theta Pharma,130,14084.32,Sell-in,T026
2024-07-01,OUT00001,Hospital,Delta,P0008,Dermacare,Theta Pharma,717,107281.13,Sell-in,T024
2024-07-01,OUT00071,Independent Pharmacy,Upper Egypt,P0002,GlucoMax,Beta Pharma,80,3302.4,Sell-in,T020
2024-07-01,OUT00062,Independent Pharmacy,Upper Egypt,P0010,GastroEase,Kappa Pharma,186,14363.76,Sell-in,T019
2024-07-01,OUT00104,Chain Pharmacy,Upper Egypt,P0006,NeuroCalm,Zeta Pharma,648,24027.27,Sell-in,T006
2024-07-01,OUT00083,Independent Pharmacy,Cairo,P0002,GlucoMax,Beta Pharma,100,7238.97,Sell-in,T001
2024-07-01,OUT00008,Hospital,Giza,P0001,CardioSafe,Alpha Pharma,547,73180.42,Sell-in,T008
2024-07-01,OUT00015,Chain Pharmacy,Giza,P0006,NeuroCalm,Zeta Pharma,221,27020.2,Sell-in,T002
2024-07-01,OUT00065,Chain Pharmacy,Delta,P0007,ArthroRelief,Eta Pharma,553,42934.88,Sell-in,T024
2024-07-01,OUT00010,Clinic,Canal,P0003,Respira,Gamma Pharma,179,33272.26,Sell-in,T016
2024-07-01,OUT00119,Chain Pharmacy,Upper Egypt,P0009,LipiControl,Iota Pharma,279,45317.6,Sell-in,T011
2024-07-01,OUT00114,Hospital,Canal,P0010,GastroEase,Kappa Pharma,73,12021.44,Sell-in,T026
2024-07-01,OUT00022,Hospital,Canal,P0002,GlucoMax,Beta Pharma,782,85925.36,Sell-in,T021
2024-07-01,OUT00027,Hospital,Giza,P0004,PainFree,Delta Pharma,86,8649.22,Sell-in,T003
2024-07-01,OUT00060,Clinic,Upper Egypt,P0008,Dermacare,Theta Pharma,212,32002.92,Sell-in,T002
2024-07-01,OUT00033,Independent Pharmacy,Upper Egypt,P0005,Infecto,Epsilon Pharma,384,21721.45,Sell-in,T023
2024-07-01,OUT00029,Chain Pharmacy,Canal,P0010,GastroEase,Kappa Pharma,759,117360.11,Sell-in,T016
2024-07-01,OUT00120,Chain Pharmacy,Upper Egypt,P0007,ArthroRelief,Eta Pharma,751,51161.05,Sell-in,T006
2024-07-01,OUT00081,Chain Pharmacy,Canal,P0006,NeuroCalm,Zeta Pharma,70,4885.01,Sell-in,T018
2024-07-01,OUT00055,Chain Pharmacy,Upper Egypt,P0001,CardioSafe,Alpha Pharma,609,38091.55,Sell-in,T028
2024-07-01,OUT00039,Independent Pharmacy,Canal,P0005,Infecto,Epsilon Pharma,293,51323.28,Sell-in,T002
2024-07-01,OUT00037,Hospital,Canal,P0006,NeuroCalm,Zeta Pharma,454,23037.54,Sell-in,T027
2024-07-01,OUT00110,Chain Pharmacy,Delta,P0007,ArthroRelief,Eta Pharma,667,85288.72,Sell-in,T004
2024-07-01,OUT00105,Hospital,Giza,P0004,PainFree,Delta Pharma,518,63504.35,Sell-in,T011
2024-07-01,OUT00047,Hospital,Upper Egypt,P0007,ArthroRelief,Eta Pharma,870,68060.59,Sell-in,T003
2024-07-01,OUT00019,Hospital,Giza,P0003,Respira,Gamma Pharma,525,68880.21,Sell-in,T017
2024-07-01,OUT00045,Chain Pharmacy,Upper Egypt,P0003,Respira,Gamma Pharma,875,158552.15,Sell-in,T005
2024-07-01,OUT00077,Clinic,Delta,P0007,ArthroRelief,Eta Pharma,117,18925.72,Sell-in,T020
2024-07-01,OUT00109,Chain Pharmacy,Giza,P0004,PainFree,Delta Pharma,381,55908.82,Sell-in,T002
2024-07-01,OUT00028,Hospital,Cairo,P0002,GlucoMax,Beta Pharma,842,57834.99,Sell-in,T011
2024-07-01,OUT00066,Chain Pharmacy,Canal,P0004,PainFree,Delta Pharma,243,26135.06,Sell-in,T015
2024-07-01,OUT00089,Independent Pharmacy,Cairo,P0005,Infecto,Epsilon Pharma,485,65081.6,Sell-in,T013
2024-07-01,OUT00038,Chain Pharmacy,Upper Egypt,P0004,PainFree,Delta Pharma,278,48959.8,Sell-in,T020
2024-07-01,OUT00048,Independent Pharmacy,Giza,P0009,LipiControl,Iota Pharma,643,118032.96,Sell-in,T029
2024-07-01,OUT00014,Clinic,Giza,P0009,LipiControl,Iota Pharma,748,96853.84,Sell-in,T013
2024-07-01,OUT00004,Independent Pharmacy,Upper Egypt,P0006,NeuroCalm,Zeta Pharma,352,45994.06,Sell-in,T017
2024-07-01,OUT00069,Clinic,Cairo,P0008,Dermacare,Theta Pharma,228,7550.48,Sell-in,T015
2024-07-01,OUT00084,Clinic,Canal,P0010,GastroEase,Kappa Pharma,278,35279.27,Sell-in,T018
2024-07-01,OUT00003,Chain Pharmacy,Upper Egypt,P0007,ArthroRelief,Eta Pharma,728,60105.67,Sell-in,T027
2024-07-01,OUT00046,Chain Pharmacy,Giza,P0004,PainFree,Delta Pharma,774,50419.95,Sell-in,T024
2024-07-01,OUT00005,Hospital,Alexandria,P0004,PainFree,Delta Pharma,42,5985.23,Sell-in,T023
2024-07-01,OUT00057,Independent Pharmacy,Alexandria,P0002,GlucoMax,Beta Pharma,462,15641.82,Sell-in,T006
2024-07-01,OUT00101,Chain Pharmacy,Delta,P0006,NeuroCalm,Zeta Pharma,27,2511.83,Sell-in,T016
2024-07-01,OUT00106,Independent Pharmacy,Cairo,P0008,Dermacare,Theta Pharma,259,43282.74,Sell-in,T002
2024-07-01,OUT00063,Independent Pharmacy,Alexandria,P0007,ArthroRelief,Eta Pharma,336,27711.8,Sell-in,T027
2024-07-01,OUT00082,Clinic,Canal,P0010,GastroEase,Kappa Pharma,360,26940.72,Sell-in,T026
2024-07-01,OUT00016,Chain Pharmacy,Delta,P0005,Infecto,Epsilon Pharma,277,51779.26,Sell-in,T022
2024-07-01,OUT00096,Chain Pharmacy,Giza,P0003,Respira,Gamma Pharma,821,49604.12,Sell-in,T026
2024-07-01,OUT00051,Clinic,Cairo,P0004,PainFree,Delta Pharma,20,898.86,Sell-in,T002
2024-07-01,OUT00058,Chain Pharmacy,Giza,P0004,PainFree,Delta Pharma,231,20099.06,Sell-in,T021
2024-07-01,OUT00041,Independent Pharmacy,Cairo,P0009,LipiControl,Iota Pharma,564,101577.65,Sell-in,T008
2024-07-01,OUT00108,Independent Pharmacy,Upper Egypt,P0006,NeuroCalm,Zeta Pharma,779,114261.76,Sell-in,T009
2024-07-01,OUT00012,Hospital,Alexandria,P0007,ArthroRelief,Eta Pharma,776,84017.32,Sell-in,T016
2024-07-01,OUT00070,Chain Pharmacy,Alexandria,P0008,Dermacare,Theta Pharma,365,33724.63,Sell-in,T007
2024-07-01,OUT00061,Hospital,Alexandria,P0007,ArthroRelief,Eta Pharma,236,29088.01,Sell-in,T004
2024-07-01,OUT00111,Hospital,Giza,P0007,ArthroRelief,Eta Pharma,108,9475.46,Sell-in,T012
2024-07-01,OUT00073,Independent Pharmacy,Delta,P0006,NeuroCalm,Zeta Pharma,320,42869.36,Sell-in,T024
2024-07-01,OUT00043,Independent Pharmacy,Cairo,P0007,ArthroRelief,Eta Pharma,644,69112.68,Sell-in,T027
2024-07-01,OUT00102,Hospital,Canal,P0004,PainFree,Delta Pharma,141,4782.17,Sell-in,T016
2024-07-01,OUT00049,Independent Pharmacy,Alexandria,P0007,ArthroRelief,Eta Pharma,798,127715.86,Sell-in,T020
2024-07-01,OUT00052,Chain Pharmacy,Upper Egypt,P0004,PainFree,Delta Pharma,847,41405.29,Sell-in,T012
2024-07-01,OUT00042,Hospital,Upper Egypt,P0007,ArthroRelief,Eta Pharma,897,92167.73,Sell-in,T027
2024-07-01,OUT00112,Clinic,Cairo,P0004,PainFree,Delta Pharma,564,69206.65,Sell-in,T019
2024-07-01,OUT00059,Hospital,Delta,P0010,GastroEase,Kappa Pharma,817,78629.56,Sell-in,T007
2024-07-01,OUT00092,Independent Pharmacy,Delta,P0009,LipiControl,Iota Pharma,633,88737.94,Sell-in,T012
2024-07-01,OUT00006,Independent Pharmacy,Delta,P0001,CardioSafe,Alpha Pharma,271,9239.65,Sell-in,T018
2024-07-01,OUT00035,Hospital,Alexandria,P0008,Dermacare,Theta Pharma,704,66117.72,Sell-in,T019
2024-07-01,OUT00080,Chain Pharmacy,Alexandria,P0001,CardioSafe,Alpha Pharma,319,42143.41,Sell-in,T014
2024-07-01,OUT00018,Hospital,Alexandria,P0003,Respira,Gamma Pharma,93,9280.28,Sell-in,T013
2024-07-01,OUT00007,Chain Pharmacy,Canal,P0002,GlucoMax,Beta Pharma,212,17533.44,Sell-in,T017
2024-07-01,OUT00053,Clinic,Delta,P0008,Dermacare,Theta Pharma,252,14197.03,Sell-in,T024
2024-07-01,OUT00031,Chain Pharmacy,Cairo,P0006,NeuroCalm,Zeta Pharma,358,61756.78,Sell-in,T004
2024-07-01,OUT00024,Clinic,Canal,P0004,PainFree,Delta Pharma,85,6994.72,Sell-in,T012
2024-07-01,OUT00020,Independent Pharmacy,Delta,P0006,NeuroCalm,Zeta Pharma,59,3655.86,Sell-in,T028
2024-07-01,OUT00067,Clinic,Giza,P0003,Respira,Gamma Pharma,128,9517.1,Sell-in,T010
2024-07-01,OUT00085,Clinic,Delta,P0006,NeuroCalm,Zeta Pharma,672,39507.5,Sell-in,T001
2024-08-01,OUT00023,Independent Pharmacy,Upper Egypt,P0001,CardioSafe,Alpha Pharma,91,8494.34,Sell-in,T028
2024-08-01,OUT00072,Clinic,Giza,P0002,GlucoMax,Beta Pharma,700,114646.96,Sell-in,T021
2024-08-01,OUT00057,Independent Pharmacy,Alexandria,P0001,CardioSafe,Alpha Pharma,271,40968.68,Sell-in,T004
2024-08-01,OUT00114,Independent Pharmacy,Canal,P0010,GastroEase,Kappa Pharma,41,5224.97,Sell-in,T020
2024-08-01,OUT00064,Independent Pharmacy,Cairo,P0004,PainFree,Delta Pharma,459,29557.43,Sell-in,T024
2024-08-01,OUT00112,Clinic,Canal,P0001,CardioSafe,Alpha Pharma,620,24616.08,Sell-in,T026
2024-08-01,OUT00051,Chain Pharmacy,Cairo,P0001,CardioSafe,Alpha Pharma,662,18721.23,Sell-in,T030
2024-08-01,OUT00065,Clinic,Delta,P0003,Respira,Gamma Pharma,860,39344.52,Sell-in,T017
2024-08-01,OUT00061,Chain Pharmacy,Giza,P0004,PainFree,Delta Pharma,47,4888.34,Sell-in,T009
2024-08-01,OUT00078,Independent Pharmacy,Upper Egypt,P0009,LipiControl,Iota Pharma,278,26261.51,Sell-in,T018
2024-08-01,OUT00087,Clinic,Upper Egypt,P0002,GlucoMax,Beta Pharma,258,27156.18,Sell-in,T002
2024-08-01,OUT00012,Chain Pharmacy,Canal,P0006,NeuroCalm,Zeta Pharma,316,17024.31,Sell-in,T026
2024-08-01,OUT00079,Hospital,Canal,P0008,Dermacare,Theta Pharma,533,23205.72,Sell-in,T030
2024-08-01,OUT00086,Clinic,Upper Egypt,P0010,GastroEase,Kappa Pharma,858,109333.33,Sell-in,T023
2024-08-01,OUT00038,Clinic,Cairo,P0002,GlucoMax,Beta Pharma,318,14824.6,Sell-in,T007
2024-08-01,OUT00019,Hospital,Upper Egypt,P0004,PainFree,Delta Pharma,486,62778.54,Sell-in,T014
2024-08-01,OUT00039,Independent Pharmacy,Cairo,P0009,LipiControl,Iota Pharma,543,59061.53,Sell-in,T001
2024-08-01,OUT00101,Hospital,Canal,P0002,GlucoMax,Beta Pharma,363,55516.07,Sell-in,T020
2024-08-01,OUT00020,Hospital,Delta,P0004,PainFree,Delta Pharma,550,48086.5,Sell-in,T013
2024-08-01,OUT00049,Clinic,Delta,P0006,NeuroCalm,Zeta Pharma,617,42674.71,Sell-in,T002
2024-08-01,OUT00063,Clinic,Alexandria,P0003,Respira,Gamma Pharma,27,1764.98,Sell-in,T009
2024-08-01,OUT00103,Chain Pharmacy,Delta,P0002,GlucoMax,Beta Pharma,579,16864.18,Sell-in,T018
2024-08-01,OUT00088,Clinic,Upper Egypt,P0010,GastroEase,Kappa Pharma,197,35795.24,Sell-in,T011
2024-08-01,OUT00113,Independent Pharmacy,Cairo,P0008,Dermacare,Theta Pharma,804,135660.56,Sell-in,T016
2024-08-01,OUT00006,Hospital,Delta,P0008,Dermacare,Theta Pharma,95,14424.09,Sell-in,T016
2024-08-01,OUT00032,Hospital,Giza,P0007,ArthroRelief,Eta Pharma,179,33916.42,Sell-in,T006
2024-08-01,OUT00109,Clinic,Upper Egypt,P0005,Infecto,Epsilon Pharma,92,16300.33,Sell-in,T001
2024-08-01,OUT00067,Chain Pharmacy,Giza,P0009,LipiControl,Iota Pharma,698,106381.55,Sell-in,T016
2024-08-01,OUT00090,Hospital,Delta,P0009,LipiControl,Iota Pharma,477,16447.49,Sell-in,T014
2024-08-01,OUT00013,Clinic,Delta,P0005,Infecto,Epsilon Pharma,225,14814.18,Sell-in,T025
2024-08-01,OUT00037,Clinic,Upper Egypt,P0006,NeuroCalm,Zeta Pharma,649,74019.0,Sell-in,T019
2024-08-01,OUT00031,Clinic,Alexandria,P0003,Respira,Gamma Pharma,81,2234.22,Sell-in,T024
2024-08-01,OUT00120,Independent Pharmacy,Upper Egypt,P0001,CardioSafe,Alpha Pharma,367,51686.34,Sell-in,T021
2024-08-01,OUT00027,Chain Pharmacy,Giza,P0009,LipiControl,Iota Pharma,270,27707.51,Sell-in,T017
2024-08-01,OUT00118,Hospital,Giza,P0005,Infecto,Epsilon Pharma,183,14630.64,Sell-in,T013
2024-08-01,OUT00041,Independent Pharmacy,Giza,P0004,PainFree,Delta Pharma,667,24937.36,Sell-in,T004
2024-08-01,OUT00021,Hospital,Cairo,P0003,Respira,Gamma Pharma,373,41121.86,Sell-in,T007
2024-08-01,OUT00105,Hospital,Canal,P0003,Respira,Gamma Pharma,499,70856.21,Sell-in,T009
2024-08-01,OUT00029,Chain Pharmacy,Canal,P0010,GastroEase,Kappa Pharma,512,88409.23,Sell-in,T021
2024-08-01,OUT00073,Chain Pharmacy,Giza,P0006,NeuroCalm,Zeta Pharma,623,103911.55,Sell-in,T003
2024-08-01,OUT00084,Hospital,Upper Egypt,P0006,NeuroCalm,Zeta Pharma,418,14759.35,Sell-in,T024
2024-08-01,OUT00104,Independent Pharmacy,Alexandria,P0008,Dermacare,Theta Pharma,131,4588.99,Sell-in,T016
2024-08-01,OUT00074,Independent Pharmacy,Upper Egypt,P0009,LipiControl,Iota Pharma,261,26888.59,Sell-in,T020
2024-08-01,OUT00033,Hospital,Canal,P0009,LipiControl,Iota Pharma,588,105763.4,Sell-in,T024
2024-08-01,OUT00005,Hospital,Delta,P0007,ArthroRelief,Eta Pharma,617,85189.0,Sell-in,T010
2024-08-01,OUT00034,Clinic,Upper Egypt,P0007,ArthroRelief,Eta Pharma,409,45427.93,Sell-in,T026
2024-08-01,OUT00081,Independent Pharmacy,Alexandria,P0003,Respira,Gamma Pharma,611,40904.41,Sell-in,T022
2024-08-01,OUT00066,Chain Pharmacy,Cairo,P0006,NeuroCalm,Zeta Pharma,375,65061.36,Sell-in,T023
2024-08-01,OUT00042,Chain Pharmacy,Cairo,P0002,GlucoMax,Beta Pharma,783,102820.03,Sell-in,T020
2024-08-01,OUT00108,Independent Pharmacy,Canal,P0010,GastroEase,Kappa Pharma,619,50692.57,Sell-in,T013
2024-08-01,OUT00082,Independent Pharmacy,Giza,P0004,PainFree,Delta Pharma,797,48024.85,Sell-in,T019
2024-08-01,OUT00009,Clinic,Delta,P0007,ArthroRelief,Eta Pharma,636,91408.85,Sell-in,T018
2024-08-01,OUT00116,Independent Pharmacy,Delta,P0006,NeuroCalm,Zeta Pharma,67,5946.05,Sell-in,T013
2024-08-01,OUT00097,Chain Pharmacy,Delta,P0005,Infecto,Epsilon Pharma,558,58817.66,Sell-in,T005
2024-08-01,OUT00106,Chain Pharmacy,Alexandria,P0004,PainFree,Delta Pharma,756,70793.39,Sell-in,T019
2024-08-01,OUT00056,Independent Pharmacy,Cairo,P0008,Dermacare,Theta Pharma,525,51640.07,Sell-in,T004
2024-08-01,OUT00098,Chain Pharmacy,Cairo,P0008,Dermacare,Theta Pharma,384,36962.71,Sell-in,T024
2024-08-01,OUT00047,Clinic,Cairo,P0008,Dermacare,Theta Pharma,427,38351.37,Sell-in,T005
2024-08-01,OUT00008,Clinic,Cairo,P0003,Respira,Gamma Pharma,490,49827.71,Sell-in,T012
2024-08-01,OUT00110,Hospital,Delta,P0010,GastroEase,Kappa Pharma,499,68180.51,Sell-in,T014
2024-08-01,OUT00089,Independent Pharmacy,Delta,P0002,GlucoMax,Beta Pharma,225,21542.35,Sell-in,T024
2024-08-01,OUT00092,Clinic,Upper Egypt,P0010,GastroEase,Kappa Pharma,671,95780.91,Sell-in,T030
2024-08-01,OUT00007,Independent Pharmacy,Delta,P0008,Dermacare,Theta Pharma,27,4605.01,Sell-in,T018
2024-08-01,OUT00046,Independent Pharmacy,Cairo,P0007,ArthroRelief,Eta Pharma,272,13503.1,Sell-in,T007
2024-08-01,OUT00016,Hospital,Delta,P0010,GastroEase,Kappa Pharma,192,8374.95,Sell-in,T017
2024-08-01,OUT00083,Independent Pharmacy,Upper Egypt,P0009,LipiControl,Iota Pharma,892,143696.78,Sell-in,T006
2024-08-01,OUT00043,Independent Pharmacy,Giza,P0008,Dermacare,Theta Pharma,635,72908.1,Sell-in,T016
2024-08-01,OUT00022,Hospital,Alexandria,P0008,Dermacare,Theta Pharma,59,4962.38,Sell-in,T010
2024-08-01,OUT00077,Clinic,Alexandria,P0008,Dermacare,Theta Pharma,298,39784.13,Sell-in,T003
2024-08-01,OUT00102,Chain Pharmacy,Upper Egypt,P0008,Dermacare,Theta Pharma,801,36524.06,Sell-in,T002
2024-08-01,OUT00060,Chain Pharmacy,Upper Egypt,P0004,PainFree,Delta Pharma,390,52610.06,Sell-in,T006
2024-08-01,OUT00003,Hospital,Alexandria,P0004,PainFree,Delta Pharma,180,13917.97,Sell-in,T010
2024-08-01,OUT00071,Clinic,Giza,P0007,ArthroRelief,Eta Pharma,196,6228.49,Sell-in,T016
2024-08-01,OUT00001,Hospital,Delta,P0008,Dermacare,Theta Pharma,492,19128.15,Sell-in,T030
2024-08-01,OUT00068,Clinic,Giza,P0004,PainFree,Delta Pharma,470,18707.37,Sell-in,T028
2024-08-01,OUT00040,Chain Pharmacy,Upper Egypt,P0001,CardioSafe,Alpha Pharma,806,140429.57,Sell-in,T017
2024-08-01,OUT00117,Clinic,Giza,P0004,PainFree,Delta Pharma,450,55553.35,Sell-in,T026
2024-08-01,OUT00111,Hospital,Cairo,P0004,PainFree,Delta Pharma,546,37770.11,Sell-in,T009
2024-08-01,OUT00036,Chain Pharmacy,Alexandria,P0008,Dermacare,Theta Pharma,730,94409.06,Sell-in,T013
2024-08-01,OUT00024,Hospital,Canal,P0010,GastroEase,Kappa Pharma,785,130421.03,Sell-in,T028
2024-09-01,OUT00024,Hospital,Alexandria,P0006,NeuroCalm,Zeta Pharma,748,81673.65,Sell-in,T005
2024-09-01,OUT00055,Clinic,Canal,P0002,GlucoMax,Beta Pharma,678,18807.49,Sell-in,T018
2024-09-01,OUT00002,Clinic,Canal,P0006,NeuroCalm,Zeta Pharma,629,38120.8,Sell-in,T009
2024-09-01,OUT00088,Hospital,Delta,P0008,Dermacare,Theta Pharma,179,31909.77,Sell-in,T025
2024-09-01,OUT00066,Chain Pharmacy,Canal,P0005,Infecto,Epsilon Pharma,469,12955.14,Sell-in,T007
2024-09-01,OUT00051,Chain Pharmacy,Delta,P0007,ArthroRelief,Eta Pharma,650,34824.62,Sell-in,T020
2024-09-01,OUT00049,Clinic,Canal,P0009,LipiControl,Iota Pharma,410,60777.83,Sell-in,T016
2024-09-01,OUT00069,Hospital,Upper Egypt,P0001,CardioSafe,Alpha Pharma,245,36815.38,Sell-in,T020
2024-09-01,OUT00015,Clinic,Cairo,P0005,Infecto,Epsilon Pharma,801,98627.2,Sell-in,T022
2024-09-01,OUT00090,Chain Pharmacy,Delta,P0008,Dermacare,Theta Pharma,404,36016.97,Sell-in,T027
2024-09-01,OUT00075,Independent Pharmacy,Alexandria,P0010,GastroEase,Kappa Pharma,663,62664.96,Sell-in,T009
2024-09-01,OUT00059,Hospital,Cairo,P0007,ArthroRelief,Eta Pharma,63,3684.66,Sell-in,T001
2024-09-01,OUT00086,Hospital,Giza,P0008,Dermacare,Theta Pharma,196,7761.01,Sell-in,T023
2024-09-01,OUT00067,Hospital,Delta,P0007,ArthroRelief,Eta Pharma,69,8650.22,Sell-in,T018
2024-09-01,OUT00065,Independent Pharmacy,Upper Egypt,P0003,Respira,Gamma Pharma,418,28369.48,Sell-in,T014
2024-09-01,OUT00092,Clinic,Giza,P0006,NeuroCalm,Zeta Pharma,848,62160.7,Sell-in,T002
2024-09-01,OUT00060,Independent Pharmacy,Cairo,P0005,Infecto,Epsilon Pharma,128,13859.88,Sell-in,T021
2024-09-01,OUT00115,Hospital,Canal,P0002,GlucoMax,Beta Pharma,703,18498.94,Sell-in,T011
2024-09-01,OUT00052,Independent Pharmacy,Giza,P0005,Infecto,Epsilon Pharma,214,16621.03,Sell-in,T010
2024-09-01,OUT00107,Independent Pharmacy,Canal,P0003,Respira,Gamma Pharma,243,6858.36,Sell-in,T003
2024-09-01,OUT00120,Chain Pharmacy,Alexandria,P0007,ArthroRelief,Eta Pharma,801,23744.92,Sell-in,T009
2024-09-01,OUT00118,Clinic,Cairo,P0008,Dermacare,Theta Pharma,340,19805.59,Sell-in,T025
2024-09-01,OUT00116,Hospital,Giza,P0005,Infecto,Epsilon Pharma,69,5070.44,Sell-in,T008
2024-09-01,OUT00019,Clinic,Giza,P0010,GastroEase,Kappa Pharma,821,122206.6,Sell-in,T030
2024-09-01,OUT00074,Chain Pharmacy,Cairo,P0010,GastroEase,Kappa Pharma,804,115803.71,Sell-in,T006
2024-09-01,OUT00040,Independent Pharmacy,Alexandria,P0008,Dermacare,Theta Pharma,279,23597.26,Sell-in,T028
2024-09-01,OUT00061,Chain Pharmacy,Delta,P0006,NeuroCalm,Zeta Pharma,722,95884.48,Sell-in,T026
2024-09-01,OUT00044,Hospital,Delta,P0008,Dermacare,Theta Pharma,211,37035.03,Sell-in,T021
2024-09-01,OUT00103,Chain Pharmacy,Delta,P0010,GastroEase,Kappa Pharma,855,51677.77,Sell-in,T014
2024-09-01,OUT00003,Chain Pharmacy,Giza,P0001,CardioSafe,Alpha Pharma,331,19020.55,Sell-in,T013
2024-09-01,OUT00022,Clinic,Alexandria,P0003,Respira,Gamma Pharma,285,7534.81,Sell-in,T002
2024-09-01,OUT00030,Clinic,Delta,P0005,Infecto,Epsilon Pharma,179,31926.48,Sell-in,T003
2024-09-01,OUT00010,Hospital,Cairo,P0010,GastroEase,Kappa Pharma,333,19049.41,Sell-in,T001
2024-09-01,OUT00100,Clinic,Cairo,P0002,GlucoMax,Beta Pharma,118,6367.85,Sell-in,T013
2024-09-01,OUT00041,Independent Pharmacy,Giza,P0006,NeuroCalm,Zeta Pharma,611,104753.13,Sell-in,T013
2024-09-01,OUT00050,Clinic,Canal,P0010,GastroEase,Kappa Pharma,413,50740.92,Sell-in,T007
2024-09-01,OUT00077,Independent Pharmacy,Alexandria,P0002,GlucoMax,Beta Pharma,110,8556.18,Sell-in,T016
2024-09-01,OUT00097,Clinic,Cairo,P0008,Dermacare,Theta Pharma,37,1895.84,Sell-in,T018
2024-09-01,OUT00057,Independent Pharmacy,Upper Egypt,P0003,Respira,Gamma Pharma,768,97092.97,Sell-in,T017
2024-09-01,OUT00013,Hospital,Canal,P0003,Respira,Gamma Pharma,114,12837.9,Sell-in,T028
2024-09-01,OUT00018,Independent Pharmacy,Cairo,P0009,LipiControl,Iota Pharma,713,82864.83,Sell-in,T003
2024-09-01,OUT00101,Independent Pharmacy,Upper Egypt,P0005,Infecto,Epsilon Pharma,629,52719.22,Sell-in,T022
2024-09-01,OUT00035,Clinic,Alexandria,P0004,PainFree,Delta Pharma,752,110386.18,Sell-in,T019
2024-09-01,OUT00093,Hospital,Alexandria,P0002,GlucoMax,Beta Pharma,118,18263.92,Sell-in,T001
2024-09-01,OUT00001,Chain Pharmacy,Giza,P0004,PainFree,Delta Pharma,207,21973.71,Sell-in,T015
2024-09-01,OUT00104,Chain Pharmacy,Upper Egypt,P0004,PainFree,Delta Pharma,137,22613.28,Sell-in,T020
2024-09-01,OUT00058,Hospital,Canal,P0010,GastroEase,Kappa Pharma,142,5266.96,Sell-in,T030
2024-09-01,OUT00034,Independent Pharmacy,Cairo,P0004,PainFree,Delta Pharma,466,18698.01,Sell-in,T017
2024-09-01,OUT00029,Clinic,Alexandria,P0008,Dermacare,Theta Pharma,246,26831.04,Sell-in,T003
2024-09-01,OUT00105,Clinic,Giza,P0010,GastroEase,Kappa Pharma,111,15080.3,Sell-in,T017
2024-09-01,OUT00028,Independent Pharmacy,Canal,P0006,NeuroCalm,Zeta Pharma,848,35004.46,Sell-in,T024
2024-09-01,OUT00081,Hospital,Alexandria,P0009,LipiControl,Iota Pharma,492,64865.49,Sell-in,T015
2024-09-01,OUT00045,Chain Pharmacy,Cairo,P0007,ArthroRelief,Eta Pharma,51,9636.14,Sell-in,T021
2024-09-01,OUT00106,Chain Pharmacy,Canal,P0008,Dermacare,Theta Pharma,684,22788.23,Sell-in,T029
2024-09-01,OUT00011,Hospital,Upper Egypt,P0002,GlucoMax,Beta Pharma,453,76277.43,Sell-in,T016
2024-09-01,OUT00037,Hospital,Cairo,P0001,CardioSafe,Alpha Pharma,533,43346.03,Sell-in,T029
2024-09-01,OUT00085,Clinic,Giza,P0007,ArthroRelief,Eta Pharma,49,2479.69,Sell-in,T023
2024-09-01,OUT00111,Chain Pharmacy,Upper Egypt,P0006,NeuroCalm,Zeta Pharma,885,141517.9,Sell-in,T025
2024-09-01,OUT00056,Independent Pharmacy,Giza,P0009,LipiControl,Iota Pharma,542,34868.3,Sell-in,T002
2024-09-01,OUT00012,Hospital,Delta,P0005,Infecto,Epsilon Pharma,892,95062.63,Sell-in,T007
2024-09-01,OUT00048,Clinic,Canal,P0005,Infecto,Epsilon Pharma,555,67008.12,Sell-in,T005
2024-09-01,OUT00008,Independent Pharmacy,Upper Egypt,P0007,ArthroRelief,Eta Pharma,732,62194.82,Sell-in,T020
2024-09-01,OUT00007,Chain Pharmacy,Delta,P0010,GastroEase,Kappa Pharma,863,37424.37,Sell-in,T008
2024-09-01,OUT00042,Clinic,Canal,P0009,LipiControl,Iota Pharma,758,112494.14,Sell-in,T009
2024-09-01,OUT00072,Chain Pharmacy,Cairo,P0010,GastroEase,Kappa Pharma,544,97131.97,Sell-in,T001
2024-09-01,OUT00119,Clinic,Giza,P0001,CardioSafe,Alpha Pharma,534,39589.65,Sell-in,T007
2024-09-01,OUT00014,Chain Pharmacy,Delta,P0009,LipiControl,Iota Pharma,820,92780.44,Sell-in,T016
2024-09-01,OUT00053,Hospital,Cairo,P0007,ArthroRelief,Eta Pharma,454,44633.48,Sell-in,T008
2024-09-01,OUT00020,Clinic,Upper Egypt,P0008,Dermacare,Theta Pharma,154,17186.11,Sell-in,T005
2024-09-01,OUT00108,Independent Pharmacy,Alexandria,P0005,Infecto,Epsilon Pharma,219,28537.22,Sell-in,T011
2024-09-01,OUT00080,Hospital,Canal,P0006,NeuroCalm,Zeta Pharma,252,42667.0,Sell-in,T029
2024-09-01,OUT00021,Hospital,Giza,P0003,Respira,Gamma Pharma,534,73350.05,Sell-in,T014
2024-09-01,OUT00113,Hospital,Giza,P0004,PainFree,Delta Pharma,189,21668.68,Sell-in,T023
2024-09-01,OUT00017,Clinic,Upper Egypt,P0006,NeuroCalm,Zeta Pharma,886,148493.25,Sell-in,T018
2024-09-01,OUT00009,Hospital,Canal,P0009,LipiControl,Iota Pharma,428,26048.86,Sell-in,T015
2024-09-01,OUT00036,Hospital,Cairo,P0009,LipiControl,Iota Pharma,50,5225.92,Sell-in,T023
2024-09-01,OUT00031,Chain Pharmacy,Cairo,P0010,GastroEase,Kappa Pharma,416,46834.67,Sell-in,T014
2024-09-01,OUT00109,Hospital,Cairo,P0006,NeuroCalm,Zeta Pharma,608,41543.7,Sell-in,T011
2024-09-01,OUT00096,Clinic,Cairo,P0005,Infecto,Epsilon Pharma,492,30726.64,Sell-in,T023
2024-09-01,OUT00070,Clinic,Cairo,P0009,LipiControl,Iota Pharma,623,58796.96,Sell-in,T001
2024-10-01,OUT00092,Clinic,Canal,P0006,NeuroCalm,Zeta Pharma,725,122221.82,Sell-in,T009
2024-10-01,OUT00099,Hospital,Upper Egypt,P0003,Respira,Gamma Pharma,499,23117.89,Sell-in,T019
2024-10-01,OUT00087,Clinic,Giza,P0008,Dermacare,Theta Pharma,438,25693.62,Sell-in,T027
2024-10-01,OUT00118,Chain Pharmacy,Giza,P0006,NeuroCalm,Zeta Pharma,81,10919.39,Sell-in,T015
2024-10-01,OUT00096,Independent Pharmacy,Giza,P0010,GastroEase,Kappa Pharma,25,1182.81,Sell-in,T008
2024-10-01,OUT00119,Chain Pharmacy,Delta,P0003,Respira,Gamma Pharma,283,15156.68,Sell-in,T029
2024-10-01,OUT00012,Independent Pharmacy,Upper Egypt,P0004,PainFree,Delta Pharma,294,33231.29,Sell-in,T026
2024-10-01,OUT00103,Chain Pharmacy,Alexandria,P0009,LipiControl,Iota Pharma,545,56470.38,Sell-in,T013
2024-10-01,OUT00120,Hospital,Alexandria,P0004,PainFree,Delta Pharma,324,42979.97,Sell-in,T010
2024-10-01,OUT00026,Chain Pharmacy,Canal,P0007,ArthroRelief,Eta Pharma,781,75503.07,Sell-in,T011
2024-10-01,OUT00102,Clinic,Delta,P0001,CardioSafe,Alpha Pharma,418,20565.4,Sell-in,T013
2024-10-01,OUT00066,Clinic,Delta,P0001,CardioSafe,Alpha Pharma,125,22703.2,Sell-in,T013
2024-10-01,OUT00070,Independent Pharmacy,Giza,P0003,Respira,Gamma Pharma,127,15717.93,Sell-in,T030
2024-10-01,OUT00077,Clinic,Giza,P0006,NeuroCalm,Zeta Pharma,583,74982.44,Sell-in,T004
2024-10-01,OUT00034,Independent Pharmacy,Canal,P0002,GlucoMax,Beta Pharma,541,18246.07,Sell-in,T019
2024-10-01,OUT00090,Chain Pharmacy,Canal,P0006,NeuroCalm,Zeta Pharma,355,28085.77,Sell-in,T001
2024-10-01,OUT00005,Clinic,Giza,P0002,GlucoMax,Beta Pharma,502,28834.05,Sell-in,T022
2024-10-01,OUT00097,Clinic,Giza,P0006,NeuroCalm,Zeta Pharma,722,122913.48,Sell-in,T006
2024-10-01,OUT00101,Chain Pharmacy,Delta,P0001,CardioSafe,Alpha Pharma,149,19186.95,Sell-in,T004
2024-10-01,OUT00025,Independent Pharmacy,Alexandria,P0003,Respira,Gamma Pharma,728,116941.75,Sell-in,T005
2024-10-01,OUT00084,Clinic,Cairo,P0002,GlucoMax,Beta Pharma,532,92931.06,Sell-in,T024
2024-10-01,OUT00074,Hospital,Giza,P0008,Dermacare,Theta Pharma,779,59377.75,Sell-in,T024
2024-10-01,OUT00036,Chain Pharmacy,Giza,P0002,GlucoMax,Beta Pharma,549,65225.5,Sell-in,T004
2024-10-01,OUT00051,Chain Pharmacy,Canal,P0006,NeuroCalm,Zeta Pharma,786,98277.04,Sell-in,T007
2024-10-01,OUT00062,Independent Pharmacy,Canal,P0003,Respira,Gamma Pharma,578,62161.95,Sell-in,T001
2024-10-01,OUT00098,Independent Pharmacy,Canal,P0010,GastroEase,Kappa Pharma,210,36526.09,Sell-in,T025
2024-10-01,OUT00017,Hospital,Giza,P0001,CardioSafe,Alpha Pharma,766,127631.29,Sell-in,T012
2024-10-01,OUT00043,Chain Pharmacy,Canal,P0005,Infecto,Epsilon Pharma,645,74829.47,Sell-in,T026
2024-10-01,OUT00030,Clinic,Cairo,P0002,GlucoMax,Beta Pharma,27,4554.69,Sell-in,T015
2024-10-01,OUT00054,Chain Pharmacy,Upper Egypt,P0008,Dermacare,Theta Pharma,484,18701.29,Sell-in,T009
2024-10-01,OUT00114,Hospital,Upper Egypt,P0003,Respira,Gamma Pharma,369,60749.69,Sell-in,T030
2024-10-01,OUT00041,Independent Pharmacy,Delta,P0009,LipiControl,Iota Pharma,743,38590.96,Sell-in,T029
2024-10-01,OUT00015,Independent Pharmacy,Canal,P0005,Infecto,Epsilon Pharma,39,5187.9,Sell-in,T009
2024-10-01,OUT00093,Hospital,Delta,P0004,PainFree,Delta Pharma,880,77041.84,Sell-in,T026
2024-10-01,OUT00055,Independent Pharmacy,Cairo,P0008,Dermacare,Theta Pharma,371,56013.88,Sell-in,T015
2024-10-01,OUT00035,Clinic,Delta,P0005,Infecto,Epsilon Pharma,690,108201.56,Sell-in,T014
2024-10-01,OUT00019,Hospital,Giza,P0007,ArthroRelief,Eta Pharma,392,43188.83,Sell-in,T026
2024-10-01,OUT00088,Clinic,Giza,P0006,NeuroCalm,Zeta Pharma,891,149249.8,Sell-in,T012
2024-10-01,OUT00110,Chain Pharmacy,Delta,P0007,ArthroRelief,Eta Pharma,403,60605.53,Sell-in,T014
2024-10-01,OUT00028,Hospital,Canal,P0001,CardioSafe,Alpha Pharma,527,80399.26,Sell-in,T009
2024-10-01,OUT00076,Independent Pharmacy,Upper Egypt,P0007,ArthroRelief,Eta Pharma,53,9256.45,Sell-in,T007
2024-10-01,OUT00108,Hospital,Cairo,P0005,Infecto,Epsilon Pharma,493,92650.15,Sell-in,T030
2024-10-01,OUT00039,Independent Pharmacy,Alexandria,P0008,Dermacare,Theta Pharma,734,103026.92,Sell-in,T017
2024-10-01,OUT00008,Independent Pharmacy,Canal,P0002,GlucoMax,Beta Pharma,791,31942.58,Sell-in,T016
2024-10-01,OUT00044,Hospital,Alexandria,P0006,NeuroCalm,Zeta Pharma,83,15098.24,Sell-in,T009
2024-10-01,OUT00032,Hospital,Delta,P0002,GlucoMax,Beta Pharma,728,129226.74,Sell-in,T001
2024-10-01,OUT00052,Hospital,Upper Egypt,P0005,Infecto,Epsilon Pharma,203,38028.39,Sell-in,T030
2024-10-01,OUT00115,Hospital,Cairo,P0004,PainFree,Delta Pharma,514,59714.78,Sell-in,T004
2024-10-01,OUT00049,Hospital,Canal,P0005,Infecto,Epsilon Pharma,575,88068.18,Sell-in,T006
2024-10-01,OUT00078,Independent Pharmacy,Canal,P0006,NeuroCalm,Zeta Pharma,729,64205.13,Sell-in,T005
2024-10-01,OUT00053,Independent Pharmacy,Delta,P0001,CardioSafe,Alpha Pharma,628,110934.33,Sell-in,T019
2024-10-01,OUT00104,Hospital,Canal,P0009,LipiControl,Iota Pharma,727,42211.55,Sell-in,T020
2024-10-01,OUT00072,Independent Pharmacy,Upper Egypt,P0006,NeuroCalm,Zeta Pharma,429,40184.87,Sell-in,T009
2024-10-01,OUT00116,Hospital,Alexandria,P0001,CardioSafe,Alpha Pharma,86,5460.26,Sell-in,T010
2024-10-01,OUT00069,Clinic,Canal,P0007,ArthroRelief,Eta Pharma,785,66086.53,Sell-in,T029
2024-10-01,OUT00003,Hospital,Upper Egypt,P0008,Dermacare,Theta Pharma,456,47239.71,Sell-in,T001
2024-10-01,OUT00067,Hospital,Delta,P0004,PainFree,Delta Pharma,133,20946.06,Sell-in,T021
2024-10-01,OUT00021,Independent Pharmacy,Upper Egypt,P0001,CardioSafe,Alpha Pharma,495,92981.01,Sell-in,T013
2024-10-01,OUT00006,Clinic,Delta,P0007,ArthroRelief,Eta Pharma,200,19929.39,Sell-in,T024
2024-10-01,OUT00048,Clinic,Cairo,P0008,Dermacare,Theta Pharma,891,130914.68,Sell-in,T016
2024-10-01,OUT00081,Clinic,Upper Egypt,P0002,GlucoMax,Beta Pharma,717,135813.15,Sell-in,T012
2024-10-01,OUT00027,Clinic,Cairo,P0003,Respira,Gamma Pharma,254,17046.26,Sell-in,T016
2024-10-01,OUT00109,Hospital,Cairo,P0002,GlucoMax,Beta Pharma,605,51166.5,Sell-in,T025
2024-10-01,OUT00007,Chain Pharmacy,Delta,P0002,GlucoMax,Beta Pharma,573,71355.57,Sell-in,T009
2024-10-01,OUT00020,Hospital,Giza,P0009,LipiControl,Iota Pharma,787,26290.69,Sell-in,T010
2024-10-01,OUT00061,Clinic,Alexandria,P0009,LipiControl,Iota Pharma,838,32573.16,Sell-in,T027
2024-10-01,OUT00038,Independent Pharmacy,Upper Egypt,P0001,CardioSafe,Alpha Pharma,318,25708.6,Sell-in,T029
2024-10-01,OUT00018,Hospital,Giza,P0001,CardioSafe,Alpha Pharma,461,38008.01,Sell-in,T009
2024-10-01,OUT00014,Hospital,Cairo,P0003,Respira,Gamma Pharma,366,25857.05,Sell-in,T028
2024-10-01,OUT00085,Chain Pharmacy,Delta,P0005,Infecto,Epsilon Pharma,456,58281.0,Sell-in,T015
2024-10-01,OUT00112,Hospital,Cairo,P0005,Infecto,Epsilon Pharma,239,19428.21,Sell-in,T009
2024-10-01,OUT00106,Independent Pharmacy,Canal,P0006,NeuroCalm,Zeta Pharma,475,23823.15,Sell-in,T027
2024-10-01,OUT00117,Clinic,Alexandria,P0005,Infecto,Epsilon Pharma,26,771.84,Sell-in,T003
2024-10-01,OUT00107,Chain Pharmacy,Delta,P0003,Respira,Gamma Pharma,787,119135.71,Sell-in,T006
2024-10-01,OUT00004,Clinic,Delta,P0005,Infecto,Epsilon Pharma,670,88844.87,Sell-in,T010
2024-10-01,OUT00089,Hospital,Cairo,P0006,NeuroCalm,Zeta Pharma,581,50567.76,Sell-in,T010
2024-10-01,OUT00111,Independent Pharmacy,Alexandria,P0007,ArthroRelief,Eta Pharma,218,14021.14,Sell-in,T004
2024-10-01,OUT00091,Chain Pharmacy,Upper Egypt,P0006,NeuroCalm,Zeta Pharma,776,72383.8,Sell-in,T014
2024-10-01,OUT00100,Clinic,Upper Egypt,P0002,GlucoMax,Beta Pharma,609,80758.49,Sell-in,T006
2024-10-01,OUT00083,Hospital,Giza,P0008,Dermacare,Theta Pharma,722,59137.04,Sell-in,T022
2024-11-01,OUT00046,Independent Pharmacy,Cairo,P0004,PainFree,Delta Pharma,328,20852.68,Sell-in,T013
2024-11-01,OUT00012,Clinic,Giza,P0004,PainFree,Delta Pharma,894,70983.2,Sell-in,T022
2024-11-01,OUT00075,Independent Pharmacy,Upper Egypt,P0004,PainFree,Delta Pharma,57,10302.32,Sell-in,T007
2024-11-01,OUT00011,Independent Pharmacy,Alexandria,P0003,Respira,Gamma Pharma,608,16463.71,Sell-in,T007
2024-11-01,OUT00030,Independent Pharmacy,Cairo,P0010,GastroEase,Kappa Pharma,565,63177.18,Sell-in,T028
2024-11-01,OUT00102,Hospital,Giza,P0010,GastroEase,Kappa Pharma,679,25302.99,Sell-in,T021
2024-11-01,OUT00034,Chain Pharmacy,Delta,P0003,Respira,Gamma Pharma,737,83125.75,Sell-in,T006
2024-11-01,OUT00036,Hospital,Alexandria,P0002,GlucoMax,Beta Pharma,832,137584.95,Sell-in,T030
2024-11-01,OUT00015,Hospital,Upper Egypt,P0002,GlucoMax,Beta Pharma,56,2643.96,Sell-in,T009
2024-11-01,OUT00111,Independent Pharmacy,Delta,P0007,ArthroRelief,Eta Pharma,113,11981.24,Sell-in,T012
2024-11-01,OUT00069,Hospital,Giza,P0008,Dermacare,Theta Pharma,799,95735.18,Sell-in,T016
2024-11-01,OUT00006,Chain Pharmacy,Cairo,P0009,LipiControl,Iota Pharma,138,20357.58,Sell-in,T003
2024-11-01,OUT00063,Hospital,Canal,P0002,GlucoMax,Beta Pharma,835,49278.87,Sell-in,T013
2024-11-01,OUT00045,Hospital,Alexandria,P0002,GlucoMax,Beta Pharma,899,63455.24,Sell-in,T022
2024-11-01,OUT00051,Clinic,Giza,P0002,GlucoMax,Beta Pharma,217,14154.2,Sell-in,T015
2024-11-01,OUT00008,Chain Pharmacy,Delta,P0010,GastroEase,Kappa Pharma,587,95486.35,Sell-in,T001
2024-11-01,OUT00076,Clinic,Upper Egypt,P0007,ArthroRelief,Eta Pharma,57,2176.01,Sell-in,T023
2024-11-01,OUT00004,Hospital,Giza,P0010,GastroEase,Kappa Pharma,578,88397.09,Sell-in,T007
2024-11-01,OUT00108,Independent Pharmacy,Canal,P0009,LipiControl,Iota Pharma,279,10120.48,Sell-in,T017
2024-11-01,OUT00112,Hospital,Delta,P0006,NeuroCalm,Zeta Pharma,582,75692.6,Sell-in,T018
2024-11-01,OUT00044,Clinic,Giza,P0008,Dermacare,Theta Pharma,217,20306.41,Sell-in,T009
2024-11-01,OUT00089,Independent Pharmacy,Alexandria,P0002,GlucoMax,Beta Pharma,693,97982.27,Sell-in,T024
2024-11-01,OUT00097,Hospital,Upper Egypt,P0007,ArthroRelief,Eta Pharma,109,7878.06,Sell-in,T008
2024-11-01,OUT00080,Independent Pharmacy,Alexandria,P0010,GastroEase,Kappa Pharma,856,94053.09,Sell-in,T015
2024-11-01,OUT00059,Chain Pharmacy,Alexandria,P0001,CardioSafe,Alpha Pharma,330,9553.11,Sell-in,T002
2024-11-01,OUT00054,Independent Pharmacy,Delta,P0005,Infecto,Epsilon Pharma,496,75605.85,Sell-in,T016
2024-11-01,OUT00117,Clinic,Cairo,P0010,GastroEase,Kappa Pharma,496,44324.55,Sell-in,T018
2024-11-01,OUT00078,Chain Pharmacy,Cairo,P0006,NeuroCalm,Zeta Pharma,123,13338.97,Sell-in,T017
2024-11-01,OUT00081,Chain Pharmacy,Alexandria,P0006,NeuroCalm,Zeta Pharma,535,47603.76,Sell-in,T024
2024-11-01,OUT00073,Hospital,Cairo,P0004,PainFree,Delta Pharma,422,58770.15,Sell-in,T011
2024-11-01,OUT00096,Chain Pharmacy,Delta,P0001,CardioSafe,Alpha Pharma,662,54560.86,Sell-in,T002
2024-11-01,OUT00082,Hospital,Giza,P0009,LipiControl,Iota Pharma,833,22527.03,Sell-in,T017
2024-11-01,OUT00032,Hospital,Delta,P0002,GlucoMax,Beta Pharma,431,17757.48,Sell-in,T001
2024-11-01,OUT00013,Chain Pharmacy,Upper Egypt,P0003,Respira,Gamma Pharma,662,51151.1,Sell-in,T021
2024-11-01,OUT00104,Chain Pharmacy,Cairo,P0003,Respira,Gamma Pharma,52,2547.15,Sell-in,T013
2024-11-01,OUT00109,Chain Pharmacy,Upper Egypt,P0006,NeuroCalm,Zeta Pharma,446,38160.04,Sell-in,T020
2024-11-01,OUT00040,Chain Pharmacy,Alexandria,P0007,ArthroRelief,Eta Pharma,28,1876.22,Sell-in,T026
2024-11-01,OUT00070,Independent Pharmacy,Upper Egypt,P0004,PainFree,Delta Pharma,743,82689.22,Sell-in,T022
2024-11-01,OUT00087,Chain Pharmacy,Canal,P0010,GastroEase,Kappa Pharma,567,106926.25,Sell-in,T028
2024-11-01,OUT00024,Independent Pharmacy,Alexandria,P0005,Infecto,Epsilon Pharma,741,86693.78,Sell-in,T022
2024-11-01,OUT00035,Independent Pharmacy,Alexandria,P0003,Respira,Gamma Pharma,254,30107.88,Sell-in,T030
2024-11-01,OUT00079,Clinic,Alexandria,P0005,Infecto,Epsilon Pharma,722,129745.02,Sell-in,T014
2024-11-01,OUT00118,Clinic,Upper Egypt,P0004,PainFree,Delta Pharma,220,6623.82,Sell-in,T023
2024-11-01,OUT00099,Clinic,Giza,P0002,GlucoMax,Beta Pharma,690,98757.17,Sell-in,T025
2024-11-01,OUT00029,Hospital,Alexandria,P0008,Dermacare,Theta Pharma,778,49624.32,Sell-in,T013
2024-11-01,OUT00019,Hospital,Upper Egypt,P0008,Dermacare,Theta Pharma,740,120942.48,Sell-in,T011
2024-11-01,OUT00041,Clinic,Canal,P0008,Dermacare,Theta Pharma,802,60192.17,Sell-in,T024
2024-11-01,OUT00106,Chain Pharmacy,Canal,P0001,CardioSafe,Alpha Pharma,170,9708.27,Sell-in,T018
2024-11-01,OUT00085,Independent Pharmacy,Cairo,P0009,LipiControl,Iota Pharma,184,33756.96,Sell-in,T029
2024-11-01,OUT00074,Clinic,Giza,P0007,ArthroRelief,Eta Pharma,374,52884.26,Sell-in,T004
2024-11-01,OUT00002,Chain Pharmacy,Cairo,P0004,PainFree,Delta Pharma,475,83015.73,Sell-in,T028
2024-11-01,OUT00010,Hospital,Canal,P0007,ArthroRelief,Eta Pharma,889,64098.8,Sell-in,T018
2024-11-01,OUT00038,Hospital,Upper Egypt,P0007,ArthroRelief,Eta Pharma,754,110273.37,Sell-in,T027
2024-11-01,OUT00113,Hospital,Delta,P0001,CardioSafe,Alpha Pharma,598,112636.53,Sell-in,T024
2024-11-01,OUT00084,Clinic,Delta,P0003,Respira,Gamma Pharma,635,119085.24,Sell-in,T017
2024-11-01,OUT00043,Hospital,Giza,P0006,NeuroCalm,Zeta Pharma,765,143080.96,Sell-in,T005
2024-11-01,OUT00065,Clinic,Delta,P0002,GlucoMax,Beta Pharma,730,102427.64,Sell-in,T019
2024-11-01,OUT00047,Hospital,Upper Egypt,P0010,GastroEase,Kappa Pharma,24,1522.99,Sell-in,T025
2024-11-01,OUT00048,Chain Pharmacy,Upper Egypt,P0009,LipiControl,Iota Pharma,190,34997.52,Sell-in,T030
2024-11-01,OUT00031,Chain Pharmacy,Alexandria,P0001,CardioSafe,Alpha Pharma,702,41023.68,Sell-in,T027
2024-11-01,OUT00055,Clinic,Canal,P0003,Respira,Gamma Pharma,817,119909.36,Sell-in,T010
2024-11-01,OUT00026,Independent Pharmacy,Giza,P0002,GlucoMax,Beta Pharma,356,50726.63,Sell-in,T016
2024-11-01,OUT00058,Clinic,Canal,P0005,Infecto,Epsilon Pharma,440,21206.47,Sell-in,T021
2024-11-01,OUT00021,Independent Pharmacy,Canal,P0002,GlucoMax,Beta Pharma,394,47146.32,Sell-in,T011
2024-11-01,OUT00033,Clinic,Alexandria,P0005,Infecto,Epsilon Pharma,130,19282.93,Sell-in,T028
2024-11-01,OUT00053,Independent Pharmacy,Canal,P0005,Infecto,Epsilon Pharma,660,26232.09,Sell-in,T026
2024-11-01,OUT00061,Chain Pharmacy,Upper Egypt,P0007,ArthroRelief,Eta Pharma,857,142582.79,Sell-in,T026
2024-11-01,OUT00037,Hospital,Giza,P0010,GastroEase,Kappa Pharma,267,33092.66,Sell-in,T012
2024-11-01,OUT00100,Independent Pharmacy,Canal,P0004,PainFree,Delta Pharma,627,115002.39,Sell-in,T002
2024-11-01,OUT00062,Clinic,Giza,P0001,CardioSafe,Alpha Pharma,786,78748.01,Sell-in,T016
2024-11-01,OUT00091,Chain Pharmacy,Delta,P0007,ArthroRelief,Eta Pharma,279,17539.2,Sell-in,T030
2024-11-01,OUT00101,Chain Pharmacy,Canal,P0009,LipiControl,Iota Pharma,578,19700.89,Sell-in,T007
2024-11-01,OUT00027,Clinic,Giza,P0006,NeuroCalm,Zeta Pharma,554,32549.75,Sell-in,T029
2024-11-01,OUT00068,Independent Pharmacy,Upper Egypt,P0009,LipiControl,Iota Pharma,442,78984.81,Sell-in,T017
2024-11-01,OUT00028,Chain Pharmacy,Giza,P0009,LipiControl,Iota Pharma,723,46113.98,Sell-in,T003
2024-11-01,OUT00016,Independent Pharmacy,Alexandria,P0006,NeuroCalm,Zeta Pharma,743,104512.5,Sell-in,T005
2024-11-01,OUT00018,Hospital,Delta,P0001,CardioSafe,Alpha Pharma,757,23783.94,Sell-in,T024
2024-11-01,OUT00001,Chain Pharmacy,Delta,P0007,ArthroRelief,Eta Pharma,250,46982.05,Sell-in,T027
2024-11-01,OUT00090,Independent Pharmacy,Delta,P0007,ArthroRelief,Eta Pharma,166,28479.08,Sell-in,T023
2024-11-01,OUT00119,Chain Pharmacy,Canal,P0001,CardioSafe,Alpha Pharma,50,6877.24,Sell-in,T004
2024-12-01,OUT00044,Independent Pharmacy,Cairo,P0006,NeuroCalm,Zeta Pharma,828,127880.13,Sell-in,T029
2024-12-01,OUT00020,Clinic,Cairo,P0006,NeuroCalm,Zeta Pharma,42,2894.91,Sell-in,T028
2024-12-01,OUT00071,Independent Pharmacy,Cairo,P0003,Respira,Gamma Pharma,893,70660.38,Sell-in,T015
2024-12-01,OUT00117,Clinic,Delta,P0007,ArthroRelief,Eta Pharma,80,12410.98,Sell-in,T013
2024-12-01,OUT00028,Independent Pharmacy,Alexandria,P0010,GastroEase,Kappa Pharma,144,12021.56,Sell-in,T029
2024-12-01,OUT00066,Clinic,Alexandria,P0007,ArthroRelief,Eta Pharma,745,36542.37,Sell-in,T027
2024-12-01,OUT00005,Clinic,Alexandria,P0007,ArthroRelief,Eta Pharma,110,15168.68,Sell-in,T030
2024-12-01,OUT00003,Chain Pharmacy,Delta,P0002,GlucoMax,Beta Pharma,262,15835.53,Sell-in,T004
2024-12-01,OUT00077,Chain Pharmacy,Canal,P0003,Respira,Gamma Pharma,775,59122.23,Sell-in,T019
2024-12-01,OUT00057,Independent Pharmacy,Delta,P0003,Respira,Gamma Pharma,581,27875.12,Sell-in,T023
2024-12-01,OUT00089,Independent Pharmacy,Upper Egypt,P0006,NeuroCalm,Zeta Pharma,155,14748.95,Sell-in,T005
2024-12-01,OUT00029,Chain Pharmacy,Delta,P0007,ArthroRelief,Eta Pharma,527,74397.09,Sell-in,T025
2024-12-01,OUT00025,Independent Pharmacy,Upper Egypt,P0002,GlucoMax,Beta Pharma,284,49451.75,Sell-in,T017
2024-12-01,OUT00095,Independent Pharmacy,Canal,P0008,Dermacare,Theta Pharma,169,31725.81,Sell-in,T025
2024-12-01,OUT00108,Chain Pharmacy,Alexandria,P0003,Respira,Gamma Pharma,704,80881.47,Sell-in,T011
2024-12-01,OUT00045,Chain Pharmacy,Alexandria,P0009,LipiControl,Iota Pharma,363,68893.83,Sell-in,T017
2024-12-01,OUT00004,Clinic,Alexandria,P0008,Dermacare,Theta Pharma,766,109514.81,Sell-in,T001
2024-12-01,OUT00118,Chain Pharmacy,Canal,P0007,ArthroRelief,Eta Pharma,602,98405.25,Sell-in,T013
2024-12-01,OUT00012,Independent Pharmacy,Canal,P0010,GastroEase,Kappa Pharma,744,105768.53,Sell-in,T013
2024-12-01,OUT00076,Independent Pharmacy,Canal,P0001,CardioSafe,Alpha Pharma,460,45252.46,Sell-in,T016
2024-12-01,OUT00107,Chain Pharmacy,Canal,P0002,GlucoMax,Beta Pharma,808,93817.24,Sell-in,T005
2024-12-01,OUT00073,Clinic,Alexandria,P0010,GastroEase,Kappa Pharma,669,50090.73,Sell-in,T020
2024-12-01,OUT00084,Chain Pharmacy,Upper Egypt,P0004,PainFree,Delta Pharma,799,138988.81,Sell-in,T004
2024-12-01,OUT00033,Independent Pharmacy,Alexandria,P0006,NeuroCalm,Zeta Pharma,305,23463.84,Sell-in,T014
2024-12-01,OUT00052,Hospital,Canal,P0004,PainFree,Delta Pharma,191,6629.82,Sell-in,T023
2024-12-01,OUT00097,Hospital,Canal,P0010,GastroEase,Kappa Pharma,716,121721.49,Sell-in,T015
2024-12-01,OUT00043,Clinic,Canal,P0002,GlucoMax,Beta Pharma,457,26126.21,Sell-in,T016
2024-12-01,OUT00092,Independent Pharmacy,Canal,P0003,Respira,Gamma Pharma,846,137027.07,Sell-in,T025
2024-12-01,OUT00103,Chain Pharmacy,Cairo,P0010,GastroEase,Kappa Pharma,116,14209.78,Sell-in,T020
2024-12-01,OUT00096,Clinic,Giza,P0010,GastroEase,Kappa Pharma,96,8077.25,Sell-in,T008
2024-12-01,OUT00059,Hospital,Upper Egypt,P0009,LipiControl,Iota Pharma,547,49838.85,Sell-in,T029
2024-12-01,OUT00014,Hospital,Giza,P0007,ArthroRelief,Eta Pharma,642,74521.92,Sell-in,T009
2024-12-01,OUT00072,Independent Pharmacy,Giza,P0003,Respira,Gamma Pharma,839,124497.84,Sell-in,T019
2024-12-01,OUT00090,Independent Pharmacy,Canal,P0008,Dermacare,Theta Pharma,38,3637.23,Sell-in,T014
2024-12-01,OUT00100,Chain Pharmacy,Upper Egypt,P0001,CardioSafe,Alpha Pharma,141,8298.98,Sell-in,T006
2024-12-01,OUT00112,Independent Pharmacy,Upper Egypt,P0008,Dermacare,Theta Pharma,890,77506.17,Sell-in,T006
2024-12-01,OUT00008,Chain Pharmacy,Giza,P0007,ArthroRelief,Eta Pharma,616,58670.73,Sell-in,T023
2024-12-01,OUT00120,Chain Pharmacy,Canal,P0008,Dermacare,Theta Pharma,504,92468.34,Sell-in,T017
2024-12-01,OUT00085,Hospital,Upper Egypt,P0009,LipiControl,Iota Pharma,210,28784.89,Sell-in,T004
2024-12-01,OUT00075,Independent Pharmacy,Canal,P0007,ArthroRelief,Eta Pharma,195,7344.55,Sell-in,T019
2024-12-01,OUT00042,Independent Pharmacy,Canal,P0002,GlucoMax,Beta Pharma,600,113725.14,Sell-in,T009
2024-12-01,OUT00119,Independent Pharmacy,Upper Egypt,P0008,Dermacare,Theta Pharma,380,31655.22,Sell-in,T029
2024-12-01,OUT00104,Independent Pharmacy,Giza,P0003,Respira,Gamma Pharma,527,63377.24,Sell-in,T013
2024-12-01,OUT00082,Hospital,Canal,P0004,PainFree,Delta Pharma,376,49628.8,Sell-in,T027
2024-12-01,OUT00065,Clinic,Delta,P0004,PainFree,Delta Pharma,132,23944.7,Sell-in,T018
2024-12-01,OUT00086,Hospital,Alexandria,P0002,GlucoMax,Beta Pharma,29,3762.07,Sell-in,T018
2024-12-01,OUT00053,Clinic,Delta,P0008,Dermacare,Theta Pharma,423,60017.89,Sell-in,T012
2024-12-01,OUT00088,Chain Pharmacy,Canal,P0008,Dermacare,Theta Pharma,553,89845.9,Sell-in,T009
2024-12-01,OUT00039,Chain Pharmacy,Upper Egypt,P0001,CardioSafe,Alpha Pharma,446,78223.25,Sell-in,T001
2024-12-01,OUT00011,Clinic,Upper Egypt,P0010,GastroEase,Kappa Pharma,196,11126.28,Sell-in,T014
2024-12-01,OUT00063,Chain Pharmacy,Upper Egypt,P0004,PainFree,Delta Pharma,689,119559.26,Sell-in,T018
2024-12-01,OUT00048,Hospital,Upper Egypt,P0002,GlucoMax,Beta Pharma,298,10853.42,Sell-in,T025
2024-12-01,OUT00027,Chain Pharmacy,Giza,P0006,NeuroCalm,Zeta Pharma,509,78222.94,Sell-in,T026
2024-12-01,OUT00024,Hospital,Canal,P0005,Infecto,Epsilon Pharma,328,38732.83,Sell-in,T014
2024-12-01,OUT00116,Chain Pharmacy,Upper Egypt,P0007,ArthroRelief,Eta Pharma,190,26206.69,Sell-in,T019
2024-12-01,OUT00091,Chain Pharmacy,Giza,P0002,GlucoMax,Beta Pharma,837,132301.75,Sell-in,T016
2024-12-01,OUT00016,Chain Pharmacy,Canal,P0002,GlucoMax,Beta Pharma,348,24144.16,Sell-in,T004
2024-12-01,OUT00093,Hospital,Canal,P0004,PainFree,Delta Pharma,394,42855.55,Sell-in,T017
2024-12-01,OUT00037,Independent Pharmacy,Giza,P0008,Dermacare,Theta Pharma,889,42446.65,Sell-in,T002
2024-12-01,OUT00026,Chain Pharmacy,Delta,P0004,PainFree,Delta Pharma,268,7960.95,Sell-in,T014
2024-12-01,OUT00098,Clinic,Cairo,P0003,Respira,Gamma Pharma,818,48792.11,Sell-in,T009
2024-12-01,OUT00022,Independent Pharmacy,Delta,P0006,NeuroCalm,Zeta Pharma,720,21725.71,Sell-in,T014
2024-12-01,OUT00094,Hospital,Cairo,P0010,GastroEase,Kappa Pharma,262,15235.35,Sell-in,T020
2024-12-01,OUT00021,Clinic,Upper Egypt,P0001,CardioSafe,Alpha Pharma,509,72852.16,Sell-in,T013
2024-12-01,OUT00013,Clinic,Upper Egypt,P0005,Infecto,Epsilon Pharma,395,35396.83,Sell-in,T015
2024-12-01,OUT00046,Clinic,Cairo,P0001,CardioSafe,Alpha Pharma,359,18551.81,Sell-in,T012
2024-12-01,OUT00018,Independent Pharmacy,Alexandria,P0005,Infecto,Epsilon Pharma,522,63250.25,Sell-in,T004
2024-12-01,OUT00040,Hospital,Delta,P0010,GastroEase,Kappa Pharma,852,100552.34,Sell-in,T016
2024-12-01,OUT00064,Independent Pharmacy,Canal,P0003,Respira,Gamma Pharma,790,78859.81,Sell-in,T025
2024-12-01,OUT00099,Clinic,Canal,P0004,PainFree,Delta Pharma,26,4206.91,Sell-in,T025
2024-12-01,OUT00001,Clinic,Cairo,P0004,PainFree,Delta Pharma,719,131183.99,Sell-in,T019
2024-12-01,OUT00035,Hospital,Canal,P0008,Dermacare,Theta Pharma,665,53446.37,Sell-in,T009
2024-12-01,OUT00019,Chain Pharmacy,Giza,P0002,GlucoMax,Beta Pharma,173,32774.2,Sell-in,T008
2024-12-01,OUT00010,Hospital,Upper Egypt,P0005,Infecto,Epsilon Pharma,845,69525.83,Sell-in,T015
2024-12-01,OUT00036,Clinic,Canal,P0010,GastroEase,Kappa Pharma,531,96776.62,Sell-in,T028
2024-12-01,OUT00038,Hospital,Canal,P0003,Respira,Gamma Pharma,43,7849.51,Sell-in,T010
2024-12-01,OUT00031,Clinic,Cairo,P0006,NeuroCalm,Zeta Pharma,318,13580.27,Sell-in,T025
2024-12-01,OUT00109,Chain Pharmacy,Canal,P0006,NeuroCalm,Zeta Pharma,791,104708.68,Sell-in,T002
2024-12-01,OUT00032,Clinic,Cairo,P0009,LipiControl,Iota Pharma,139,4385.42,Sell-in,T028
2024-12-01,OUT00023,Hospital,Alexandria,P0002,GlucoMax,Beta Pharma,390,48698.4,Sell-in,T030
2025-01-01,OUT00053,Clinic,Alexandria,P0001,CardioSafe,Alpha Pharma,781,42206.43,Sell-in,T024
2025-01-01,OUT00058,Clinic,Cairo,P0004,PainFree,Delta Pharma,581,23172.67,Sell-in,T005
2025-01-01,OUT00091,Chain Pharmacy,Upper Egypt,P0003,Respira,Gamma Pharma,415,75105.26,Sell-in,T015
2025-01-01,OUT00079,Clinic,Giza,P0006,NeuroCalm,Zeta Pharma,528,13249.58,Sell-in,T003
2025-01-01,OUT00093,Clinic,Giza,P0006,NeuroCalm,Zeta Pharma,806,141947.61,Sell-in,T007
2025-01-01,OUT00117,Chain Pharmacy,Alexandria,P0010,GastroEase,Kappa Pharma,513,18683.64,Sell-in,T004
2025-01-01,OUT00064,Hospital,Cairo,P0007,ArthroRelief,Eta Pharma,764,72410.89,Sell-in,T012
2025-01-01,OUT00060,Hospital,Delta,P0004,PainFree,Delta Pharma,191,34290.98,Sell-in,T003
2025-01-01,OUT00010,Chain Pharmacy,Canal,P0001,CardioSafe,Alpha Pharma,43,8151.43,Sell-in,T012
2025-01-01,OUT00074,Independent Pharmacy,Alexandria,P0003,Respira,Gamma Pharma,854,41714.37,Sell-in,T029
2025-01-01,OUT00119,Chain Pharmacy,Cairo,P0004,PainFree,Delta Pharma,461,25682.35,Sell-in,T030
2025-01-01,OUT00034,Independent Pharmacy,Delta,P0002,GlucoMax,Beta Pharma,892,112198.19,Sell-in,T001
2025-01-01,OUT00030,Chain Pharmacy,Cairo,P0003,Respira,Gamma Pharma,815,144189.44,Sell-in,T006
2025-01-01,OUT00109,Independent Pharmacy,Canal,P0007,ArthroRelief,Eta Pharma,790,44606.71,Sell-in,T013
2025-01-01,OUT00118,Chain Pharmacy,Delta,P0002,GlucoMax,Beta Pharma,162,7677.41,Sell-in,T010
2025-01-01,OUT00070,Clinic,Cairo,P0003,Respira,Gamma Pharma,182,25854.12,Sell-in,T020
2025-01-01,OUT00078,Chain Pharmacy,Canal,P0003,Respira,Gamma Pharma,113,3158.78,Sell-in,T015
2025-01-01,OUT00040,Hospital,Alexandria,P0002,GlucoMax,Beta Pharma,686,108281.82,Sell-in,T016
2025-01-01,OUT00085,Hospital,Cairo,P0001,CardioSafe,Alpha Pharma,882,54026.7,Sell-in,T029
2025-01-01,OUT00035,Clinic,Canal,P0001,CardioSafe,Alpha Pharma,123,5097.45,Sell-in,T018
2025-01-01,OUT00036,Independent Pharmacy,Upper Egypt,P0005,Infecto,Epsilon Pharma,891,160506.95,Sell-in,T023
2025-01-01,OUT00061,Hospital,Delta,P0010,GastroEase,Kappa Pharma,185,5091.49,Sell-in,T006
2025-01-01,OUT00023,Independent Pharmacy,Canal,P0009,LipiControl,Iota Pharma,212,16237.77,Sell-in,T013
2025-01-01,OUT00102,Clinic,Giza,P0006,NeuroCalm,Zeta Pharma,318,43146.18,Sell-in,T026
2025-01-01,OUT00081,Chain Pharmacy,Alexandria,P0003,Respira,Gamma Pharma,346,11020.05,Sell-in,T006
2025-01-01,OUT00029,Chain Pharmacy,Delta,P0010,GastroEase,Kappa Pharma,294,46814.64,Sell-in,T027
2025-01-01,OUT00007,Clinic,Canal,P0001,CardioSafe,Alpha Pharma,479,35580.29,Sell-in,T011
2025-01-01,OUT00096,Chain Pharmacy,Delta,P0003,Respira,Gamma Pharma,299,11222.79,Sell-in,T024
2025-01-01,OUT00115,Hospital,Upper Egypt,P0007,ArthroRelief,Eta Pharma,721,128544.15,Sell-in,T002
2025-01-01,OUT00052,Clinic,Alexandria,P0001,CardioSafe,Alpha Pharma,836,54666.39,Sell-in,T008
2025-01-01,OUT00037,Clinic,Delta,P0003,Respira,Gamma Pharma,39,5011.75,Sell-in,T016
2025-01-01,OUT00056,Independent Pharmacy,Cairo,P0002,GlucoMax,Beta Pharma,696,81016.64,Sell-in,T017
2025-01-01,OUT00090,Independent Pharmacy,Upper Egypt,P0003,Respira,Gamma Pharma,831,125363.26,Sell-in,T022
2025-01-01,OUT00042,Chain Pharmacy,Cairo,P0002,GlucoMax,Beta Pharma,65,3426.92,Sell-in,T007
2025-01-01,OUT00072,Hospital,Upper Egypt,P0001,CardioSafe,Alpha Pharma,262,29247.83,Sell-in,T006
2025-01-01,OUT00032,Chain Pharmacy,Delta,P0006,NeuroCalm,Zeta Pharma,690,122151.07,Sell-in,T010
2025-01-01,OUT00024,Chain Pharmacy,Canal,P0010,GastroEase,Kappa Pharma,389,73125.39,Sell-in,T027
2025-01-01,OUT00046,Clinic,Delta,P0003,Respira,Gamma Pharma,783,122986.16,Sell-in,T010
2025-01-01,OUT00099,Independent Pharmacy,Cairo,P0010,GastroEase,Kappa Pharma,695,60485.58,Sell-in,T026
2025-01-01,OUT00068,Chain Pharmacy,Cairo,P0010,GastroEase,Kappa Pharma,656,64426.22,Sell-in,T007
2025-01-01,OUT00088,Clinic,Upper Egypt,P0005,Infecto,Epsilon Pharma,566,106069.23,Sell-in,T024
2025-01-01,OUT00057,Clinic,Giza,P0008,Dermacare,Theta Pharma,561,102610.53,Sell-in,T014
2025-01-01,OUT00094,Hospital,Cairo,P0006,NeuroCalm,Zeta Pharma,684,91942.05,Sell-in,T017
2025-01-01,OUT00073,Hospital,Cairo,P0004,PainFree,Delta Pharma,77,8898.66,Sell-in,T021
2025-01-01,OUT00075,Clinic,Giza,P0009,LipiControl,Iota Pharma,308,49812.07,Sell-in,T004
2025-01-01,OUT00097,Chain Pharmacy,Cairo,P0007,ArthroRelief,Eta Pharma,178,24571.38,Sell-in,T016
2025-01-01,OUT00077,Independent Pharmacy,Delta,P0003,Respira,Gamma Pharma,437,21336.22,Sell-in,T004
2025-01-01,OUT00001,Independent Pharmacy,Alexandria,P0008,Dermacare,Theta Pharma,560,32085.42,Sell-in,T005
2025-01-01,OUT00025,Clinic,Giza,P0009,LipiControl,Iota Pharma,311,22503.82,Sell-in,T009
2025-01-01,OUT00113,Chain Pharmacy,Cairo,P0009,LipiControl,Iota Pharma,124,8083.61,Sell-in,T028
2025-01-01,OUT00004,Chain Pharmacy,Upper Egypt,P0008,Dermacare,Theta Pharma,220,32511.98,Sell-in,T004
2025-01-01,OUT00111,Independent Pharmacy,Delta,P0001,CardioSafe,Alpha Pharma,552,20073.02,Sell-in,T021
2025-01-01,OUT00033,Independent Pharmacy,Alexandria,P0006,NeuroCalm,Zeta Pharma,617,81767.3,Sell-in,T002
2025-01-01,OUT00045,Hospital,Giza,P0004,PainFree,Delta Pharma,528,34934.41,Sell-in,T010
2025-01-01,OUT00084,Independent Pharmacy,Delta,P0005,Infecto,Epsilon Pharma,77,11564.61,Sell-in,T008
2025-01-01,OUT00049,Independent Pharmacy,Cairo,P0003,Respira,Gamma Pharma,229,9445.66,Sell-in,T013
2025-01-01,OUT00018,Clinic,Alexandria,P0005,Infecto,Epsilon Pharma,671,71903.38,Sell-in,T027
2025-01-01,OUT00100,Chain Pharmacy,Cairo,P0003,Respira,Gamma Pharma,125,5534.91,Sell-in,T008
2025-01-01,OUT00019,Clinic,Canal,P0010,GastroEase,Kappa Pharma,567,15481.73,Sell-in,T008
2025-01-01,OUT00065,Hospital,Cairo,P0010,GastroEase,Kappa Pharma,436,37161.46,Sell-in,T006
2025-01-01,OUT00013,Hospital,Giza,P0010,GastroEase,Kappa Pharma,897,141188.62,Sell-in,T022
2025-01-01,OUT00063,Hospital,Upper Egypt,P0010,GastroEase,Kappa Pharma,676,90083.21,Sell-in,T005
2025-01-01,OUT00107,Hospital,Alexandria,P0002,GlucoMax,Beta Pharma,820,91538.84,Sell-in,T021
2025-01-01,OUT00012,Chain Pharmacy,Giza,P0007,ArthroRelief,Eta Pharma,97,11837.02,Sell-in,T004
2025-01-01,OUT00092,Hospital,Upper Egypt,P0004,PainFree,Delta Pharma,854,91111.33,Sell-in,T024
2025-01-01,OUT00059,Independent Pharmacy,Giza,P0004,PainFree,Delta Pharma,756,29717.41,Sell-in,T019
2025-01-01,OUT00017,Chain Pharmacy,Alexandria,P0004,PainFree,Delta Pharma,236,34538.94,Sell-in,T003
2025-01-01,OUT00002,Chain Pharmacy,Upper Egypt,P0002,GlucoMax,Beta Pharma,333,22513.03,Sell-in,T018
2025-01-01,OUT00089,Clinic,Delta,P0009,LipiControl,Iota Pharma,381,30574.59,Sell-in,T013
2025-01-01,OUT00116,Hospital,Canal,P0009,LipiControl,Iota Pharma,886,156408.92,Sell-in,T029
2025-01-01,OUT00062,Chain Pharmacy,Upper Egypt,P0006,NeuroCalm,Zeta Pharma,492,20430.43,Sell-in,T021
2025-01-01,OUT00105,Chain Pharmacy,Upper Egypt,P0009,LipiControl,Iota Pharma,292,35279.84,Sell-in,T012
2025-01-01,OUT00016,Clinic,Upper Egypt,P0010,GastroEase,Kappa Pharma,789,130219.25,Sell-in,T017
2025-01-01,OUT00112,Hospital,Cairo,P0001,CardioSafe,Alpha Pharma,712,45709.75,Sell-in,T002
2025-01-01,OUT00104,Chain Pharmacy,Canal,P0006,NeuroCalm,Zeta Pharma,790,127426.63,Sell-in,T021
2025-01-01,OUT00095,Clinic,Giza,P0008,Dermacare,Theta Pharma,416,21177.0,Sell-in,T019
2025-01-01,OUT00048,Chain Pharmacy,Upper Egypt,P0005,Infecto,Epsilon Pharma,117,12548.67,Sell-in,T012
2025-01-01,OUT00044,Hospital,Upper Egypt,P0007,ArthroRelief,Eta Pharma,733,97653.79,Sell-in,T030
2025-01-01,OUT00043,Clinic,Cairo,P0003,Respira,Gamma Pharma,34,2515.11,Sell-in,T004
2025-01-01,OUT00087,Hospital,Giza,P0004,PainFree,Delta Pharma,109,6158.07,Sell-in,T010
2025-02-01,OUT00055,Independent Pharmacy,Upper Egypt,P0009,LipiControl,Iota Pharma,110,20128.63,Sell-in,T002
2025-02-01,OUT00091,Independent Pharmacy,Giza,P0010,GastroEase,Kappa Pharma,45,7375.09,Sell-in,T029
2025-02-01,OUT00020,Clinic,Alexandria,P0008,Dermacare,Theta Pharma,549,30404.74,Sell-in,T021
2025-02-01,OUT00030,Clinic,Giza,P0008,Dermacare,Theta Pharma,161,9836.07,Sell-in,T022
2025-02-01,OUT00079,Independent Pharmacy,Giza,P0008,Dermacare,Theta Pharma,536,64519.97,Sell-in,T014
2025-02-01,OUT00002,Chain Pharmacy,Alexandria,P0004,PainFree,Delta Pharma,355,32620.74,Sell-in,T020
2025-02-01,OUT00047,Chain Pharmacy,Alexandria,P0003,Respira,Gamma Pharma,170,26192.28,Sell-in,T018
2025-02-01,OUT00027,Chain Pharmacy,Cairo,P0003,Respira,Gamma Pharma,373,37677.09,Sell-in,T015
2025-02-01,OUT00098,Chain Pharmacy,Upper Egypt,P0002,GlucoMax,Beta Pharma,535,70673.69,Sell-in,T030
2025-02-01,OUT00105,Hospital,Alexandria,P0006,NeuroCalm,Zeta Pharma,330,61194.8,Sell-in,T012
2025-02-01,OUT00070,Chain Pharmacy,Giza,P0005,Infecto,Epsilon Pharma,682,33800.21,Sell-in,T023
2025-02-01,OUT00014,Clinic,Canal,P0003,Respira,Gamma Pharma,893,85027.04,Sell-in,T028
2025-02-01,OUT00080,Chain Pharmacy,Canal,P0003,Respira,Gamma Pharma,805,111069.77,Sell-in,T012
2025-02-01,OUT00022,Chain Pharmacy,Giza,P0009,LipiControl,Iota Pharma,807,49907.03,Sell-in,T011
2025-02-01,OUT00010,Hospital,Giza,P0008,Dermacare,Theta Pharma,552,71515.46,Sell-in,T001
2025-02-01,OUT00083,Clinic,Giza,P0010,GastroEase,Kappa Pharma,826,127250.5,Sell-in,T022
2025-02-01,OUT00044,Independent Pharmacy,Delta,P0004,PainFree,Delta Pharma,293,12122.11,Sell-in,T007
2025-02-01,OUT00116,Independent Pharmacy,Delta,P0003,Respira,Gamma Pharma,576,109232.41,Sell-in,T002
2025-02-01,OUT00092,Clinic,Giza,P0006,NeuroCalm,Zeta Pharma,300,52317.09,Sell-in,T005
2025-02-01,OUT00102,Clinic,Cairo,P0007,ArthroRelief,Eta Pharma,731,132052.42,Sell-in,T006
2025-02-01,OUT00052,Clinic,Cairo,P0009,LipiControl,Iota Pharma,834,74384.93,Sell-in,T003
2025-02-01,OUT00075,Clinic,Upper Egypt,P0007,ArthroRelief,Eta Pharma,596,59047.51,Sell-in,T009
2025-02-01,OUT00049,Clinic,Alexandria,P0002,GlucoMax,Beta Pharma,483,20857.12,Sell-in,T017
2025-02-01,OUT00068,Independent Pharmacy,Alexandria,P0005,Infecto,Epsilon Pharma,494,45871.49,Sell-in,T018
2025-02-01,OUT00035,Clinic,Delta,P0008,Dermacare,Theta Pharma,125,22447.02,Sell-in,T012
2025-02-01,OUT00037,Clinic,Canal,P0009,LipiControl,Iota Pharma,269,31498.73,Sell-in,T005
2025-02-01,OUT00016,Chain Pharmacy,Delta,P0003,Respira,Gamma Pharma,340,52010.7,Sell-in,T013
2025-02-01,OUT00023,Hospital,Alexandria,P0003,Respira,Gamma Pharma,721,126984.05,Sell-in,T002
2025-02-01,OUT00050,Independent Pharmacy,Canal,P0007,ArthroRelief,Eta Pharma,49,3140.08,Sell-in,T025
2025-02-01,OUT00115,Hospital,Delta,P0004,PainFree,Delta Pharma,114,5444.49,Sell-in,T002
2025-02-01,OUT00043,Clinic,Cairo,P0010,GastroEase,Kappa Pharma,303,51925.49,Sell-in,T009
2025-02-01,OUT00111,Hospital,Canal,P0004,PainFree,Delta Pharma,452,36293.46,Sell-in,T012
2025-02-01,OUT00069,Hospital,Upper Egypt,P0002,GlucoMax,Beta Pharma,670,89531.52,Sell-in,T011
2025-02-01,OUT00038,Hospital,Giza,P0001,CardioSafe,Alpha Pharma,332,40853.75,Sell-in,T025
2025-02-01,OUT00021,Clinic,Delta,P0009,LipiControl,Iota Pharma,118,15714.16,Sell-in,T021
2025-02-01,OUT00033,Hospital,Alexandria,P0001,CardioSafe,Alpha Pharma,327,28430.23,Sell-in,T023
2025-02-01,OUT00119,Hospital,Alexandria,P0001,CardioSafe,Alpha Pharma,181,20606.04,Sell-in,T007
2025-02-01,OUT00089,Clinic,Giza,P0004,PainFree,Delta Pharma,295,24783.39,Sell-in,T008
2025-02-01,OUT00046,Chain Pharmacy,Canal,P0003,Respira,Gamma Pharma,433,16300.11,Sell-in,T008
2025-02-01,OUT00060,Independent Pharmacy,Giza,P0006,NeuroCalm,Zeta Pharma,853,58453.72,Sell-in,T022
2025-02-01,OUT00110,Hospital,Canal,P0003,Respira,Gamma Pharma,68,9394.84,Sell-in,T016
2025-02-01,OUT00071,Hospital,Cairo,P0009,LipiControl,Iota Pharma,172,17607.35,Sell-in,T020
2025-02-01,OUT00094,Hospital,Cairo,P0006,NeuroCalm,Zeta Pharma,156,11237.77,Sell-in,T002
2025-02-01,OUT00024,Clinic,Cairo,P0001,CardioSafe,Alpha Pharma,489,34760.15,Sell-in,T010
2025-02-01,OUT00040,Hospital,Canal,P0007,ArthroRelief,Eta Pharma,864,126976.54,Sell-in,T001
2025-02-01,OUT00065,Hospital,Giza,P0001,CardioSafe,Alpha Pharma,377,40883.56,Sell-in,T012
2025-02-01,OUT00009,Chain Pharmacy,Alexandria,P0001,CardioSafe,Alpha Pharma,760,135996.23,Sell-in,T001
2025-02-01,OUT00113,Clinic,Delta,P0010,GastroEase,Kappa Pharma,87,6842.92,Sell-in,T001
2025-02-01,OUT00078,Independent Pharmacy,Upper Egypt,P0002,GlucoMax,Beta Pharma,42,7349.64,Sell-in,T024
2025-02-01,OUT00059,Independent Pharmacy,Alexandria,P0002,GlucoMax,Beta Pharma,358,45640.26,Sell-in,T026
2025-02-01,OUT00062,Clinic,Canal,P0007,ArthroRelief,Eta Pharma,551,45830.89,Sell-in,T030
2025-02-01,OUT00104,Clinic,Delta,P0002,GlucoMax,Beta Pharma,496,37330.57,Sell-in,T020
2025-02-01,OUT00101,Chain Pharmacy,Canal,P0004,PainFree,Delta Pharma,853,135035.09,Sell-in,T027
2025-02-01,OUT00045,Clinic,Cairo,P0005,Infecto,Epsilon Pharma,802,86147.38,Sell-in,T018
2025-02-01,OUT00001,Independent Pharmacy,Delta,P0010,GastroEase,Kappa Pharma,729,27861.77,Sell-in,T017
2025-02-01,OUT00067,Independent Pharmacy,Giza,P0003,Respira,Gamma Pharma,610,27049.3,Sell-in,T005
2025-02-01,OUT00032,Independent Pharmacy,Upper Egypt,P0004,PainFree,Delta Pharma,467,32308.76,Sell-in,T004
2025-02-01,OUT00082,Chain Pharmacy,Cairo,P0004,PainFree,Delta Pharma,148,13973.96,Sell-in,T019
2025-02-01,OUT00096,Chain Pharmacy,Giza,P0007,ArthroRelief,Eta Pharma,166,30257.86,Sell-in,T025
2025-02-01,OUT00015,Hospital,Delta,P0009,LipiControl,Iota Pharma,894,65851.54,Sell-in,T020
2025-02-01,OUT00074,Hospital,Canal,P0003,Respira,Gamma Pharma,32,3425.72,Sell-in,T020
2025-02-01,OUT00076,Hospital,Alexandria,P0009,LipiControl,Iota Pharma,584,83713.21,Sell-in,T024
2025-02-01,OUT00041,Independent Pharmacy,Alexandria,P0003,Respira,Gamma Pharma,278,44309.62,Sell-in,T021
2025-02-01,OUT00025,Hospital,Giza,P0003,Respira,Gamma Pharma,722,101152.18,Sell-in,T030
2025-02-01,OUT00034,Independent Pharmacy,Upper Egypt,P0005,Infecto,Epsilon Pharma,52,2351.82,Sell-in,T021
2025-02-01,OUT00093,Chain Pharmacy,Giza,P0001,CardioSafe,Alpha Pharma,607,23904.55,Sell-in,T005
2025-02-01,OUT00005,Independent Pharmacy,Alexandria,P0010,GastroEase,Kappa Pharma,540,93712.0,Sell-in,T017
2025-02-01,OUT00112,Clinic,Delta,P0005,Infecto,Epsilon Pharma,434,37660.43,Sell-in,T007
2025-02-01,OUT00006,Hospital,Cairo,P0005,Infecto,Epsilon Pharma,785,72625.82,Sell-in,T004
2025-02-01,OUT00012,Clinic,Canal,P0006,NeuroCalm,Zeta Pharma,858,117441.02,Sell-in,T023
2025-02-01,OUT00081,Chain Pharmacy,Giza,P0002,GlucoMax,Beta Pharma,302,40862.42,Sell-in,T002
2025-02-01,OUT00039,Clinic,Delta,P0002,GlucoMax,Beta Pharma,99,12401.98,Sell-in,T025
2025-02-01,OUT00117,Chain Pharmacy,Alexandria,P0002,GlucoMax,Beta Pharma,338,26847.99,Sell-in,T030
2025-02-01,OUT00048,Clinic,Delta,P0007,ArthroRelief,Eta Pharma,313,10663.93,Sell-in,T026
2025-02-01,OUT00058,Independent Pharmacy,Delta,P0007,ArthroRelief,Eta Pharma,93,16620.29,Sell-in,T014
2025-02-01,OUT00007,Chain Pharmacy,Canal,P0007,ArthroRelief,Eta Pharma,94,6063.72,Sell-in,T006
2025-02-01,OUT00108,Independent Pharmacy,Alexandria,P0009,LipiControl,Iota Pharma,734,84825.6,Sell-in,T021
2025-02-01,OUT00028,Chain Pharmacy,Alexandria,P0006,NeuroCalm,Zeta Pharma,561,93052.9,Sell-in,T004
2025-02-01,OUT00003,Chain Pharmacy,Giza,P0008,Dermacare,Theta Pharma,546,48938.87,Sell-in,T012
2025-02-01,OUT00029,Clinic,Giza,P0006,NeuroCalm,Zeta Pharma,813,24395.62,Sell-in,T002
2025-03-01,OUT00055,Independent Pharmacy,Canal,P0003,Respira,Gamma Pharma,260,12901.0,Sell-in,T024
2025-03-01,OUT00032,Clinic,Delta,P0010,GastroEase,Kappa Pharma,72,2975.51,Sell-in,T025
2025-03-01,OUT00089,Clinic,Upper Egypt,P0008,Dermacare,Theta Pharma,807,97597.0,Sell-in,T011
2025-03-01,OUT00096,Hospital,Canal,P0005,Infecto,Epsilon Pharma,566,40339.09,Sell-in,T026
2025-03-01,OUT00105,Chain Pharmacy,Alexandria,P0001,CardioSafe,Alpha Pharma,630,96415.06,Sell-in,T026
2025-03-01,OUT00019,Hospital,Canal,P0005,Infecto,Epsilon Pharma,237,16059.19,Sell-in,T026
2025-03-01,OUT00085,Hospital,Giza,P0002,GlucoMax,Beta Pharma,38,1654.19,Sell-in,T017
2025-03-01,OUT00082,Clinic,Upper Egypt,P0009,LipiControl,Iota Pharma,243,18965.09,Sell-in,T013
2025-03-01,OUT00061,Clinic,Cairo,P0001,CardioSafe,Alpha Pharma,624,21151.6,Sell-in,T007
2025-03-01,OUT00050,Chain Pharmacy,Delta,P0002,GlucoMax,Beta Pharma,73,10560.55,Sell-in,T026
2025-03-01,OUT00106,Clinic,Giza,P0008,Dermacare,Theta Pharma,242,45089.44,Sell-in,T007
2025-03-01,OUT00071,Hospital,Canal,P0009,LipiControl,Iota Pharma,419,50729.73,Sell-in,T025
2025-03-01,OUT00046,Clinic,Alexandria,P0003,Respira,Gamma Pharma,746,29636.45,Sell-in,T009
2025-03-01,OUT00107,Hospital,Alexandria,P0001,CardioSafe,Alpha Pharma,814,39972.45,Sell-in,T027
2025-03-01,OUT00035,Hospital,Cairo,P0001,CardioSafe,Alpha Pharma,350,12617.82,Sell-in,T022
2025-03-01,OUT00011,Clinic,Upper Egypt,P0002,GlucoMax,Beta Pharma,463,25332.33,Sell-in,T004
2025-03-01,OUT00079,Hospital,Alexandria,P0009,LipiControl,Iota Pharma,296,56208.1,Sell-in,T002
2025-03-01,OUT00073,Hospital,Upper Egypt,P0005,Infecto,Epsilon Pharma,81,5294.13,Sell-in,T005
2025-03-01,OUT00070,Hospital,Alexandria,P0003,Respira,Gamma Pharma,281,49348.78,Sell-in,T025
2025-03-01,OUT00027,Clinic,Alexandria,P0001,CardioSafe,Alpha Pharma,880,131652.81,Sell-in,T015
2025-03-01,OUT00110,Hospital,Upper Egypt,P0003,Respira,Gamma Pharma,446,57173.41,Sell-in,T004
2025-03-01,OUT00064,Independent Pharmacy,Upper Egypt,P0009,LipiControl,Iota Pharma,883,122734.78,Sell-in,T005
2025-03-01,OUT00101,Independent Pharmacy,Alexandria,P0003,Respira,Gamma Pharma,463,30793.72,Sell-in,T017
2025-03-01,OUT00083,Hospital,Alexandria,P0002,GlucoMax,Beta Pharma,207,31543.66,Sell-in,T020
2025-03-01,OUT00048,Hospital,Delta,P0007,ArthroRelief,Eta Pharma,149,19687.85,Sell-in,T010
2025-03-01,OUT00013,Independent Pharmacy,Cairo,P0007,ArthroRelief,Eta Pharma,342,30321.19,Sell-in,T001
2025-03-01,OUT00081,Chain Pharmacy,Giza,P0004,PainFree,Delta Pharma,144,19650.66,Sell-in,T011
2025-03-01,OUT00060,Chain Pharmacy,Upper Egypt,P0001,CardioSafe,Alpha Pharma,382,51337.73,Sell-in,T003
2025-03-01,OUT00113,Hospital,Upper Egypt,P0004,PainFree,Delta Pharma,479,46316.42,Sell-in,T006
2025-03-01,OUT00034,Hospital,Giza,P0005,Infecto,Epsilon Pharma,433,55662.72,Sell-in,T009
2025-03-01,OUT00072,Independent Pharmacy,Delta,P0004,PainFree,Delta Pharma,271,25675.54,Sell-in,T012
2025-03-01,OUT00049,Clinic,Giza,P0008,Dermacare,Theta Pharma,83,10442.52,Sell-in,T029
2025-03-01,OUT00091,Independent Pharmacy,Delta,P0004,PainFree,Delta Pharma,100,15814.49,Sell-in,T019
2025-03-01,OUT00084,Independent Pharmacy,Canal,P0010,GastroEase,Kappa Pharma,122,17539.26,Sell-in,T028
2025-03-01,OUT00054,Hospital,Cairo,P0001,CardioSafe,Alpha Pharma,449,26472.18,Sell-in,T013
2025-03-01,OUT00053,Independent Pharmacy,Upper Egypt,P0010,GastroEase,Kappa Pharma,446,34709.4,Sell-in,T017
2025-03-01,OUT00045,Independent Pharmacy,Canal,P0002,GlucoMax,Beta Pharma,179,5022.49,Sell-in,T004
2025-03-01,OUT00023,Hospital,Upper Egypt,P0005,Infecto,Epsilon Pharma,752,23927.51,Sell-in,T002
2025-03-01,OUT00068,Clinic,Giza,P0006,NeuroCalm,Zeta Pharma,90,9191.63,Sell-in,T020
2025-03-01,OUT00028,Independent Pharmacy,Alexandria,P0001,CardioSafe,Alpha Pharma,591,64746.54,Sell-in,T013
2025-03-01,OUT00008,Chain Pharmacy,Alexandria,P0006,NeuroCalm,Zeta Pharma,433,72564.06,Sell-in,T025
2025-03-01,OUT00056,Clinic,Giza,P0008,Dermacare,Theta Pharma,771,96102.83,Sell-in,T022
2025-03-01,OUT00075,Independent Pharmacy,Giza,P0004,PainFree,Delta Pharma,471,30952.95,Sell-in,T002
2025-03-01,OUT00006,Chain Pharmacy,Alexandria,P0007,ArthroRelief,Eta Pharma,20,758.73,Sell-in,T004
2025-03-01,OUT00022,Clinic,Canal,P0003,Respira,Gamma Pharma,701,44247.34,Sell-in,T004
2025-03-01,OUT00109,Hospital,Canal,P0006,NeuroCalm,Zeta Pharma,830,67611.62,Sell-in,T009
2025-03-01,OUT00095,Chain Pharmacy,Giza,P0002,GlucoMax,Beta Pharma,402,15980.07,Sell-in,T016
2025-03-01,OUT00086,Chain Pharmacy,Delta,P0007,ArthroRelief,Eta Pharma,381,26241.53,Sell-in,T013
2025-03-01,OUT00094,Chain Pharmacy,Delta,P0001,CardioSafe,Alpha Pharma,413,52355.19,Sell-in,T027
2025-03-01,OUT00087,Hospital,Canal,P0005,Infecto,Epsilon Pharma,201,9048.5,Sell-in,T009
2025-03-01,OUT00007,Clinic,Delta,P0004,PainFree,Delta Pharma,643,37294.23,Sell-in,T024
2025-03-01,OUT00005,Chain Pharmacy,Cairo,P0002,GlucoMax,Beta Pharma,653,104207.69,Sell-in,T028
2025-03-01,OUT00062,Chain Pharmacy,Alexandria,P0008,Dermacare,Theta Pharma,524,19512.76,Sell-in,T021
2025-03-01,OUT00099,Hospital,Cairo,P0001,CardioSafe,Alpha Pharma,322,27762.47,Sell-in,T020
2025-03-01,OUT00065,Chain Pharmacy,Cairo,P0001,CardioSafe,Alpha Pharma,831,70413.64,Sell-in,T004
2025-03-01,OUT00021,Clinic,Giza,P0005,Infecto,Epsilon Pharma,143,11779.16,Sell-in,T029
2025-03-01,OUT00044,Independent Pharmacy,Delta,P0002,GlucoMax,Beta Pharma,610,52866.52,Sell-in,T010
2025-03-01,OUT00030,Hospital,Giza,P0009,LipiControl,Iota Pharma,476,68103.08,Sell-in,T012
2025-03-01,OUT00058,Clinic,Canal,P0001,CardioSafe,Alpha Pharma,621,74082.93,Sell-in,T023
2025-03-01,OUT00067,Independent Pharmacy,Upper Egypt,P0006,NeuroCalm,Zeta Pharma,448,69706.71,Sell-in,T011
2025-03-01,OUT00002,Clinic,Alexandria,P0010,GastroEase,Kappa Pharma,134,22855.54,Sell-in,T004
2025-03-01,OUT00026,Clinic,Giza,P0002,GlucoMax,Beta Pharma,745,60109.71,Sell-in,T008
2025-03-01,OUT00039,Independent Pharmacy,Delta,P0010,GastroEase,Kappa Pharma,788,57952.93,Sell-in,T028
2025-03-01,OUT00051,Chain Pharmacy,Canal,P0007,ArthroRelief,Eta Pharma,849,79165.26,Sell-in,T029
2025-03-01,OUT00016,Hospital,Giza,P0007,ArthroRelief,Eta Pharma,215,20573.61,Sell-in,T026
2025-03-01,OUT00102,Chain Pharmacy,Delta,P0009,LipiControl,Iota Pharma,805,105953.91,Sell-in,T021
2025-03-01,OUT00120,Hospital,Delta,P0007,ArthroRelief,Eta Pharma,182,14652.91,Sell-in,T010
2025-03-01,OUT00010,Clinic,Delta,P0008,Dermacare,Theta Pharma,857,21858.1,Sell-in,T019
2025-03-01,OUT00093,Chain Pharmacy,Canal,P0006,NeuroCalm,Zeta Pharma,292,12553.17,Sell-in,T027
2025-03-01,OUT00097,Chain Pharmacy,Upper Egypt,P0001,CardioSafe,Alpha Pharma,222,34181.77,Sell-in,T026
2025-03-01,OUT00012,Clinic,Canal,P0010,GastroEase,Kappa Pharma,169,30075.07,Sell-in,T007
2025-03-01,OUT00040,Clinic,Upper Egypt,P0008,Dermacare,Theta Pharma,499,44200.76,Sell-in,T023
2025-03-01,OUT00047,Clinic,Upper Egypt,P0010,GastroEase,Kappa Pharma,297,14840.19,Sell-in,T026
2025-03-01,OUT00004,Chain Pharmacy,Upper Egypt,P0003,Respira,Gamma Pharma,830,67994.65,Sell-in,T026
2025-03-01,OUT00112,Clinic,Delta,P0001,CardioSafe,Alpha Pharma,875,87352.9,Sell-in,T016
2025-03-01,OUT00025,Chain Pharmacy,Delta,P0010,GastroEase,Kappa Pharma,331,10204.4,Sell-in,T013
2025-03-01,OUT00042,Clinic,Alexandria,P0004,PainFree,Delta Pharma,346,22282.33,Sell-in,T006
2025-03-01,OUT00024,Hospital,Delta,P0007,ArthroRelief,Eta Pharma,659,117040.01,Sell-in,T003
2025-03-01,OUT00066,Clinic,Upper Egypt,P0001,CardioSafe,Alpha Pharma,329,16211.41,Sell-in,T009
2025-03-01,OUT00003,Hospital,Alexandria,P0006,NeuroCalm,Zeta Pharma,714,74643.75,Sell-in,T017
2025-04-01,OUT00085,Chain Pharmacy,Giza,P0010,GastroEase,Kappa Pharma,625,84619.99,Sell-in,T003
2025-04-01,OUT00067,Chain Pharmacy,Canal,P0005,Infecto,Epsilon Pharma,721,105404.93,Sell-in,T026
2025-04-01,OUT00012,Hospital,Upper Egypt,P0008,Dermacare,Theta Pharma,119,20537.26,Sell-in,T007
2025-04-01,OUT00097,Clinic,Giza,P0001,CardioSafe,Alpha Pharma,828,52452.45,Sell-in,T020
2025-04-01,OUT00078,Independent Pharmacy,Cairo,P0004,PainFree,Delta Pharma,568,85987.24,Sell-in,T019
2025-04-01,OUT00035,Clinic,Cairo,P0002,GlucoMax,Beta Pharma,674,96688.14,Sell-in,T006
2025-04-01,OUT00009,Hospital,Cairo,P0009,LipiControl,Iota Pharma,21,3469.8,Sell-in,T013
2025-04-01,OUT00113,Clinic,Cairo,P0004,PainFree,Delta Pharma,631,23642.95,Sell-in,T022
2025-04-01,OUT00063,Hospital,Alexandria,P0008,Dermacare,Theta Pharma,755,25440.11,Sell-in,T023
2025-04-01,OUT00118,Chain Pharmacy,Alexandria,P0004,PainFree,Delta Pharma,179,30764.06,Sell-in,T020
2025-04-01,OUT00002,Hospital,Giza,P0004,PainFree,Delta Pharma,888,100572.76,Sell-in,T011
2025-04-01,OUT00071,Clinic,Cairo,P0010,GastroEase,Kappa Pharma,321,26878.15,Sell-in,T027
2025-04-01,OUT00019,Independent Pharmacy,Alexandria,P0008,Dermacare,Theta Pharma,61,7995.73,Sell-in,T024
2025-04-01,OUT00056,Independent Pharmacy,Giza,P0003,Respira,Gamma Pharma,494,36764.21,Sell-in,T011
2025-04-01,OUT00083,Clinic,Cairo,P0001,CardioSafe,Alpha Pharma,72,7208.04,Sell-in,T013
2025-04-01,OUT00034,Independent Pharmacy,Alexandria,P0002,GlucoMax,Beta Pharma,415,20274.97,Sell-in,T028
2025-04-01,OUT00010,Chain Pharmacy,Upper Egypt,P0001,CardioSafe,Alpha Pharma,220,27742.12,Sell-in,T003
2025-04-01,OUT00048,Hospital,Cairo,P0010,GastroEase,Kappa Pharma,579,72467.52,Sell-in,T006
2025-04-01,OUT00079,Hospital,Cairo,P0006,NeuroCalm,Zeta Pharma,69,8087.56,Sell-in,T018
2025-04-01,OUT00107,Independent Pharmacy,Delta,P0010,GastroEase,Kappa Pharma,167,11330.93,Sell-in,T012
2025-04-01,OUT00027,Chain Pharmacy,Alexandria,P0005,Infecto,Epsilon Pharma,836,140341.78,Sell-in,T027
2025-04-01,OUT00036,Hospital,Upper Egypt,P0005,Infecto,Epsilon Pharma,700,37940.46,Sell-in,T023
2025-04-01,OUT00093,Clinic,Giza,P0010,GastroEase,Kappa Pharma,866,111848.66,Sell-in,T014
2025-04-01,OUT00046,Clinic,Cairo,P0010,GastroEase,Kappa Pharma,440,78098.61,Sell-in,T026
2025-04-01,OUT00049,Hospital,Alexandria,P0002,GlucoMax,Beta Pharma,683,17854.87,Sell-in,T010
2025-04-01,OUT00054,Independent Pharmacy,Cairo,P0005,Infecto,Epsilon Pharma,453,74504.93,Sell-in,T002
2025-04-01,OUT00116,Clinic,Cairo,P0008,Dermacare,Theta Pharma,673,97601.39,Sell-in,T020
2025-04-01,OUT00011,Clinic,Canal,P0009,LipiControl,Iota Pharma,157,21872.29,Sell-in,T014
2025-04-01,OUT00037,Independent Pharmacy,Canal,P0006,NeuroCalm,Zeta Pharma,388,10792.21,Sell-in,T004
2025-04-01,OUT00084,Clinic,Delta,P0006,NeuroCalm,Zeta Pharma,794,148496.92,Sell-in,T021
2025-04-01,OUT00073,Chain Pharmacy,Delta,P0010,GastroEase,Kappa Pharma,807,68307.78,Sell-in,T023
2025-04-01,OUT00014,Chain Pharmacy,Giza,P0006,NeuroCalm,Zeta Pharma,217,34768.22,Sell-in,T022
2025-04-01,OUT00052,Hospital,Delta,P0009,LipiControl,Iota Pharma,330,56774.64,Sell-in,T023
2025-04-01,OUT00032,Chain Pharmacy,Giza,P0001,CardioSafe,Alpha Pharma,253,17366.87,Sell-in,T030
2025-04-01,OUT00061,Chain Pharmacy,Upper Egypt,P0001,CardioSafe,Alpha Pharma,83,4451.66,Sell-in,T009
2025-04-01,OUT00058,Chain Pharmacy,Delta,P0002,GlucoMax,Beta Pharma,813,139648.67,Sell-in,T025
2025-04-01,OUT00074,Hospital,Giza,P0006,NeuroCalm,Zeta Pharma,95,15235.88,Sell-in,T001
2025-04-01,OUT00004,Independent Pharmacy,Canal,P0006,NeuroCalm,Zeta Pharma,803,140292.96,Sell-in,T020
2025-04-01,OUT00042,Chain Pharmacy,Canal,P0010,GastroEase,Kappa Pharma,196,9031.92,Sell-in,T027
2025-04-01,OUT00064,Chain Pharmacy,Alexandria,P0009,LipiControl,Iota Pharma,344,35122.9,Sell-in,T003
2025-04-01,OUT00111,Clinic,Cairo,P0006,NeuroCalm,Zeta Pharma,868,62885.0,Sell-in,T010
2025-04-01,OUT00082,Hospital,Cairo,P0003,Respira,Gamma Pharma,406,20340.41,Sell-in,T029
2025-04-01,OUT00039,Clinic,Giza,P0001,CardioSafe,Alpha Pharma,322,19098.69,Sell-in,T028
2025-04-01,OUT00092,Independent Pharmacy,Canal,P0009,LipiControl,Iota Pharma,378,44323.39,Sell-in,T002
2025-04-01,OUT00090,Clinic,Upper Egypt,P0003,Respira,Gamma Pharma,656,91658.6,Sell-in,T017
2025-04-01,OUT00076,Clinic,Giza,P0009,LipiControl,Iota Pharma,195,10537.59,Sell-in,T010
2025-04-01,OUT00077,Hospital,Upper Egypt,P0008,Dermacare,Theta Pharma,422,30597.52,Sell-in,T013
2025-04-01,OUT00080,Chain Pharmacy,Cairo,P0007,ArthroRelief,Eta Pharma,586,17049.01,Sell-in,T014
2025-04-01,OUT00051,Clinic,Alexandria,P0002,GlucoMax,Beta Pharma,825,78533.73,Sell-in,T030
2025-04-01,OUT00007,Hospital,Delta,P0001,CardioSafe,Alpha Pharma,414,68877.07,Sell-in,T009
2025-04-01,OUT00120,Hospital,Giza,P0006,NeuroCalm,Zeta Pharma,538,95385.03,Sell-in,T004
2025-04-01,OUT00028,Hospital,Giza,P0002,GlucoMax,Beta Pharma,350,61898.29,Sell-in,T024
2025-04-01,OUT00102,Hospital,Delta,P0001,CardioSafe,Alpha Pharma,294,45632.59,Sell-in,T024
2025-04-01,OUT00060,Independent Pharmacy,Alexandria,P0010,GastroEase,Kappa Pharma,495,12561.04,Sell-in,T010
2025-04-01,OUT00098,Clinic,Giza,P0003,Respira,Gamma Pharma,110,19293.65,Sell-in,T023
2025-04-01,OUT00096,Clinic,Delta,P0006,NeuroCalm,Zeta Pharma,700,93896.6,Sell-in,T003
2025-04-01,OUT00069,Independent Pharmacy,Canal,P0004,PainFree,Delta Pharma,154,28998.7,Sell-in,T011
2025-04-01,OUT00041,Hospital,Upper Egypt,P0008,Dermacare,Theta Pharma,499,68563.45,Sell-in,T001
2025-04-01,OUT00031,Hospital,Giza,P0006,NeuroCalm,Zeta Pharma,62,6700.89,Sell-in,T004
2025-04-01,OUT00108,Independent Pharmacy,Alexandria,P0010,GastroEase,Kappa Pharma,380,31375.42,Sell-in,T021
2025-04-01,OUT00038,Chain Pharmacy,Canal,P0010,GastroEase,Kappa Pharma,784,142214.93,Sell-in,T008
2025-04-01,OUT00109,Clinic,Delta,P0001,CardioSafe,Alpha Pharma,595,74194.37,Sell-in,T010
2025-04-01,OUT00081,Clinic,Giza,P0010,GastroEase,Kappa Pharma,795,47147.21,Sell-in,T010
2025-04-01,OUT00065,Clinic,Alexandria,P0005,Infecto,Epsilon Pharma,335,28650.21,Sell-in,T004
2025-04-01,OUT00095,Clinic,Cairo,P0003,Respira,Gamma Pharma,647,111273.49,Sell-in,T004
2025-04-01,OUT00059,Independent Pharmacy,Delta,P0005,Infecto,Epsilon Pharma,435,73974.3,Sell-in,T010
2025-04-01,OUT00045,Hospital,Alexandria,P0008,Dermacare,Theta Pharma,225,6024.31,Sell-in,T027
2025-04-01,OUT00110,Chain Pharmacy,Cairo,P0010,GastroEase,Kappa Pharma,85,15203.41,Sell-in,T002
2025-04-01,OUT00017,Independent Pharmacy,Giza,P0001,CardioSafe,Alpha Pharma,743,137907.81,Sell-in,T027
2025-04-01,OUT00066,Independent Pharmacy,Giza,P0008,Dermacare,Theta Pharma,82,7579.79,Sell-in,T028
2025-04-01,OUT00119,Independent Pharmacy,Alexandria,P0010,GastroEase,Kappa Pharma,174,10747.01,Sell-in,T016
2025-04-01,OUT00033,Hospital,Delta,P0009,LipiControl,Iota Pharma,508,66489.52,Sell-in,T003
2025-04-01,OUT00068,Independent Pharmacy,Cairo,P0004,PainFree,Delta Pharma,439,82535.68,Sell-in,T008
2025-04-01,OUT00100,Chain Pharmacy,Cairo,P0009,LipiControl,Iota Pharma,86,10577.94,Sell-in,T001
2025-04-01,OUT00023,Clinic,Delta,P0004,PainFree,Delta Pharma,495,56405.58,Sell-in,T012
2025-04-01,OUT00044,Independent Pharmacy,Canal,P0010,GastroEase,Kappa Pharma,84,14313.27,Sell-in,T025
2025-04-01,OUT00094,Chain Pharmacy,Cairo,P0009,LipiControl,Iota Pharma,838,79631.62,Sell-in,T011
2025-04-01,OUT00018,Hospital,Alexandria,P0003,Respira,Gamma Pharma,844,75720.94,Sell-in,T004
2025-04-01,OUT00099,Clinic,Canal,P0004,PainFree,Delta Pharma,120,12660.6,Sell-in,T008
2025-04-01,OUT00112,Hospital,Alexandria,P0002,GlucoMax,Beta Pharma,187,15291.22,Sell-in,T020
2025-05-01,OUT00051,Clinic,Upper Egypt,P0010,GastroEase,Kappa Pharma,482,64042.85,Sell-in,T013
2025-05-01,OUT00117,Independent Pharmacy,Canal,P0007,ArthroRelief,Eta Pharma,157,5353.23,Sell-in,T012
2025-05-01,OUT00003,Independent Pharmacy,Upper Egypt,P0009,LipiControl,Iota Pharma,431,23749.85,Sell-in,T011
2025-05-01,OUT00106,Chain Pharmacy,Upper Egypt,P0009,LipiControl,Iota Pharma,220,31306.97,Sell-in,T007
2025-05-01,OUT00082,Chain Pharmacy,Alexandria,P0001,CardioSafe,Alpha Pharma,550,18013.17,Sell-in,T002
2025-05-01,OUT00056,Clinic,Cairo,P0008,Dermacare,Theta Pharma,461,47095.34,Sell-in,T015
2025-05-01,OUT00067,Clinic,Giza,P0007,ArthroRelief,Eta Pharma,816,84547.14,Sell-in,T026
2025-05-01,OUT00088,Hospital,Cairo,P0006,NeuroCalm,Zeta Pharma,52,2259.69,Sell-in,T010
2025-05-01,OUT00044,Clinic,Delta,P0005,Infecto,Epsilon Pharma,459,51482.67,Sell-in,T013
2025-05-01,OUT00085,Chain Pharmacy,Cairo,P0005,Infecto,Epsilon Pharma,657,93600.6,Sell-in,T026
2025-05-01,OUT00118,Chain Pharmacy,Giza,P0005,Infecto,Epsilon Pharma,225,27746.07,Sell-in,T023
2025-05-01,OUT00016,Independent Pharmacy,Cairo,P0003,Respira,Gamma Pharma,428,40885.53,Sell-in,T030
2025-05-01,OUT00081,Independent Pharmacy,Canal,P0004,PainFree,Delta Pharma,519,36328.97,Sell-in,T005
2025-05-01,OUT00077,Clinic,Delta,P0004,PainFree,Delta Pharma,608,58396.92,Sell-in,T018
2025-05-01,OUT00036,Clinic,Delta,P0002,GlucoMax,Beta Pharma,341,38001.07,Sell-in,T018
2025-05-01,OUT00076,Clinic,Canal,P0008,Dermacare,Theta Pharma,536,77672.0,Sell-in,T010
2025-05-01,OUT00107,Clinic,Canal,P0002,GlucoMax,Beta Pharma,232,16928.89,Sell-in,T030
2025-05-01,OUT00090,Chain Pharmacy,Upper Egypt,P0003,Respira,Gamma Pharma,128,6486.01,Sell-in,T025
2025-05-01,OUT00120,Hospital,Cairo,P0003,Respira,Gamma Pharma,776,68768.92,Sell-in,T017
2025-05-01,OUT00038,Clinic,Delta,P0005,Infecto,Epsilon Pharma,685,28716.38,Sell-in,T003
2025-05-01,OUT00080,Clinic,Alexandria,P0010,GastroEase,Kappa Pharma,52,6072.8,Sell-in,T004
2025-05-01,OUT00100,Hospital,Upper Egypt,P0004,PainFree,Delta Pharma,792,21047.02,Sell-in,T008
2025-05-01,OUT00066,Clinic,Upper Egypt,P0010,GastroEase,Kappa Pharma,240,39764.24,Sell-in,T011
2025-05-01,OUT00114,Chain Pharmacy,Delta,P0006,NeuroCalm,Zeta Pharma,703,82579.77,Sell-in,T023
2025-05-01,OUT00034,Chain Pharmacy,Canal,P0008,Dermacare,Theta Pharma,714,57784.43,Sell-in,T020
2025-05-01,OUT00098,Chain Pharmacy,Upper Egypt,P0002,GlucoMax,Beta Pharma,898,132084.52,Sell-in,T012
2025-05-01,OUT00092,Independent Pharmacy,Giza,P0002,GlucoMax,Beta Pharma,424,23021.4,Sell-in,T013
2025-05-01,OUT00018,Hospital,Canal,P0009,LipiControl,Iota Pharma,858,111837.87,Sell-in,T007
2025-05-01,OUT00020,Clinic,Alexandria,P0007,ArthroRelief,Eta Pharma,647,99438.16,Sell-in,T004
2025-05-01,OUT00048,Independent Pharmacy,Alexandria,P0007,ArthroRelief,Eta Pharma,873,165828.15,Sell-in,T008
2025-05-01,OUT00102,Chain Pharmacy,Giza,P0003,Respira,Gamma Pharma,752,36179.98,Sell-in,T024
2025-05-01,OUT00086,Chain Pharmacy,Cairo,P0010,GastroEase,Kappa Pharma,370,12069.49,Sell-in,T016
2025-05-01,OUT00069,Hospital,Upper Egypt,P0004,PainFree,Delta Pharma,80,10780.79,Sell-in,T016
2025-05-01,OUT00006,Hospital,Upper Egypt,P0009,LipiControl,Iota Pharma,328,31440.47,Sell-in,T023
2025-05-01,OUT00042,Chain Pharmacy,Cairo,P0005,Infecto,Epsilon Pharma,828,141384.72,Sell-in,T003
2025-05-01,OUT00105,Clinic,Canal,P0005,Infecto,Epsilon Pharma,96,15555.84,Sell-in,T013
2025-05-01,OUT00099,Clinic,Upper Egypt,P0002,GlucoMax,Beta Pharma,54,8497.11,Sell-in,T011
2025-05-01,OUT00095,Chain Pharmacy,Cairo,P0004,PainFree,Delta Pharma,267,22320.29,Sell-in,T006
2025-05-01,OUT00091,Independent Pharmacy,Cairo,P0010,GastroEase,Kappa Pharma,386,57542.68,Sell-in,T017
2025-05-01,OUT00025,Clinic,Canal,P0010,GastroEase,Kappa Pharma,74,12618.2,Sell-in,T011
2025-05-01,OUT00012,Chain Pharmacy,Cairo,P0008,Dermacare,Theta Pharma,567,32983.69,Sell-in,T023
2025-05-01,OUT00115,Clinic,Delta,P0001,CardioSafe,Alpha Pharma,509,25631.4,Sell-in,T013
2025-05-01,OUT00057,Hospital,Alexandria,P0002,GlucoMax,Beta Pharma,704,44672.09,Sell-in,T027
2025-05-01,OUT00027,Clinic,Delta,P0006,NeuroCalm,Zeta Pharma,153,10366.25,Sell-in,T022
2025-05-01,OUT00087,Hospital,Alexandria,P0005,Infecto,Epsilon Pharma,696,91872.32,Sell-in,T021
2025-05-01,OUT00022,Chain Pharmacy,Giza,P0006,NeuroCalm,Zeta Pharma,175,9944.65,Sell-in,T027
2025-05-01,OUT00053,Hospital,Cairo,P0009,LipiControl,Iota Pharma,549,47315.04,Sell-in,T009
2025-05-01,OUT00039,Independent Pharmacy,Canal,P0010,GastroEase,Kappa Pharma,504,60333.09,Sell-in,T009
2025-05-01,OUT00096,Clinic,Giza,P0004,PainFree,Delta Pharma,725,45041.39,Sell-in,T001
2025-05-01,OUT00104,Chain Pharmacy,Canal,P0007,ArthroRelief,Eta Pharma,681,27561.27,Sell-in,T010
2025-05-01,OUT00019,Clinic,Cairo,P0010,GastroEase,Kappa Pharma,696,58091.4,Sell-in,T027
2025-05-01,OUT00002,Hospital,Alexandria,P0004,PainFree,Delta Pharma,486,75876.22,Sell-in,T004
2025-05-01,OUT00032,Chain Pharmacy,Canal,P0010,GastroEase,Kappa Pharma,639,40273.3,Sell-in,T009
2025-05-01,OUT00103,Clinic,Delta,P0007,ArthroRelief,Eta Pharma,77,9671.74,Sell-in,T007
2025-05-01,OUT00011,Chain Pharmacy,Cairo,P0001,CardioSafe,Alpha Pharma,142,13239.73,Sell-in,T003
2025-05-01,OUT00031,Hospital,Giza,P0001,CardioSafe,Alpha Pharma,786,133282.89,Sell-in,T024
2025-05-01,OUT00007,Independent Pharmacy,Cairo,P0005,Infecto,Epsilon Pharma,463,24147.5,Sell-in,T004
2025-05-01,OUT00084,Independent Pharmacy,Cairo,P0008,Dermacare,Theta Pharma,548,88975.4,Sell-in,T005
2025-05-01,OUT00035,Chain Pharmacy,Cairo,P0004,PainFree,Delta Pharma,420,32198.5,Sell-in,T009
2025-05-01,OUT00089,Independent Pharmacy,Delta,P0008,Dermacare,Theta Pharma,805,140581.6,Sell-in,T002
2025-05-01,OUT00008,Independent Pharmacy,Delta,P0009,LipiControl,Iota Pharma,765,22415.23,Sell-in,T009
2025-05-01,OUT00111,Chain Pharmacy,Upper Egypt,P0001,CardioSafe,Alpha Pharma,103,12012.56,Sell-in,T013
2025-05-01,OUT00055,Chain Pharmacy,Giza,P0010,GastroEase,Kappa Pharma,159,8697.81,Sell-in,T008
2025-05-01,OUT00040,Hospital,Alexandria,P0005,Infecto,Epsilon Pharma,885,94047.84,Sell-in,T006
2025-05-01,OUT00029,Independent Pharmacy,Giza,P0002,GlucoMax,Beta Pharma,249,32287.63,Sell-in,T025
2025-05-01,OUT00070,Chain Pharmacy,Upper Egypt,P0006,NeuroCalm,Zeta Pharma,162,28754.74,Sell-in,T008
2025-05-01,OUT00010,Independent Pharmacy,Cairo,P0005,Infecto,Epsilon Pharma,638,115055.53,Sell-in,T004
2025-05-01,OUT00030,Independent Pharmacy,Delta,P0005,Infecto,Epsilon Pharma,863,137851.83,Sell-in,T001
2025-05-01,OUT00033,Clinic,Cairo,P0002,GlucoMax,Beta Pharma,819,147929.14,Sell-in,T006
2025-05-01,OUT00097,Hospital,Alexandria,P0001,CardioSafe,Alpha Pharma,568,63603.53,Sell-in,T023
2025-05-01,OUT00060,Chain Pharmacy,Alexandria,P0005,Infecto,Epsilon Pharma,114,3422.51,Sell-in,T008
2025-05-01,OUT00116,Hospital,Upper Egypt,P0001,CardioSafe,Alpha Pharma,623,45476.39,Sell-in,T008
2025-05-01,OUT00065,Independent Pharmacy,Alexandria,P0004,PainFree,Delta Pharma,375,10379.35,Sell-in,T025
2025-05-01,OUT00043,Clinic,Canal,P0009,LipiControl,Iota Pharma,451,14575.81,Sell-in,T011
2025-05-01,OUT00045,Independent Pharmacy,Upper Egypt,P0010,GastroEase,Kappa Pharma,73,3477.01,Sell-in,T005
2025-05-01,OUT00037,Chain Pharmacy,Giza,P0010,GastroEase,Kappa Pharma,703,129467.91,Sell-in,T017
2025-05-01,OUT00083,Clinic,Alexandria,P0008,Dermacare,Theta Pharma,823,109660.03,Sell-in,T009
2025-05-01,OUT00094,Chain Pharmacy,Cairo,P0007,ArthroRelief,Eta Pharma,61,11058.82,Sell-in,T007
2025-05-01,OUT00079,Hospital,Giza,P0003,Respira,Gamma Pharma,356,50912.93,Sell-in,T011
2025-05-01,OUT00014,Independent Pharmacy,Delta,P0003,Respira,Gamma Pharma,149,21379.16,Sell-in,T020
2025-06-01,OUT00016,Independent Pharmacy,Delta,P0004,PainFree,Delta Pharma,825,115533.66,Sell-in,T017
2025-06-01,OUT00117,Independent Pharmacy,Canal,P0001,CardioSafe,Alpha Pharma,701,124814.63,Sell-in,T013
2025-06-01,OUT00055,Clinic,Cairo,P0004,PainFree,Delta Pharma,287,51728.97,Sell-in,T021
2025-06-01,OUT00036,Clinic,Delta,P0008,Dermacare,Theta Pharma,175,15976.69,Sell-in,T005
2025-06-01,OUT00072,Independent Pharmacy,Giza,P0006,NeuroCalm,Zeta Pharma,479,40102.52,Sell-in,T030
2025-06-01,OUT00048,Independent Pharmacy,Giza,P0002,GlucoMax,Beta Pharma,516,67073.98,Sell-in,T012
2025-06-01,OUT00038,Clinic,Giza,P0006,NeuroCalm,Zeta Pharma,221,26832.7,Sell-in,T024
2025-06-01,OUT00033,Hospital,Cairo,P0007,ArthroRelief,Eta Pharma,153,17243.28,Sell-in,T022
2025-06-01,OUT00007,Independent Pharmacy,Cairo,P0005,Infecto,Epsilon Pharma,546,94932.03,Sell-in,T029
2025-06-01,OUT00001,Chain Pharmacy,Alexandria,P0010,GastroEase,Kappa Pharma,373,27805.4,Sell-in,T013
2025-06-01,OUT00034,Independent Pharmacy,Upper Egypt,P0008,Dermacare,Theta Pharma,636,60360.18,Sell-in,T029
2025-06-01,OUT00100,Clinic,Delta,P0005,Infecto,Epsilon Pharma,423,39949.33,Sell-in,T014
2025-06-01,OUT00102,Clinic,Alexandria,P0004,PainFree,Delta Pharma,224,12563.05,Sell-in,T003
2025-06-01,OUT00041,Clinic,Alexandria,P0008,Dermacare,Theta Pharma,369,43860.21,Sell-in,T012
2025-06-01,OUT00069,Hospital,Upper Egypt,P0002,GlucoMax,Beta Pharma,443,56762.53,Sell-in,T013
2025-06-01,OUT00075,Chain Pharmacy,Alexandria,P0005,Infecto,Epsilon Pharma,665,73549.76,Sell-in,T019
2025-06-01,OUT00059,Hospital,Alexandria,P0007,ArthroRelief,Eta Pharma,548,23687.53,Sell-in,T003
2025-06-01,OUT00111,Independent Pharmacy,Cairo,P0004,PainFree,Delta Pharma,430,21508.93,Sell-in,T012
2025-06-01,OUT00043,Independent Pharmacy,Giza,P0001,CardioSafe,Alpha Pharma,331,57804.97,Sell-in,T004
2025-06-01,OUT00039,Independent Pharmacy,Delta,P0002,GlucoMax,Beta Pharma,658,76174.05,Sell-in,T009
2025-06-01,OUT00084,Hospital,Canal,P0006,NeuroCalm,Zeta Pharma,423,13205.59,Sell-in,T020
2025-06-01,OUT00114,Independent Pharmacy,Canal,P0003,Respira,Gamma Pharma,279,19731.78,Sell-in,T016
2025-06-01,OUT00077,Clinic,Alexandria,P0001,CardioSafe,Alpha Pharma,578,93555.73,Sell-in,T007
2025-06-01,OUT00118,Chain Pharmacy,Giza,P0002,GlucoMax,Beta Pharma,220,21552.87,Sell-in,T019
2025-06-01,OUT00101,Clinic,Upper Egypt,P0002,GlucoMax,Beta Pharma,72,5452.31,Sell-in,T007
2025-06-01,OUT00050,Independent Pharmacy,Canal,P0001,CardioSafe,Alpha Pharma,337,59584.37,Sell-in,T010
2025-06-01,OUT00116,Clinic,Upper Egypt,P0006,NeuroCalm,Zeta Pharma,367,31129.78,Sell-in,T020
2025-06-01,OUT00005,Clinic,Upper Egypt,P0008,Dermacare,Theta Pharma,476,85294.6,Sell-in,T015
2025-06-01,OUT00099,Clinic,Canal,P0005,Infecto,Epsilon Pharma,414,19642.52,Sell-in,T030
2025-06-01,OUT00024,Chain Pharmacy,Alexandria,P0002,GlucoMax,Beta Pharma,206,26418.3,Sell-in,T004
2025-06-01,OUT00027,Clinic,Giza,P0006,NeuroCalm,Zeta Pharma,804,65002.07,Sell-in,T021
2025-06-01,OUT00067,Independent Pharmacy,Cairo,P0007,ArthroRelief,Eta Pharma,497,26806.22,Sell-in,T004
2025-06-01,OUT00081,Chain Pharmacy,Giza,P0002,GlucoMax,Beta Pharma,73,12623.83,Sell-in,T024
2025-06-01,OUT00092,Clinic,Upper Egypt,P0001,CardioSafe,Alpha Pharma,144,17765.24,Sell-in,T008
2025-06-01,OUT00108,Hospital,Upper Egypt,P0006,NeuroCalm,Zeta Pharma,813,84136.58,Sell-in,T009
2025-06-01,OUT00035,Chain Pharmacy,Upper Egypt,P0009,LipiControl,Iota Pharma,164,18244.6,Sell-in,T028
2025-06-01,OUT00083,Hospital,Upper Egypt,P0010,GastroEase,Kappa Pharma,707,87931.24,Sell-in,T026
2025-06-01,OUT00106,Independent Pharmacy,Alexandria,P0005,Infecto,Epsilon Pharma,463,78795.62,Sell-in,T004
2025-06-01,OUT00074,Clinic,Cairo,P0004,PainFree,Delta Pharma,861,137011.97,Sell-in,T002
2025-06-01,OUT00070,Independent Pharmacy,Delta,P0006,NeuroCalm,Zeta Pharma,725,70886.16,Sell-in,T009
2025-06-01,OUT00078,Chain Pharmacy,Canal,P0005,Infecto,Epsilon Pharma,134,8822.21,Sell-in,T023
2025-06-01,OUT00090,Clinic,Giza,P0007,ArthroRelief,Eta Pharma,32,3214.93,Sell-in,T006
2025-06-01,OUT00006,Hospital,Giza,P0001,CardioSafe,Alpha Pharma,112,7999.84,Sell-in,T013
2025-06-01,OUT00031,Hospital,Delta,P0004,PainFree,Delta Pharma,164,5962.02,Sell-in,T027
2025-06-01,OUT00008,Clinic,Giza,P0004,PainFree,Delta Pharma,396,71698.88,Sell-in,T003
2025-06-01,OUT00037,Clinic,Cairo,P0005,Infecto,Epsilon Pharma,745,57857.07,Sell-in,T022
2025-06-01,OUT00058,Clinic,Canal,P0005,Infecto,Epsilon Pharma,551,54625.74,Sell-in,T019
2025-06-01,OUT00062,Hospital,Upper Egypt,P0003,Respira,Gamma Pharma,728,28141.42,Sell-in,T001
2025-06-01,OUT00003,Independent Pharmacy,Delta,P0003,Respira,Gamma Pharma,71,5545.2,Sell-in,T022
2025-06-01,OUT00112,Clinic,Upper Egypt,P0010,GastroEase,Kappa Pharma,526,69410.01,Sell-in,T021
2025-06-01,OUT00017,Chain Pharmacy,Alexandria,P0003,Respira,Gamma Pharma,813,61809.47,Sell-in,T007
2025-06-01,OUT00066,Hospital,Giza,P0003,Respira,Gamma Pharma,451,41496.33,Sell-in,T015
2025-06-01,OUT00068,Chain Pharmacy,Giza,P0007,ArthroRelief,Eta Pharma,723,105860.36,Sell-in,T011
2025-06-01,OUT00023,Chain Pharmacy,Cairo,P0003,Respira,Gamma Pharma,694,25662.77,Sell-in,T001
2025-06-01,OUT00060,Clinic,Delta,P0005,Infecto,Epsilon Pharma,300,54348.87,Sell-in,T025
2025-06-01,OUT00056,Hospital,Alexandria,P0004,PainFree,Delta Pharma,764,118221.3,Sell-in,T022
2025-06-01,OUT00040,Independent Pharmacy,Canal,P0008,Dermacare,Theta Pharma,680,27953.17,Sell-in,T018
2025-06-01,OUT00013,Hospital,Canal,P0007,ArthroRelief,Eta Pharma,824,120988.24,Sell-in,T010
2025-06-01,OUT00042,Independent Pharmacy,Delta,P0010,GastroEase,Kappa Pharma,817,113914.12,Sell-in,T024
2025-06-01,OUT00105,Chain Pharmacy,Giza,P0009,LipiControl,Iota Pharma,772,142640.34,Sell-in,T023
2025-06-01,OUT00044,Hospital,Delta,P0001,CardioSafe,Alpha Pharma,201,14835.73,Sell-in,T023
2025-06-01,OUT00015,Clinic,Delta,P0002,GlucoMax,Beta Pharma,160,9870.53,Sell-in,T002
2025-06-01,OUT00071,Chain Pharmacy,Delta,P0006,NeuroCalm,Zeta Pharma,347,44350.95,Sell-in,T009
2025-06-01,OUT00115,Independent Pharmacy,Upper Egypt,P0010,GastroEase,Kappa Pharma,152,11202.43,Sell-in,T027
2025-06-01,OUT00010,Clinic,Alexandria,P0006,NeuroCalm,Zeta Pharma,820,71368.58,Sell-in,T028
2025-06-01,OUT00096,Clinic,Delta,P0009,LipiControl,Iota Pharma,423,74692.62,Sell-in,T010
2025-06-01,OUT00028,Chain Pharmacy,Upper Egypt,P0004,PainFree,Delta Pharma,648,96394.17,Sell-in,T025
2025-06-01,OUT00053,Clinic,Giza,P0010,GastroEase,Kappa Pharma,847,111679.5,Sell-in,T025
2025-06-01,OUT00032,Independent Pharmacy,Giza,P0009,LipiControl,Iota Pharma,671,26253.06,Sell-in,T005
2025-06-01,OUT00057,Hospital,Alexandria,P0005,Infecto,Epsilon Pharma,24,2041.18,Sell-in,T010
2025-06-01,OUT00063,Clinic,Delta,P0009,LipiControl,Iota Pharma,795,28968.14,Sell-in,T012
2025-06-01,OUT00073,Hospital,Alexandria,P0008,Dermacare,Theta Pharma,573,29907.91,Sell-in,T008
2025-06-01,OUT00091,Independent Pharmacy,Delta,P0008,Dermacare,Theta Pharma,41,2893.18,Sell-in,T018
2025-06-01,OUT00110,Hospital,Alexandria,P0008,Dermacare,Theta Pharma,184,29252.39,Sell-in,T018
2025-06-01,OUT00051,Independent Pharmacy,Delta,P0006,NeuroCalm,Zeta Pharma,571,95214.95,Sell-in,T024
2025-06-01,OUT00103,Independent Pharmacy,Cairo,P0001,CardioSafe,Alpha Pharma,892,25179.15,Sell-in,T012
2025-06-01,OUT00029,Hospital,Cairo,P0009,LipiControl,Iota Pharma,447,70098.65,Sell-in,T022
2025-06-01,OUT00021,Clinic,Alexandria,P0009,LipiControl,Iota Pharma,219,9570.47,Sell-in,T003
2025-06-01,OUT00119,Chain Pharmacy,Upper Egypt,P0008,Dermacare,Theta Pharma,185,29480.13,Sell-in,T016
2025-06-01,OUT00065,Chain Pharmacy,Delta,P0003,Respira,Gamma Pharma,770,47787.68,Sell-in,T009
2025-07-01,OUT00095,Chain Pharmacy,Upper Egypt,P0010,GastroEase,Kappa Pharma,418,23289.69,Sell-in,T021
2025-07-01,OUT00081,Independent Pharmacy,Giza,P0003,Respira,Gamma Pharma,406,19675.09,Sell-in,T012
2025-07-01,OUT00016,Hospital,Canal,P0010,GastroEase,Kappa Pharma,580,74325.27,Sell-in,T008
2025-07-01,OUT00003,Independent Pharmacy,Giza,P0003,Respira,Gamma Pharma,792,44473.27,Sell-in,T006
2025-07-01,OUT00112,Independent Pharmacy,Alexandria,P0008,Dermacare,Theta Pharma,759,124581.6,Sell-in,T024
2025-07-01,OUT00097,Independent Pharmacy,Upper Egypt,P0004,PainFree,Delta Pharma,152,16180.46,Sell-in,T024
2025-07-01,OUT00027,Independent Pharmacy,Canal,P0010,GastroEase,Kappa Pharma,861,27734.39,Sell-in,T030
2025-07-01,OUT00031,Hospital,Upper Egypt,P0003,Respira,Gamma Pharma,322,43437.84,Sell-in,T019
2025-07-01,OUT00015,Hospital,Delta,P0002,GlucoMax,Beta Pharma,300,42162.63,Sell-in,T020
2025-07-01,OUT00046,Chain Pharmacy,Cairo,P0006,NeuroCalm,Zeta Pharma,187,32697.75,Sell-in,T010
2025-07-01,OUT00087,Chain Pharmacy,Canal,P0002,GlucoMax,Beta Pharma,466,24092.08,Sell-in,T020
2025-07-01,OUT00017,Hospital,Cairo,P0008,Dermacare,Theta Pharma,96,10057.0,Sell-in,T019
2025-07-01,OUT00068,Chain Pharmacy,Giza,P0002,GlucoMax,Beta Pharma,195,5546.49,Sell-in,T009
2025-07-01,OUT00062,Independent Pharmacy,Alexandria,P0002,GlucoMax,Beta Pharma,831,135380.94,Sell-in,T003
2025-07-01,OUT00056,Independent Pharmacy,Delta,P0004,PainFree,Delta Pharma,751,34986.38,Sell-in,T006
2025-07-01,OUT00071,Clinic,Canal,P0007,ArthroRelief,Eta Pharma,749,66188.05,Sell-in,T003
2025-07-01,OUT00092,Hospital,Cairo,P0001,CardioSafe,Alpha Pharma,224,18542.87,Sell-in,T001
2025-07-01,OUT00008,Independent Pharmacy,Cairo,P0002,GlucoMax,Beta Pharma,485,37700.96,Sell-in,T030
2025-07-01,OUT00069,Hospital,Alexandria,P0009,LipiControl,Iota Pharma,382,57409.31,Sell-in,T005
2025-07-01,OUT00089,Independent Pharmacy,Upper Egypt,P0005,Infecto,Epsilon Pharma,83,11528.44,Sell-in,T019
2025-07-01,OUT00099,Clinic,Upper Egypt,P0003,Respira,Gamma Pharma,692,68156.44,Sell-in,T019
2025-07-01,OUT00109,Clinic,Delta,P0010,GastroEase,Kappa Pharma,376,53455.5,Sell-in,T009
2025-07-01,OUT00055,Chain Pharmacy,Canal,P0003,Respira,Gamma Pharma,678,100555.84,Sell-in,T024
2025-07-01,OUT00073,Hospital,Canal,P0006,NeuroCalm,Zeta Pharma,663,73887.18,Sell-in,T029
2025-07-01,OUT00098,Clinic,Cairo,P0008,Dermacare,Theta Pharma,169,20382.66,Sell-in,T004
2025-07-01,OUT00088,Chain Pharmacy,Cairo,P0003,Respira,Gamma Pharma,412,53615.02,Sell-in,T013
2025-07-01,OUT00022,Hospital,Delta,P0009,LipiControl,Iota Pharma,880,23418.17,Sell-in,T025
2025-07-01,OUT00037,Independent Pharmacy,Canal,P0010,GastroEase,Kappa Pharma,321,35764.69,Sell-in,T029
2025-07-01,OUT00118,Chain Pharmacy,Upper Egypt,P0007,ArthroRelief,Eta Pharma,497,23260.11,Sell-in,T007
2025-07-01,OUT00059,Hospital,Giza,P0009,LipiControl,Iota Pharma,313,27512.42,Sell-in,T023
2025-07-01,OUT00103,Hospital,Alexandria,P0006,NeuroCalm,Zeta Pharma,724,61076.32,Sell-in,T001
2025-07-01,OUT00012,Independent Pharmacy,Delta,P0009,LipiControl,Iota Pharma,383,49401.22,Sell-in,T011
2025-07-01,OUT00053,Independent Pharmacy,Alexandria,P0006,NeuroCalm,Zeta Pharma,315,28551.0,Sell-in,T004
2025-07-01,OUT00029,Hospital,Giza,P0007,ArthroRelief,Eta Pharma,494,86434.52,Sell-in,T026
2025-07-01,OUT00030,Independent Pharmacy,Giza,P0003,Respira,Gamma Pharma,549,72330.31,Sell-in,T015
2025-07-01,OUT00002,Independent Pharmacy,Delta,P0002,GlucoMax,Beta Pharma,633,26626.71,Sell-in,T017
2025-07-01,OUT00119,Independent Pharmacy,Delta,P0009,LipiControl,Iota Pharma,496,86262.91,Sell-in,T013
2025-07-01,OUT00102,Hospital,Delta,P0001,CardioSafe,Alpha Pharma,770,91872.4,Sell-in,T017
2025-07-01,OUT00052,Chain Pharmacy,Upper Egypt,P0008,Dermacare,Theta Pharma,20,3411.99,Sell-in,T006
2025-07-01,OUT00014,Clinic,Cairo,P0001,CardioSafe,Alpha Pharma,494,27591.23,Sell-in,T027
2025-07-01,OUT00067,Clinic,Canal,P0006,NeuroCalm,Zeta Pharma,128,12493.13,Sell-in,T025
2025-07-01,OUT00077,Clinic,Delta,P0009,LipiControl,Iota Pharma,531,30640.68,Sell-in,T027
2025-07-01,OUT00096,Chain Pharmacy,Giza,P0003,Respira,Gamma Pharma,143,8666.14,Sell-in,T012
2025-07-01,OUT00041,Clinic,Upper Egypt,P0010,GastroEase,Kappa Pharma,704,69507.64,Sell-in,T022
2025-07-01,OUT00101,Clinic,Alexandria,P0010,GastroEase,Kappa Pharma,282,36040.69,Sell-in,T006
2025-07-01,OUT00040,Chain Pharmacy,Canal,P0002,GlucoMax,Beta Pharma,653,48972.84,Sell-in,T015
2025-07-01,OUT00038,Hospital,Canal,P0010,GastroEase,Kappa Pharma,191,31913.5,Sell-in,T027
2025-07-01,OUT00009,Independent Pharmacy,Upper Egypt,P0002,GlucoMax,Beta Pharma,794,44424.08,Sell-in,T005
2025-07-01,OUT00105,Hospital,Giza,P0008,Dermacare,Theta Pharma,864,131477.99,Sell-in,T026
2025-07-01,OUT00033,Independent Pharmacy,Delta,P0010,GastroEase,Kappa Pharma,827,152077.06,Sell-in,T023
2025-07-01,OUT00065,Independent Pharmacy,Alexandria,P0002,GlucoMax,Beta Pharma,720,41179.04,Sell-in,T006
2025-07-01,OUT00116,Clinic,Delta,P0008,Dermacare,Theta Pharma,339,34474.64,Sell-in,T019
2025-07-01,OUT00034,Chain Pharmacy,Upper Egypt,P0009,LipiControl,Iota Pharma,529,44344.49,Sell-in,T005
2025-07-01,OUT00005,Hospital,Canal,P0003,Respira,Gamma Pharma,253,10180.7,Sell-in,T006
2025-07-01,OUT00107,Chain Pharmacy,Cairo,P0004,PainFree,Delta Pharma,760,128564.53,Sell-in,T007
2025-07-01,OUT00060,Independent Pharmacy,Delta,P0004,PainFree,Delta Pharma,233,33932.56,Sell-in,T013
2025-07-01,OUT00050,Independent Pharmacy,Cairo,P0003,Respira,Gamma Pharma,444,12184.78,Sell-in,T007
2025-07-01,OUT00114,Chain Pharmacy,Upper Egypt,P0005,Infecto,Epsilon Pharma,511,16155.44,Sell-in,T016
2025-07-01,OUT00013,Independent Pharmacy,Giza,P0003,Respira,Gamma Pharma,95,15491.05,Sell-in,T012
2025-07-01,OUT00051,Chain Pharmacy,Delta,P0004,PainFree,Delta Pharma,119,9018.28,Sell-in,T023
2025-07-01,OUT00058,Clinic,Delta,P0001,CardioSafe,Alpha Pharma,285,32665.27,Sell-in,T011
2025-07-01,OUT00043,Hospital,Giza,P0009,LipiControl,Iota Pharma,531,93074.62,Sell-in,T024
2025-07-01,OUT00025,Clinic,Upper Egypt,P0010,GastroEase,Kappa Pharma,336,12173.89,Sell-in,T030
2025-07-01,OUT00115,Independent Pharmacy,Upper Egypt,P0008,Dermacare,Theta Pharma,74,7888.07,Sell-in,T004
2025-07-01,OUT00074,Hospital,Giza,P0001,CardioSafe,Alpha Pharma,814,76321.42,Sell-in,T013
2025-07-01,OUT00108,Chain Pharmacy,Canal,P0003,Respira,Gamma Pharma,374,25398.25,Sell-in,T014
2025-07-01,OUT00047,Independent Pharmacy,Alexandria,P0001,CardioSafe,Alpha Pharma,174,19024.32,Sell-in,T024
2025-07-01,OUT00080,Clinic,Alexandria,P0006,NeuroCalm,Zeta Pharma,889,144706.08,Sell-in,T005
2025-07-01,OUT00120,Hospital,Delta,P0001,CardioSafe,Alpha Pharma,679,107534.65,Sell-in,T023
2025-07-01,OUT00028,Hospital,Alexandria,P0002,GlucoMax,Beta Pharma,89,15598.03,Sell-in,T004
2025-07-01,OUT00063,Clinic,Alexandria,P0005,Infecto,Epsilon Pharma,632,111467.31,Sell-in,T021
2025-07-01,OUT00018,Clinic,Cairo,P0010,GastroEase,Kappa Pharma,158,28763.77,Sell-in,T020
2025-07-01,OUT00006,Clinic,Delta,P0006,NeuroCalm,Zeta Pharma,573,84901.54,Sell-in,T023
2025-07-01,OUT00023,Chain Pharmacy,Canal,P0001,CardioSafe,Alpha Pharma,585,33326.31,Sell-in,T009
2025-07-01,OUT00032,Hospital,Delta,P0006,NeuroCalm,Zeta Pharma,105,7352.93,Sell-in,T026
2025-07-01,OUT00021,Independent Pharmacy,Cairo,P0010,GastroEase,Kappa Pharma,808,123595.87,Sell-in,T001
2025-07-01,OUT00110,Hospital,Upper Egypt,P0008,Dermacare,Theta Pharma,96,16765.74,Sell-in,T001
2025-07-01,OUT00054,Clinic,Alexandria,P0010,GastroEase,Kappa Pharma,656,40190.91,Sell-in,T023
2025-07-01,OUT00106,Clinic,Giza,P0010,GastroEase,Kappa Pharma,168,22814.51,Sell-in,T029
2025-07-01,OUT00075,Independent Pharmacy,Canal,P0007,ArthroRelief,Eta Pharma,738,100183.45,Sell-in,T013
2025-08-01,OUT00038,Hospital,Upper Egypt,P0003,Respira,Gamma Pharma,744,80124.94,Sell-in,T022
2025-08-01,OUT00010,Independent Pharmacy,Upper Egypt,P0006,NeuroCalm,Zeta Pharma,28,2025.21,Sell-in,T025
2025-08-01,OUT00044,Independent Pharmacy,Giza,P0004,PainFree,Delta Pharma,304,46245.79,Sell-in,T019
2025-08-01,OUT00061,Independent Pharmacy,Delta,P0007,ArthroRelief,Eta Pharma,631,97654.9,Sell-in,T026
2025-08-01,OUT00039,Hospital,Cairo,P0001,CardioSafe,Alpha Pharma,693,80740.94,Sell-in,T015
2025-08-01,OUT00049,Hospital,Canal,P0003,Respira,Gamma Pharma,837,62589.81,Sell-in,T003
2025-08-01,OUT00027,Clinic,Upper Egypt,P0007,ArthroRelief,Eta Pharma,63,6583.44,Sell-in,T021
2025-08-01,OUT00077,Clinic,Cairo,P0008,Dermacare,Theta Pharma,396,74040.33,Sell-in,T010
2025-08-01,OUT00046,Clinic,Giza,P0007,ArthroRelief,Eta Pharma,184,20364.61,Sell-in,T021
2025-08-01,OUT00106,Chain Pharmacy,Giza,P0010,GastroEase,Kappa Pharma,217,10402.68,Sell-in,T020
2025-08-01,OUT00093,Clinic,Delta,P0004,PainFree,Delta Pharma,449,14495.95,Sell-in,T015
2025-08-01,OUT00048,Independent Pharmacy,Delta,P0010,GastroEase,Kappa Pharma,116,12020.79,Sell-in,T011
2025-08-01,OUT00099,Chain Pharmacy,Delta,P0005,Infecto,Epsilon Pharma,117,16882.61,Sell-in,T004
2025-08-01,OUT00073,Hospital,Alexandria,P0002,GlucoMax,Beta Pharma,114,17749.16,Sell-in,T029
2025-08-01,OUT00055,Independent Pharmacy,Giza,P0003,Respira,Gamma Pharma,146,11633.49,Sell-in,T029
2025-08-01,OUT00075,Independent Pharmacy,Canal,P0007,ArthroRelief,Eta Pharma,759,141830.33,Sell-in,T017
2025-08-01,OUT00114,Hospital,Canal,P0005,Infecto,Epsilon Pharma,892,94552.43,Sell-in,T013
2025-08-01,OUT00066,Clinic,Giza,P0004,PainFree,Delta Pharma,542,23277.89,Sell-in,T028
2025-08-01,OUT00070,Independent Pharmacy,Canal,P0002,GlucoMax,Beta Pharma,701,116975.8,Sell-in,T020
2025-08-01,OUT00102,Chain Pharmacy,Cairo,P0003,Respira,Gamma Pharma,424,20767.06,Sell-in,T018
2025-08-01,OUT00051,Independent Pharmacy,Cairo,P0006,NeuroCalm,Zeta Pharma,312,38045.75,Sell-in,T030
2025-08-01,OUT00040,Chain Pharmacy,Alexandria,P0010,GastroEase,Kappa Pharma,158,14209.16,Sell-in,T025
2025-08-01,OUT00078,Chain Pharmacy,Delta,P0002,GlucoMax,Beta Pharma,178,7260.03,Sell-in,T003
2025-08-01,OUT00022,Chain Pharmacy,Giza,P0006,NeuroCalm,Zeta Pharma,847,124637.74,Sell-in,T007
2025-08-01,OUT00064,Clinic,Cairo,P0003,Respira,Gamma Pharma,196,14324.71,Sell-in,T024
2025-08-01,OUT00009,Chain Pharmacy,Alexandria,P0001,CardioSafe,Alpha Pharma,419,48105.53,Sell-in,T010
2025-08-01,OUT00026,Hospital,Upper Egypt,P0003,Respira,Gamma Pharma,224,40583.18,Sell-in,T024
2025-08-01,OUT00018,Clinic,Delta,P0003,Respira,Gamma Pharma,587,24735.78,Sell-in,T023
2025-08-01,OUT00103,Clinic,Cairo,P0002,GlucoMax,Beta Pharma,247,19589.24,Sell-in,T026
2025-08-01,OUT00052,Chain Pharmacy,Canal,P0005,Infecto,Epsilon Pharma,239,39058.33,Sell-in,T024
2025-08-01,OUT00097,Independent Pharmacy,Cairo,P0006,NeuroCalm,Zeta Pharma,877,105998.66,Sell-in,T028
2025-08-01,OUT00096,Independent Pharmacy,Alexandria,P0008,Dermacare,Theta Pharma,766,73640.06,Sell-in,T014
2025-08-01,OUT00019,Chain Pharmacy,Delta,P0004,PainFree,Delta Pharma,788,33507.4,Sell-in,T028
2025-08-01,OUT00024,Chain Pharmacy,Cairo,P0010,GastroEase,Kappa Pharma,167,10330.6,Sell-in,T023
2025-08-01,OUT00098,Clinic,Canal,P0008,Dermacare,Theta Pharma,56,2097.67,Sell-in,T028
2025-08-01,OUT00030,Clinic,Upper Egypt,P0008,Dermacare,Theta Pharma,418,21541.1,Sell-in,T005
2025-08-01,OUT00112,Hospital,Delta,P0001,CardioSafe,Alpha Pharma,629,66621.85,Sell-in,T002
2025-08-01,OUT00017,Clinic,Cairo,P0010,GastroEase,Kappa Pharma,434,57705.37,Sell-in,T026
2025-08-01,OUT00108,Clinic,Alexandria,P0003,Respira,Gamma Pharma,79,3258.81,Sell-in,T021
2025-08-01,OUT00008,Clinic,Canal,P0007,ArthroRelief,Eta Pharma,586,32978.87,Sell-in,T010
2025-08-01,OUT00063,Hospital,Canal,P0002,GlucoMax,Beta Pharma,452,30166.73,Sell-in,T011
2025-08-01,OUT00011,Clinic,Cairo,P0004,PainFree,Delta Pharma,862,23687.69,Sell-in,T005
2025-08-01,OUT00080,Clinic,Delta,P0004,PainFree,Delta Pharma,105,7426.06,Sell-in,T022
2025-08-01,OUT00086,Hospital,Giza,P0010,GastroEase,Kappa Pharma,70,1783.48,Sell-in,T019
2025-08-01,OUT00109,Chain Pharmacy,Giza,P0010,GastroEase,Kappa Pharma,240,38434.97,Sell-in,T023
2025-08-01,OUT00025,Chain Pharmacy,Cairo,P0008,Dermacare,Theta Pharma,337,60137.7,Sell-in,T028
2025-08-01,OUT00087,Clinic,Canal,P0005,Infecto,Epsilon Pharma,726,77149.19,Sell-in,T029
2025-08-01,OUT00004,Hospital,Delta,P0002,GlucoMax,Beta Pharma,133,13644.59,Sell-in,T009
2025-08-01,OUT00105,Hospital,Delta,P0006,NeuroCalm,Zeta Pharma,776,34993.74,Sell-in,T012
2025-08-01,OUT00116,Chain Pharmacy,Giza,P0004,PainFree,Delta Pharma,518,66476.13,Sell-in,T013
2025-08-01,OUT00050,Hospital,Cairo,P0002,GlucoMax,Beta Pharma,543,53294.43,Sell-in,T011
2025-08-01,OUT00117,Independent Pharmacy,Alexandria,P0004,PainFree,Delta Pharma,365,43075.23,Sell-in,T016
2025-08-01,OUT00007,Independent Pharmacy,Upper Egypt,P0010,GastroEase,Kappa Pharma,341,20663.09,Sell-in,T023
2025-08-01,OUT00053,Independent Pharmacy,Cairo,P0001,CardioSafe,Alpha Pharma,638,29287.26,Sell-in,T027
2025-08-01,OUT00082,Hospital,Delta,P0002,GlucoMax,Beta Pharma,851,48749.52,Sell-in,T025
2025-08-01,OUT00090,Clinic,Canal,P0006,NeuroCalm,Zeta Pharma,861,107411.07,Sell-in,T018
2025-08-01,OUT00085,Independent Pharmacy,Giza,P0003,Respira,Gamma Pharma,243,30842.24,Sell-in,T016
2025-08-01,OUT00118,Independent Pharmacy,Upper Egypt,P0007,ArthroRelief,Eta Pharma,239,11131.44,Sell-in,T003
2025-08-01,OUT00013,Hospital,Alexandria,P0003,Respira,Gamma Pharma,218,10784.17,Sell-in,T017
2025-08-01,OUT00081,Hospital,Upper Egypt,P0005,Infecto,Epsilon Pharma,109,2744.97,Sell-in,T008
2025-08-01,OUT00056,Chain Pharmacy,Upper Egypt,P0010,GastroEase,Kappa Pharma,326,31617.77,Sell-in,T013
2025-08-01,OUT00032,Chain Pharmacy,Giza,P0003,Respira,Gamma Pharma,397,45852.74,Sell-in,T014
2025-08-01,OUT00060,Clinic,Delta,P0002,GlucoMax,Beta Pharma,861,63793.62,Sell-in,T029
2025-08-01,OUT00076,Independent Pharmacy,Alexandria,P0007,ArthroRelief,Eta Pharma,879,68354.81,Sell-in,T028
2025-08-01,OUT00079,Clinic,Upper Egypt,P0010,GastroEase,Kappa Pharma,203,26712.54,Sell-in,T021
2025-08-01,OUT00074,Hospital,Cairo,P0004,PainFree,Delta Pharma,468,85596.82,Sell-in,T025
2025-08-01,OUT00120,Independent Pharmacy,Delta,P0001,CardioSafe,Alpha Pharma,189,21692.16,Sell-in,T025
2025-08-01,OUT00088,Chain Pharmacy,Upper Egypt,P0007,ArthroRelief,Eta Pharma,63,5468.82,Sell-in,T023
2025-08-01,OUT00113,Chain Pharmacy,Upper Egypt,P0004,PainFree,Delta Pharma,523,55496.89,Sell-in,T007
2025-08-01,OUT00041,Chain Pharmacy,Cairo,P0010,GastroEase,Kappa Pharma,190,27048.07,Sell-in,T017
2025-08-01,OUT00101,Chain Pharmacy,Alexandria,P0003,Respira,Gamma Pharma,867,97810.8,Sell-in,T026
2025-08-01,OUT00047,Clinic,Giza,P0009,LipiControl,Iota Pharma,452,17622.46,Sell-in,T021
2025-08-01,OUT00115,Chain Pharmacy,Giza,P0007,ArthroRelief,Eta Pharma,472,55550.21,Sell-in,T016
2025-08-01,OUT00069,Clinic,Cairo,P0008,Dermacare,Theta Pharma,156,19543.96,Sell-in,T021
2025-08-01,OUT00094,Hospital,Upper Egypt,P0008,Dermacare,Theta Pharma,610,82299.0,Sell-in,T010
2025-08-01,OUT00034,Clinic,Giza,P0001,CardioSafe,Alpha Pharma,155,27466.5,Sell-in,T019
2025-08-01,OUT00100,Independent Pharmacy,Upper Egypt,P0006,NeuroCalm,Zeta Pharma,825,104149.8,Sell-in,T026
2025-08-01,OUT00035,Hospital,Alexandria,P0006,NeuroCalm,Zeta Pharma,731,35421.72,Sell-in,T001
2025-08-01,OUT00015,Hospital,Giza,P0006,NeuroCalm,Zeta Pharma,829,99884.66,Sell-in,T027
2025-08-01,OUT00057,Chain Pharmacy,Upper Egypt,P0001,CardioSafe,Alpha Pharma,415,10531.86,Sell-in,T014
2025-09-01,OUT00005,Independent Pharmacy,Alexandria,P0003,Respira,Gamma Pharma,202,8896.25,Sell-in,T022
2025-09-01,OUT00080,Hospital,Cairo,P0004,PainFree,Delta Pharma,118,15048.83,Sell-in,T028
2025-09-01,OUT00086,Independent Pharmacy,Upper Egypt,P0009,LipiControl,Iota Pharma,679,31021.78,Sell-in,T007
2025-09-01,OUT00033,Chain Pharmacy,Giza,P0005,Infecto,Epsilon Pharma,867,115970.67,Sell-in,T014
2025-09-01,OUT00016,Independent Pharmacy,Alexandria,P0010,GastroEase,Kappa Pharma,821,89336.25,Sell-in,T020
2025-09-01,OUT00043,Hospital,Upper Egypt,P0003,Respira,Gamma Pharma,688,86645.61,Sell-in,T017
2025-09-01,OUT00110,Hospital,Upper Egypt,P0006,NeuroCalm,Zeta Pharma,600,103343.33,Sell-in,T020
2025-09-01,OUT00002,Hospital,Alexandria,P0006,NeuroCalm,Zeta Pharma,508,48056.26,Sell-in,T013
2025-09-01,OUT00051,Independent Pharmacy,Alexandria,P0007,ArthroRelief,Eta Pharma,377,21474.21,Sell-in,T024
2025-09-01,OUT00039,Chain Pharmacy,Giza,P0008,Dermacare,Theta Pharma,20,3194.42,Sell-in,T017
2025-09-01,OUT00116,Independent Pharmacy,Canal,P0004,PainFree,Delta Pharma,34,4033.04,Sell-in,T023
2025-09-01,OUT00067,Hospital,Canal,P0002,GlucoMax,Beta Pharma,400,57963.46,Sell-in,T023
2025-09-01,OUT00077,Independent Pharmacy,Giza,P0002,GlucoMax,Beta Pharma,61,3452.38,Sell-in,T015
2025-09-01,OUT00079,Clinic,Delta,P0010,GastroEase,Kappa Pharma,629,101665.85,Sell-in,T016
2025-09-01,OUT00008,Independent Pharmacy,Alexandria,P0004,PainFree,Delta Pharma,580,43821.94,Sell-in,T011
2025-09-01,OUT00061,Hospital,Giza,P0001,CardioSafe,Alpha Pharma,556,78259.52,Sell-in,T028
2025-09-01,OUT00107,Independent Pharmacy,Upper Egypt,P0004,PainFree,Delta Pharma,261,9391.81,Sell-in,T015
2025-09-01,OUT00047,Clinic,Upper Egypt,P0004,PainFree,Delta Pharma,326,27690.75,Sell-in,T023
2025-09-01,OUT00064,Chain Pharmacy,Cairo,P0006,NeuroCalm,Zeta Pharma,302,28437.81,Sell-in,T005
2025-09-01,OUT00106,Independent Pharmacy,Giza,P0007,ArthroRelief,Eta Pharma,288,19186.09,Sell-in,T017
2025-09-01,OUT00011,Hospital,Cairo,P0001,CardioSafe,Alpha Pharma,224,31603.92,Sell-in,T004
2025-09-01,OUT00085,Clinic,Giza,P0005,Infecto,Epsilon Pharma,407,58150.58,Sell-in,T018
2025-09-01,OUT00069,Independent Pharmacy,Cairo,P0004,PainFree,Delta Pharma,781,120853.8,Sell-in,T002
2025-09-01,OUT00037,Independent Pharmacy,Delta,P0005,Infecto,Epsilon Pharma,659,77355.09,Sell-in,T010
2025-09-01,OUT00053,Chain Pharmacy,Cairo,P0008,Dermacare,Theta Pharma,530,58459.3,Sell-in,T025
2025-09-01,OUT00009,Clinic,Upper Egypt,P0010,GastroEase,Kappa Pharma,378,33744.52,Sell-in,T027
2025-09-01,OUT00075,Clinic,Alexandria,P0002,GlucoMax,Beta Pharma,532,50287.44,Sell-in,T022
2025-09-01,OUT00076,Clinic,Alexandria,P0004,PainFree,Delta Pharma,765,129772.05,Sell-in,T018
2025-09-01,OUT00025,Hospital,Alexandria,P0009,LipiControl,Iota Pharma,108,17623.57,Sell-in,T028
2025-09-01,OUT00038,Chain Pharmacy,Canal,P0006,NeuroCalm,Zeta Pharma,646,114866.33,Sell-in,T013
2025-09-01,OUT00004,Chain Pharmacy,Canal,P0001,CardioSafe,Alpha Pharma,286,49760.48,Sell-in,T019
2025-09-01,OUT00093,Independent Pharmacy,Giza,P0008,Dermacare,Theta Pharma,830,76782.36,Sell-in,T012
2025-09-01,OUT00098,Chain Pharmacy,Alexandria,P0008,Dermacare,Theta Pharma,379,39662.18,Sell-in,T016
2025-09-01,OUT00089,Independent Pharmacy,Upper Egypt,P0010,GastroEase,Kappa Pharma,355,32521.95,Sell-in,T010
2025-09-01,OUT00096,Clinic,Canal,P0005,Infecto,Epsilon Pharma,583,90718.95,Sell-in,T012
2025-09-01,OUT00117,Chain Pharmacy,Upper Egypt,P0007,ArthroRelief,Eta Pharma,656,81405.31,Sell-in,T027
2025-09-01,OUT00082,Independent Pharmacy,Delta,P0003,Respira,Gamma Pharma,789,124734.54,Sell-in,T030
2025-09-01,OUT00097,Clinic,Cairo,P0010,GastroEase,Kappa Pharma,587,59809.15,Sell-in,T013
2025-09-01,OUT00091,Independent Pharmacy,Delta,P0002,GlucoMax,Beta Pharma,427,34815.19,Sell-in,T022
2025-09-01,OUT00019,Hospital,Upper Egypt,P0007,ArthroRelief,Eta Pharma,869,111864.78,Sell-in,T015
2025-09-01,OUT00065,Hospital,Cairo,P0003,Respira,Gamma Pharma,682,104963.98,Sell-in,T006
2025-09-01,OUT00055,Chain Pharmacy,Cairo,P0002,GlucoMax,Beta Pharma,756,115732.02,Sell-in,T005
2025-09-01,OUT00045,Chain Pharmacy,Cairo,P0008,Dermacare,Theta Pharma,380,27647.71,Sell-in,T016
2025-09-01,OUT00081,Independent Pharmacy,Giza,P0002,GlucoMax,Beta Pharma,271,35872.25,Sell-in,T023
2025-09-01,OUT00074,Independent Pharmacy,Canal,P0007,ArthroRelief,Eta Pharma,412,71864.77,Sell-in,T021
2025-09-01,OUT00015,Chain Pharmacy,Canal,P0003,Respira,Gamma Pharma,290,54121.8,Sell-in,T017
2025-09-01,OUT00104,Independent Pharmacy,Delta,P0009,LipiControl,Iota Pharma,187,10226.69,Sell-in,T007
2025-09-01,OUT00063,Hospital,Delta,P0002,GlucoMax,Beta Pharma,711,86153.99,Sell-in,T008
2025-09-01,OUT00115,Independent Pharmacy,Upper Egypt,P0006,NeuroCalm,Zeta Pharma,283,44678.35,Sell-in,T024
2025-09-01,OUT00028,Chain Pharmacy,Upper Egypt,P0010,GastroEase,Kappa Pharma,776,134994.32,Sell-in,T005
2025-09-01,OUT00020,Chain Pharmacy,Cairo,P0008,Dermacare,Theta Pharma,404,26411.97,Sell-in,T003
2025-09-01,OUT00057,Clinic,Alexandria,P0005,Infecto,Epsilon Pharma,645,17270.31,Sell-in,T020
2025-09-01,OUT00034,Chain Pharmacy,Alexandria,P0003,Respira,Gamma Pharma,695,60605.42,Sell-in,T029
2025-09-01,OUT00026,Chain Pharmacy,Upper Egypt,P0006,NeuroCalm,Zeta Pharma,62,8282.23,Sell-in,T029
2025-09-01,OUT00032,Chain Pharmacy,Giza,P0002,GlucoMax,Beta Pharma,752,133402.52,Sell-in,T012
2025-09-01,OUT00083,Independent Pharmacy,Canal,P0007,ArthroRelief,Eta Pharma,470,12608.2,Sell-in,T025
2025-09-01,OUT00103,Chain Pharmacy,Canal,P0004,PainFree,Delta Pharma,190,25533.44,Sell-in,T009
2025-09-01,OUT00023,Clinic,Canal,P0009,LipiControl,Iota Pharma,57,7630.12,Sell-in,T018
2025-09-01,OUT00021,Independent Pharmacy,Giza,P0003,Respira,Gamma Pharma,869,156739.47,Sell-in,T009
2025-09-01,OUT00044,Independent Pharmacy,Upper Egypt,P0010,GastroEase,Kappa Pharma,609,36768.64,Sell-in,T017
2025-09-01,OUT00101,Chain Pharmacy,Alexandria,P0006,NeuroCalm,Zeta Pharma,731,33131.38,Sell-in,T001
2025-09-01,OUT00062,Hospital,Giza,P0009,LipiControl,Iota Pharma,827,73251.01,Sell-in,T012
2025-09-01,OUT00100,Clinic,Cairo,P0006,NeuroCalm,Zeta Pharma,648,74852.9,Sell-in,T028
2025-09-01,OUT00070,Hospital,Giza,P0007,ArthroRelief,Eta Pharma,387,69978.6,Sell-in,T009
2025-09-01,OUT00036,Hospital,Alexandria,P0007,ArthroRelief,Eta Pharma,644,108739.62,Sell-in,T021
2025-09-01,OUT00084,Clinic,Alexandria,P0004,PainFree,Delta Pharma,400,53136.25,Sell-in,T009
2025-09-01,OUT00030,Chain Pharmacy,Delta,P0010,GastroEase,Kappa Pharma,583,98392.08,Sell-in,T007
2025-09-01,OUT00035,Chain Pharmacy,Giza,P0009,LipiControl,Iota Pharma,153,25126.09,Sell-in,T017
2025-09-01,OUT00003,Independent Pharmacy,Canal,P0002,GlucoMax,Beta Pharma,535,42028.77,Sell-in,T026
2025-09-01,OUT00095,Chain Pharmacy,Canal,P0003,Respira,Gamma Pharma,61,7904.88,Sell-in,T016
2025-09-01,OUT00119,Independent Pharmacy,Alexandria,P0001,CardioSafe,Alpha Pharma,503,49101.12,Sell-in,T005
2025-09-01,OUT00042,Independent Pharmacy,Alexandria,P0002,GlucoMax,Beta Pharma,565,84841.57,Sell-in,T028
2025-09-01,OUT00090,Chain Pharmacy,Delta,P0003,Respira,Gamma Pharma,566,67427.68,Sell-in,T008
2025-09-01,OUT00071,Independent Pharmacy,Canal,P0006,NeuroCalm,Zeta Pharma,296,33199.77,Sell-in,T013
2025-09-01,OUT00040,Independent Pharmacy,Alexandria,P0006,NeuroCalm,Zeta Pharma,491,61539.54,Sell-in,T006
2025-09-01,OUT00012,Independent Pharmacy,Alexandria,P0008,Dermacare,Theta Pharma,467,87443.08,Sell-in,T003
2025-09-01,OUT00022,Chain Pharmacy,Canal,P0004,PainFree,Delta Pharma,305,44533.38,Sell-in,T007
2025-09-01,OUT00048,Chain Pharmacy,Cairo,P0005,Infecto,Epsilon Pharma,535,73196.52,Sell-in,T029
2025-09-01,OUT00068,Independent Pharmacy,Giza,P0002,GlucoMax,Beta Pharma,162,23174.71,Sell-in,T024
2025-09-01,OUT00087,Clinic,Upper Egypt,P0010,GastroEase,Kappa Pharma,728,119387.19,Sell-in,T030
2025-10-01,OUT00010,Hospital,Canal,P0005,Infecto,Epsilon Pharma,504,54733.0,Sell-in,T010
2025-10-01,OUT00032,Hospital,Cairo,P0005,Infecto,Epsilon Pharma,279,17198.49,Sell-in,T023
2025-10-01,OUT00064,Hospital,Alexandria,P0009,LipiControl,Iota Pharma,829,37339.11,Sell-in,T021
2025-10-01,OUT00038,Clinic,Cairo,P0004,PainFree,Delta Pharma,614,108826.92,Sell-in,T020
2025-10-01,OUT00081,Hospital,Upper Egypt,P0009,LipiControl,Iota Pharma,684,101846.83,Sell-in,T013
2025-10-01,OUT00028,Independent Pharmacy,Upper Egypt,P0005,Infecto,Epsilon Pharma,57,4652.03,Sell-in,T023
2025-10-01,OUT00108,Hospital,Giza,P0006,NeuroCalm,Zeta Pharma,884,127431.53,Sell-in,T028
2025-10-01,OUT00074,Hospital,Giza,P0002,GlucoMax,Beta Pharma,173,24375.94,Sell-in,T001
2025-10-01,OUT00005,Independent Pharmacy,Upper Egypt,P0001,CardioSafe,Alpha Pharma,602,76330.2,Sell-in,T009
2025-10-01,OUT00080,Hospital,Giza,P0008,Dermacare,Theta Pharma,865,21974.54,Sell-in,T022
2025-10-01,OUT00103,Hospital,Delta,P0008,Dermacare,Theta Pharma,869,123368.82,Sell-in,T025
2025-10-01,OUT00044,Independent Pharmacy,Alexandria,P0005,Infecto,Epsilon Pharma,519,14709.08,Sell-in,T019
2025-10-01,OUT00117,Clinic,Alexandria,P0010,GastroEase,Kappa Pharma,42,1744.2,Sell-in,T029
2025-10-01,OUT00113,Chain Pharmacy,Upper Egypt,P0008,Dermacare,Theta Pharma,535,62673.19,Sell-in,T003
2025-10-01,OUT00040,Chain Pharmacy,Canal,P0004,PainFree,Delta Pharma,717,86568.12,Sell-in,T007
2025-10-01,OUT00051,Hospital,Giza,P0008,Dermacare,Theta Pharma,150,19764.99,Sell-in,T027
2025-10-01,OUT00025,Independent Pharmacy,Giza,P0002,GlucoMax,Beta Pharma,440,48737.29,Sell-in,T026
2025-10-01,OUT00073,Independent Pharmacy,Upper Egypt,P0002,GlucoMax,Beta Pharma,634,91963.67,Sell-in,T019
2025-10-01,OUT00013,Chain Pharmacy,Delta,P0002,GlucoMax,Beta Pharma,235,44229.02,Sell-in,T014
2025-10-01,OUT00105,Hospital,Upper Egypt,P0006,NeuroCalm,Zeta Pharma,130,7403.48,Sell-in,T024
2025-10-01,OUT00089,Independent Pharmacy,Alexandria,P0005,Infecto,Epsilon Pharma,491,70347.81,Sell-in,T001
2025-10-01,OUT00085,Chain Pharmacy,Giza,P0005,Infecto,Epsilon Pharma,492,41389.01,Sell-in,T001
2025-10-01,OUT00054,Independent Pharmacy,Cairo,P0006,NeuroCalm,Zeta Pharma,691,68747.8,Sell-in,T006
2025-10-01,OUT00062,Chain Pharmacy,Alexandria,P0001,CardioSafe,Alpha Pharma,620,90940.28,Sell-in,T014
2025-10-01,OUT00049,Chain Pharmacy,Giza,P0003,Respira,Gamma Pharma,841,158814.76,Sell-in,T002
2025-10-01,OUT00045,Clinic,Delta,P0008,Dermacare,Theta Pharma,582,42331.87,Sell-in,T028
2025-10-01,OUT00092,Independent Pharmacy,Giza,P0003,Respira,Gamma Pharma,460,37873.36,Sell-in,T016
2025-10-01,OUT00097,Independent Pharmacy,Delta,P0009,LipiControl,Iota Pharma,807,99983.7,Sell-in,T001
2025-10-01,OUT00078,Independent Pharmacy,Alexandria,P0001,CardioSafe,Alpha Pharma,372,10349.86,Sell-in,T029
2025-10-01,OUT00063,Hospital,Canal,P0008,Dermacare,Theta Pharma,505,59076.61,Sell-in,T010
2025-10-01,OUT00022,Hospital,Canal,P0004,PainFree,Delta Pharma,262,33002.16,Sell-in,T002
2025-10-01,OUT00066,Clinic,Cairo,P0007,ArthroRelief,Eta Pharma,522,83920.3,Sell-in,T021
2025-10-01,OUT00031,Clinic,Cairo,P0002,GlucoMax,Beta Pharma,613,75440.84,Sell-in,T012
2025-10-01,OUT00098,Hospital,Delta,P0007,ArthroRelief,Eta Pharma,462,45627.34,Sell-in,T014
2025-10-01,OUT00087,Independent Pharmacy,Alexandria,P0010,GastroEase,Kappa Pharma,524,39609.29,Sell-in,T001
2025-10-01,OUT00017,Independent Pharmacy,Cairo,P0003,Respira,Gamma Pharma,283,11208.13,Sell-in,T030
2025-10-01,OUT00079,Clinic,Alexandria,P0006,NeuroCalm,Zeta Pharma,452,49850.34,Sell-in,T011
2025-10-01,OUT00003,Clinic,Cairo,P0007,ArthroRelief,Eta Pharma,594,55591.84,Sell-in,T007
2025-10-01,OUT00053,Clinic,Giza,P0005,Infecto,Epsilon Pharma,336,16030.76,Sell-in,T004
2025-10-01,OUT00060,Chain Pharmacy,Alexandria,P0001,CardioSafe,Alpha Pharma,755,83752.03,Sell-in,T004
2025-10-01,OUT00076,Independent Pharmacy,Canal,P0006,NeuroCalm,Zeta Pharma,667,40168.15,Sell-in,T012
2025-10-01,OUT00104,Chain Pharmacy,Cairo,P0008,Dermacare,Theta Pharma,732,32211.45,Sell-in,T017
2025-10-01,OUT00109,Chain Pharmacy,Delta,P0006,NeuroCalm,Zeta Pharma,183,5345.65,Sell-in,T029
2025-10-01,OUT00100,Independent Pharmacy,Giza,P0009,LipiControl,Iota Pharma,249,12534.39,Sell-in,T020
2025-10-01,OUT00019,Hospital,Alexandria,P0010,GastroEase,Kappa Pharma,754,20357.96,Sell-in,T028
2025-10-01,OUT00037,Chain Pharmacy,Delta,P0002,GlucoMax,Beta Pharma,644,120958.02,Sell-in,T001
2025-10-01,OUT00110,Independent Pharmacy,Delta,P0008,Dermacare,Theta Pharma,295,9439.15,Sell-in,T028
2025-10-01,OUT00041,Hospital,Canal,P0003,Respira,Gamma Pharma,657,84557.97,Sell-in,T029
2025-10-01,OUT00021,Clinic,Giza,P0006,NeuroCalm,Zeta Pharma,853,97652.46,Sell-in,T020
2025-10-01,OUT00072,Hospital,Canal,P0004,PainFree,Delta Pharma,875,35929.26,Sell-in,T018
2025-10-01,OUT00011,Chain Pharmacy,Giza,P0010,GastroEase,Kappa Pharma,417,43585.53,Sell-in,T029
2025-10-01,OUT00112,Clinic,Delta,P0005,Infecto,Epsilon Pharma,30,4330.21,Sell-in,T005
2025-10-01,OUT00111,Clinic,Upper Egypt,P0003,Respira,Gamma Pharma,363,26402.48,Sell-in,T028
2025-10-01,OUT00071,Clinic,Alexandria,P0001,CardioSafe,Alpha Pharma,217,19893.67,Sell-in,T003
2025-10-01,OUT00029,Chain Pharmacy,Cairo,P0003,Respira,Gamma Pharma,210,38767.0,Sell-in,T016
2025-10-01,OUT00068,Hospital,Delta,P0001,CardioSafe,Alpha Pharma,887,107281.9,Sell-in,T026
2025-10-01,OUT00101,Hospital,Delta,P0001,CardioSafe,Alpha Pharma,50,1605.13,Sell-in,T016
2025-10-01,OUT00116,Clinic,Alexandria,P0008,Dermacare,Theta Pharma,378,15477.77,Sell-in,T013
2025-10-01,OUT00015,Chain Pharmacy,Alexandria,P0002,GlucoMax,Beta Pharma,536,21913.98,Sell-in,T021
2025-10-01,OUT00023,Chain Pharmacy,Giza,P0008,Dermacare,Theta Pharma,658,73670.33,Sell-in,T023
2025-10-01,OUT00018,Hospital,Delta,P0006,NeuroCalm,Zeta Pharma,830,119915.82,Sell-in,T011
2025-10-01,OUT00001,Chain Pharmacy,Upper Egypt,P0010,GastroEase,Kappa Pharma,651,83199.59,Sell-in,T004
2025-10-01,OUT00120,Clinic,Giza,P0008,Dermacare,Theta Pharma,306,50087.11,Sell-in,T014
2025-10-01,OUT00030,Clinic,Upper Egypt,P0001,CardioSafe,Alpha Pharma,515,84498.41,Sell-in,T017
2025-10-01,OUT00057,Clinic,Canal,P0008,Dermacare,Theta Pharma,856,133500.49,Sell-in,T016
2025-10-01,OUT00083,Chain Pharmacy,Alexandria,P0004,PainFree,Delta Pharma,448,28428.22,Sell-in,T001
2025-10-01,OUT00107,Clinic,Giza,P0001,CardioSafe,Alpha Pharma,129,6597.37,Sell-in,T030
2025-10-01,OUT00084,Independent Pharmacy,Canal,P0008,Dermacare,Theta Pharma,539,95260.61,Sell-in,T006
2025-10-01,OUT00091,Independent Pharmacy,Upper Egypt,P0010,GastroEase,Kappa Pharma,123,15539.21,Sell-in,T006
2025-10-01,OUT00048,Clinic,Alexandria,P0007,ArthroRelief,Eta Pharma,883,81271.98,Sell-in,T012
2025-10-01,OUT00075,Clinic,Canal,P0010,GastroEase,Kappa Pharma,634,22074.38,Sell-in,T004
2025-10-01,OUT00055,Independent Pharmacy,Cairo,P0002,GlucoMax,Beta Pharma,806,122186.48,Sell-in,T009
2025-10-01,OUT00035,Hospital,Upper Egypt,P0009,LipiControl,Iota Pharma,831,65793.87,Sell-in,T002
2025-10-01,OUT00008,Independent Pharmacy,Upper Egypt,P0005,Infecto,Epsilon Pharma,20,2574.66,Sell-in,T017
2025-10-01,OUT00006,Hospital,Giza,P0004,PainFree,Delta Pharma,359,22364.47,Sell-in,T005
2025-10-01,OUT00026,Hospital,Canal,P0002,GlucoMax,Beta Pharma,212,12270.48,Sell-in,T023
2025-10-01,OUT00094,Independent Pharmacy,Delta,P0007,ArthroRelief,Eta Pharma,210,13700.77,Sell-in,T022
2025-10-01,OUT00004,Clinic,Canal,P0002,GlucoMax,Beta Pharma,98,16339.34,Sell-in,T008
2025-10-01,OUT00059,Clinic,Alexandria,P0001,CardioSafe,Alpha Pharma,493,19226.86,Sell-in,T006
2025-10-01,OUT00042,Independent Pharmacy,Cairo,P0008,Dermacare,Theta Pharma,374,12759.65,Sell-in,T022
2025-11-01,OUT00070,Clinic,Canal,P0004,PainFree,Delta Pharma,157,10876.82,Sell-in,T015
2025-11-01,OUT00110,Independent Pharmacy,Delta,P0001,CardioSafe,Alpha Pharma,74,14027.4,Sell-in,T013
2025-11-01,OUT00093,Chain Pharmacy,Giza,P0002,GlucoMax,Beta Pharma,581,85465.07,Sell-in,T013
2025-11-01,OUT00018,Clinic,Canal,P0010,GastroEase,Kappa Pharma,816,138600.23,Sell-in,T004
2025-11-01,OUT00040,Independent Pharmacy,Upper Egypt,P0002,GlucoMax,Beta Pharma,219,7156.42,Sell-in,T029
2025-11-01,OUT00031,Hospital,Cairo,P0007,ArthroRelief,Eta Pharma,789,75332.71,Sell-in,T024
2025-11-01,OUT00009,Hospital,Alexandria,P0009,LipiControl,Iota Pharma,339,57473.14,Sell-in,T016
2025-11-01,OUT00115,Chain Pharmacy,Canal,P0003,Respira,Gamma Pharma,675,96271.86,Sell-in,T009
2025-11-01,OUT00050,Clinic,Delta,P0001,CardioSafe,Alpha Pharma,372,45451.52,Sell-in,T005
2025-11-01,OUT00044,Hospital,Delta,P0003,Respira,Gamma Pharma,419,11836.53,Sell-in,T023
2025-11-01,OUT00011,Chain Pharmacy,Canal,P0001,CardioSafe,Alpha Pharma,816,146947.51,Sell-in,T025
2025-11-01,OUT00062,Chain Pharmacy,Giza,P0009,LipiControl,Iota Pharma,588,23128.28,Sell-in,T014
2025-11-01,OUT00118,Hospital,Canal,P0005,Infecto,Epsilon Pharma,767,142204.21,Sell-in,T018
2025-11-01,OUT00022,Chain Pharmacy,Delta,P0004,PainFree,Delta Pharma,585,76083.46,Sell-in,T013
2025-11-01,OUT00028,Hospital,Canal,P0005,Infecto,Epsilon Pharma,64,10886.9,Sell-in,T007
2025-11-01,OUT00087,Independent Pharmacy,Upper Egypt,P0007,ArthroRelief,Eta Pharma,534,38538.74,Sell-in,T004
2025-11-01,OUT00071,Chain Pharmacy,Giza,P0003,Respira,Gamma Pharma,648,121999.39,Sell-in,T028
2025-11-01,OUT00085,Independent Pharmacy,Upper Egypt,P0002,GlucoMax,Beta Pharma,635,32738.85,Sell-in,T017
2025-11-01,OUT00104,Independent Pharmacy,Upper Egypt,P0009,LipiControl,Iota Pharma,718,119610.63,Sell-in,T018
2025-11-01,OUT00019,Independent Pharmacy,Cairo,P0004,PainFree,Delta Pharma,450,20285.7,Sell-in,T030
2025-11-01,OUT00026,Clinic,Canal,P0005,Infecto,Epsilon Pharma,130,21652.65,Sell-in,T013
2025-11-01,OUT00063,Hospital,Delta,P0004,PainFree,Delta Pharma,749,125088.98,Sell-in,T020
2025-11-01,OUT00003,Clinic,Alexandria,P0009,LipiControl,Iota Pharma,626,28221.28,Sell-in,T028
2025-11-01,OUT00017,Hospital,Canal,P0002,GlucoMax,Beta Pharma,244,39476.67,Sell-in,T026
2025-11-01,OUT00081,Hospital,Alexandria,P0004,PainFree,Delta Pharma,25,3310.42,Sell-in,T004
2025-11-01,OUT00057,Clinic,Giza,P0009,LipiControl,Iota Pharma,476,77878.88,Sell-in,T023
2025-11-01,OUT00023,Clinic,Canal,P0002,GlucoMax,Beta Pharma,716,70807.99,Sell-in,T011
2025-11-01,OUT00012,Independent Pharmacy,Cairo,P0006,NeuroCalm,Zeta Pharma,89,6045.31,Sell-in,T019
2025-11-01,OUT00005,Independent Pharmacy,Alexandria,P0007,ArthroRelief,Eta Pharma,632,75230.55,Sell-in,T004
2025-11-01,OUT00056,Chain Pharmacy,Cairo,P0003,Respira,Gamma Pharma,45,8167.88,Sell-in,T014
2025-11-01,OUT00027,Hospital,Giza,P0010,GastroEase,Kappa Pharma,98,16215.37,Sell-in,T017
2025-11-01,OUT00075,Clinic,Giza,P0005,Infecto,Epsilon Pharma,784,20608.0,Sell-in,T015
2025-11-01,OUT00041,Hospital,Canal,P0005,Infecto,Epsilon Pharma,772,56246.57,Sell-in,T028
2025-11-01,OUT00024,Clinic,Upper Egypt,P0005,Infecto,Epsilon Pharma,748,30742.38,Sell-in,T013
2025-11-01,OUT00078,Chain Pharmacy,Giza,P0004,PainFree,Delta Pharma,213,39517.53,Sell-in,T013
2025-11-01,OUT00015,Independent Pharmacy,Canal,P0009,LipiControl,Iota Pharma,617,40552.94,Sell-in,T016
2025-11-01,OUT00008,Chain Pharmacy,Cairo,P0001,CardioSafe,Alpha Pharma,851,149879.09,Sell-in,T020
2025-11-01,OUT00033,Clinic,Alexandria,P0007,ArthroRelief,Eta Pharma,32,1574.47,Sell-in,T002
2025-11-01,OUT00106,Chain Pharmacy,Delta,P0002,GlucoMax,Beta Pharma,721,133761.18,Sell-in,T001
2025-11-01,OUT00037,Hospital,Alexandria,P0004,PainFree,Delta Pharma,382,32467.75,Sell-in,T029
2025-11-01,OUT00111,Clinic,Delta,P0003,Respira,Gamma Pharma,826,137787.03,Sell-in,T003
2025-11-01,OUT00049,Clinic,Upper Egypt,P0008,Dermacare,Theta Pharma,178,6660.32,Sell-in,T001
2025-11-01,OUT00082,Clinic,Giza,P0003,Respira,Gamma Pharma,73,8835.36,Sell-in,T009
2025-11-01,OUT00100,Independent Pharmacy,Canal,P0009,LipiControl,Iota Pharma,135,7612.0,Sell-in,T016
2025-11-01,OUT00119,Hospital,Delta,P0005,Infecto,Epsilon Pharma,496,61527.57,Sell-in,T022
2025-11-01,OUT00066,Chain Pharmacy,Delta,P0008,Dermacare,Theta Pharma,191,25857.2,Sell-in,T015
2025-11-01,OUT00035,Independent Pharmacy,Alexandria,P0006,NeuroCalm,Zeta Pharma,284,30318.79,Sell-in,T018
2025-11-01,OUT00091,Chain Pharmacy,Giza,P0010,GastroEase,Kappa Pharma,317,51011.44,Sell-in,T001
2025-11-01,OUT00109,Independent Pharmacy,Canal,P0005,Infecto,Epsilon Pharma,633,25689.04,Sell-in,T003
2025-11-01,OUT00054,Independent Pharmacy,Giza,P0008,Dermacare,Theta Pharma,20,3715.19,Sell-in,T027
2025-11-01,OUT00059,Independent Pharmacy,Upper Egypt,P0001,CardioSafe,Alpha Pharma,693,99758.75,Sell-in,T030
2025-11-01,OUT00101,Chain Pharmacy,Delta,P0008,Dermacare,Theta Pharma,380,48926.85,Sell-in,T017
2025-11-01,OUT00083,Independent Pharmacy,Cairo,P0005,Infecto,Epsilon Pharma,544,51767.53,Sell-in,T003
2025-11-01,OUT00004,Chain Pharmacy,Upper Egypt,P0007,ArthroRelief,Eta Pharma,766,124266.43,Sell-in,T026
2025-11-01,OUT00108,Chain Pharmacy,Canal,P0007,ArthroRelief,Eta Pharma,451,55933.34,Sell-in,T010
2025-11-01,OUT00067,Chain Pharmacy,Giza,P0010,GastroEase,Kappa Pharma,208,23003.14,Sell-in,T017
2025-11-01,OUT00120,Independent Pharmacy,Delta,P0008,Dermacare,Theta Pharma,716,108396.03,Sell-in,T027
2025-11-01,OUT00016,Hospital,Upper Egypt,P0004,PainFree,Delta Pharma,634,61435.36,Sell-in,T025
2025-11-01,OUT00113,Hospital,Upper Egypt,P0009,LipiControl,Iota Pharma,453,53807.12,Sell-in,T015
2025-11-01,OUT00006,Chain Pharmacy,Delta,P0005,Infecto,Epsilon Pharma,401,51867.82,Sell-in,T014
2025-11-01,OUT00021,Independent Pharmacy,Canal,P0005,Infecto,Epsilon Pharma,268,45548.45,Sell-in,T022
2025-11-01,OUT00096,Hospital,Giza,P0010,GastroEase,Kappa Pharma,715,67977.78,Sell-in,T006
2025-11-01,OUT00055,Clinic,Canal,P0002,GlucoMax,Beta Pharma,39,4735.42,Sell-in,T006
2025-11-01,OUT00013,Hospital,Canal,P0007,ArthroRelief,Eta Pharma,117,14149.33,Sell-in,T028
2025-11-01,OUT00034,Chain Pharmacy,Delta,P0009,LipiControl,Iota Pharma,424,27252.79,Sell-in,T005
2025-11-01,OUT00116,Chain Pharmacy,Canal,P0006,NeuroCalm,Zeta Pharma,479,55006.34,Sell-in,T004
2025-11-01,OUT00079,Clinic,Canal,P0009,LipiControl,Iota Pharma,443,62752.96,Sell-in,T010
2025-11-01,OUT00053,Chain Pharmacy,Alexandria,P0006,NeuroCalm,Zeta Pharma,591,66622.1,Sell-in,T030
2025-11-01,OUT00043,Chain Pharmacy,Cairo,P0009,LipiControl,Iota Pharma,209,9735.8,Sell-in,T001
2025-11-01,OUT00074,Hospital,Cairo,P0008,Dermacare,Theta Pharma,650,100566.89,Sell-in,T022
2025-11-01,OUT00001,Chain Pharmacy,Cairo,P0003,Respira,Gamma Pharma,330,37757.04,Sell-in,T027
2025-11-01,OUT00010,Hospital,Alexandria,P0006,NeuroCalm,Zeta Pharma,673,18621.21,Sell-in,T010
2025-11-01,OUT00094,Clinic,Giza,P0001,CardioSafe,Alpha Pharma,425,28888.67,Sell-in,T017
2025-11-01,OUT00077,Clinic,Giza,P0007,ArthroRelief,Eta Pharma,396,50515.85,Sell-in,T027
2025-11-01,OUT00088,Independent Pharmacy,Canal,P0007,ArthroRelief,Eta Pharma,496,58928.8,Sell-in,T026
2025-11-01,OUT00105,Hospital,Cairo,P0007,ArthroRelief,Eta Pharma,258,39720.76,Sell-in,T024
2025-11-01,OUT00045,Chain Pharmacy,Alexandria,P0004,PainFree,Delta Pharma,532,83858.16,Sell-in,T006
2025-11-01,OUT00069,Chain Pharmacy,Cairo,P0004,PainFree,Delta Pharma,128,7258.07,Sell-in,T025
2025-11-01,OUT00095,Independent Pharmacy,Upper Egypt,P0010,GastroEase,Kappa Pharma,220,13870.11,Sell-in,T010
2025-11-01,OUT00032,Hospital,Cairo,P0006,NeuroCalm,Zeta Pharma,540,20707.8,Sell-in,T028
2025-12-01,OUT00072,Hospital,Canal,P0002,GlucoMax,Beta Pharma,669,41968.24,Sell-in,T023
2025-12-01,OUT00120,Independent Pharmacy,Upper Egypt,P0007,ArthroRelief,Eta Pharma,374,65262.91,Sell-in,T030
2025-12-01,OUT00093,Chain Pharmacy,Alexandria,P0010,GastroEase,Kappa Pharma,815,34715.08,Sell-in,T023
2025-12-01,OUT00042,Hospital,Giza,P0008,Dermacare,Theta Pharma,506,78706.15,Sell-in,T004
2025-12-01,OUT00021,Chain Pharmacy,Giza,P0006,NeuroCalm,Zeta Pharma,316,51754.44,Sell-in,T007
2025-12-01,OUT00016,Chain Pharmacy,Giza,P0009,LipiControl,Iota Pharma,476,69382.96,Sell-in,T016
2025-12-01,OUT00085,Hospital,Upper Egypt,P0001,CardioSafe,Alpha Pharma,818,64930.13,Sell-in,T007
2025-12-01,OUT00025,Hospital,Cairo,P0003,Respira,Gamma Pharma,422,13209.99,Sell-in,T024
2025-12-01,OUT00061,Independent Pharmacy,Giza,P0007,ArthroRelief,Eta Pharma,484,61825.0,Sell-in,T025
2025-12-01,OUT00033,Independent Pharmacy,Cairo,P0001,CardioSafe,Alpha Pharma,509,39944.62,Sell-in,T021
2025-12-01,OUT00091,Clinic,Giza,P0008,Dermacare,Theta Pharma,380,35608.49,Sell-in,T015
2025-12-01,OUT00099,Chain Pharmacy,Cairo,P0004,PainFree,Delta Pharma,297,25055.77,Sell-in,T011
2025-12-01,OUT00092,Hospital,Giza,P0002,GlucoMax,Beta Pharma,832,31800.8,Sell-in,T006
2025-12-01,OUT00078,Clinic,Delta,P0010,GastroEase,Kappa Pharma,199,15091.77,Sell-in,T009
2025-12-01,OUT00106,Chain Pharmacy,Cairo,P0003,Respira,Gamma Pharma,886,112332.96,Sell-in,T028
2025-12-01,OUT00046,Hospital,Delta,P0008,Dermacare,Theta Pharma,633,80047.8,Sell-in,T024
2025-12-01,OUT00032,Clinic,Cairo,P0009,LipiControl,Iota Pharma,554,64310.69,Sell-in,T017
2025-12-01,OUT00062,Independent Pharmacy,Upper Egypt,P0004,PainFree,Delta Pharma,861,31460.97,Sell-in,T011
2025-12-01,OUT00044,Clinic,Alexandria,P0009,LipiControl,Iota Pharma,249,9722.04,Sell-in,T018
2025-12-01,OUT00001,Hospital,Alexandria,P0004,PainFree,Delta Pharma,715,66012.66,Sell-in,T016
2025-12-01,OUT00113,Clinic,Delta,P0002,GlucoMax,Beta Pharma,820,99380.41,Sell-in,T023
2025-12-01,OUT00065,Independent Pharmacy,Upper Egypt,P0002,GlucoMax,Beta Pharma,753,123632.38,Sell-in,T016
2025-12-01,OUT00083,Chain Pharmacy,Giza,P0003,Respira,Gamma Pharma,464,64874.42,Sell-in,T021
2025-12-01,OUT00020,Hospital,Delta,P0008,Dermacare,Theta Pharma,327,48380.16,Sell-in,T004
2025-12-01,OUT00058,Hospital,Delta,P0008,Dermacare,Theta Pharma,269,41942.67,Sell-in,T007
2025-12-01,OUT00081,Chain Pharmacy,Alexandria,P0005,Infecto,Epsilon Pharma,535,58507.22,Sell-in,T021
2025-12-01,OUT00119,Hospital,Canal,P0005,Infecto,Epsilon Pharma,595,24266.43,Sell-in,T019
2025-12-01,OUT00045,Hospital,Canal,P0008,Dermacare,Theta Pharma,889,73118.03,Sell-in,T004
2025-12-01,OUT00004,Chain Pharmacy,Cairo,P0005,Infecto,Epsilon Pharma,891,50931.78,Sell-in,T021
2025-12-01,OUT00012,Hospital,Cairo,P0009,LipiControl,Iota Pharma,781,54318.69,Sell-in,T007
2025-12-01,OUT00035,Hospital,Alexandria,P0002,GlucoMax,Beta Pharma,799,150798.65,Sell-in,T021
2025-12-01,OUT00031,Clinic,Giza,P0003,Respira,Gamma Pharma,300,20232.56,Sell-in,T023
2025-12-01,OUT00006,Clinic,Canal,P0005,Infecto,Epsilon Pharma,511,40738.75,Sell-in,T019
2025-12-01,OUT00052,Hospital,Canal,P0007,ArthroRelief,Eta Pharma,62,5400.38,Sell-in,T014
2025-12-01,OUT00054,Hospital,Alexandria,P0001,CardioSafe,Alpha Pharma,412,76395.14,Sell-in,T028
2025-12-01,OUT00095,Hospital,Upper Egypt,P0010,GastroEase,Kappa Pharma,710,53897.12,Sell-in,T023
2025-12-01,OUT00043,Hospital,Upper Egypt,P0006,NeuroCalm,Zeta Pharma,538,52599.36,Sell-in,T011
2025-12-01,OUT00019,Hospital,Upper Egypt,P0005,Infecto,Epsilon Pharma,291,45383.68,Sell-in,T022
2025-12-01,OUT00011,Chain Pharmacy,Giza,P0010,GastroEase,Kappa Pharma,754,53245.58,Sell-in,T016
2025-12-01,OUT00038,Independent Pharmacy,Canal,P0007,ArthroRelief,Eta Pharma,400,71886.31,Sell-in,T005
2025-12-01,OUT00114,Chain Pharmacy,Delta,P0005,Infecto,Epsilon Pharma,684,34028.81,Sell-in,T004
2025-12-01,OUT00075,Independent Pharmacy,Delta,P0003,Respira,Gamma Pharma,397,40339.12,Sell-in,T030
2025-12-01,OUT00086,Clinic,Alexandria,P0003,Respira,Gamma Pharma,459,76706.75,Sell-in,T019
2025-12-01,OUT00017,Chain Pharmacy,Giza,P0001,CardioSafe,Alpha Pharma,500,83679.3,Sell-in,T012
2025-12-01,OUT00080,Clinic,Giza,P0004,PainFree,Delta Pharma,706,88082.22,Sell-in,T014
2025-12-01,OUT00110,Independent Pharmacy,Giza,P0005,Infecto,Epsilon Pharma,873,41273.87,Sell-in,T012
2025-12-01,OUT00088,Hospital,Upper Egypt,P0004,PainFree,Delta Pharma,835,82878.04,Sell-in,T027
2025-12-01,OUT00023,Hospital,Delta,P0005,Infecto,Epsilon Pharma,726,116066.56,Sell-in,T002
2025-12-01,OUT00005,Chain Pharmacy,Canal,P0001,CardioSafe,Alpha Pharma,434,70345.29,Sell-in,T030
2025-12-01,OUT00024,Clinic,Giza,P0003,Respira,Gamma Pharma,87,2808.45,Sell-in,T010
2025-12-01,OUT00002,Clinic,Giza,P0007,ArthroRelief,Eta Pharma,684,70094.28,Sell-in,T005
2025-12-01,OUT00049,Chain Pharmacy,Upper Egypt,P0008,Dermacare,Theta Pharma,714,39904.29,Sell-in,T009
2025-12-01,OUT00100,Clinic,Alexandria,P0010,GastroEase,Kappa Pharma,480,34817.95,Sell-in,T018
2025-12-01,OUT00007,Chain Pharmacy,Giza,P0008,Dermacare,Theta Pharma,478,53724.29,Sell-in,T022
2025-12-01,OUT00111,Independent Pharmacy,Delta,P0008,Dermacare,Theta Pharma,256,30028.46,Sell-in,T007
2025-12-01,OUT00103,Chain Pharmacy,Cairo,P0001,CardioSafe,Alpha Pharma,344,39247.16,Sell-in,T021
2025-12-01,OUT00082,Chain Pharmacy,Upper Egypt,P0006,NeuroCalm,Zeta Pharma,387,39648.88,Sell-in,T030
2025-12-01,OUT00055,Independent Pharmacy,Cairo,P0002,GlucoMax,Beta Pharma,883,58179.52,Sell-in,T011
2025-12-01,OUT00008,Hospital,Alexandria,P0005,Infecto,Epsilon Pharma,617,83457.14,Sell-in,T001
2025-12-01,OUT00048,Clinic,Cairo,P0006,NeuroCalm,Zeta Pharma,202,32879.24,Sell-in,T010
2025-12-01,OUT00079,Hospital,Cairo,P0003,Respira,Gamma Pharma,594,31052.76,Sell-in,T008
2025-12-01,OUT00098,Independent Pharmacy,Upper Egypt,P0005,Infecto,Epsilon Pharma,726,52282.32,Sell-in,T028
2025-12-01,OUT00089,Clinic,Upper Egypt,P0003,Respira,Gamma Pharma,107,4719.22,Sell-in,T030
2025-12-01,OUT00018,Chain Pharmacy,Delta,P0007,ArthroRelief,Eta Pharma,617,38514.76,Sell-in,T010
2025-12-01,OUT00101,Clinic,Cairo,P0002,GlucoMax,Beta Pharma,135,7264.51,Sell-in,T020
2025-12-01,OUT00084,Hospital,Cairo,P0007,ArthroRelief,Eta Pharma,223,22156.89,Sell-in,T016
2025-12-01,OUT00015,Chain Pharmacy,Delta,P0007,ArthroRelief,Eta Pharma,552,58349.93,Sell-in,T012
2025-12-01,OUT00051,Hospital,Upper Egypt,P0004,PainFree,Delta Pharma,272,37357.85,Sell-in,T028
2025-12-01,OUT00056,Independent Pharmacy,Giza,P0008,Dermacare,Theta Pharma,43,4283.57,Sell-in,T028
2025-12-01,OUT00034,Chain Pharmacy,Canal,P0010,GastroEase,Kappa Pharma,415,16213.26,Sell-in,T020
2025-12-01,OUT00087,Clinic,Upper Egypt,P0003,Respira,Gamma Pharma,783,139922.16,Sell-in,T018
2025-12-01,OUT00097,Chain Pharmacy,Canal,P0008,Dermacare,Theta Pharma,190,18410.07,Sell-in,T024
2025-12-01,OUT00060,Chain Pharmacy,Upper Egypt,P0004,PainFree,Delta Pharma,360,63197.15,Sell-in,T024
2025-12-01,OUT00003,Hospital,Giza,P0001,CardioSafe,Alpha Pharma,749,41207.4,Sell-in,T019
2025-12-01,OUT00094,Chain Pharmacy,Upper Egypt,P0010,GastroEase,Kappa Pharma,406,24958.48,Sell-in,T005
2025-12-01,OUT00029,Hospital,Cairo,P0001,CardioSafe,Alpha Pharma,465,63824.6,Sell-in,T019
2025-12-01,OUT00112,Hospital,Delta,P0004,PainFree,Delta Pharma,716,131893.21,Sell-in,T028
2025-12-01,OUT00069,Hospital,Canal,P0001,CardioSafe,Alpha Pharma,798,115423.49,Sell-in,T024
2025-12-01,OUT00068,Clinic,Upper Egypt,P0004,PainFree,Delta Pharma,362,33870.78,Sell-in,T006
2025-12-01,OUT00028,Hospital,Alexandria,P0009,LipiControl,Iota Pharma,230,38230.98,Sell-in,T016
